timestamp,open,high,low,close,volume,age,quality
2026-06-28 00:00:00+00:00,161.74555,161.75175,161.67645,161.74805,0,1786052758878,STALE
2026-06-28 00:15:00+00:00,161.74795,161.76815,161.70105,161.70625,0,1786052757978,STALE
2026-06-28 00:30:00+00:00,161.70585,161.80035,161.70035,161.79945,0,1786052757078,STALE
2026-06-28 00:45:00+00:00,161.79955,161.80235,161.68185,161.68635,0,1786052756178,STALE
2026-06-28 01:00:00+00:00,161.68595,161.68955,161.58205,161.58995,0,1786052755278,STALE
2026-06-28 01:15:00+00:00,161.59035,161.60395,161.52105,161.53315,0,1786052754378,STALE
2026-06-28 01:30:00+00:00,161.53375,161.59005,161.52605,161.54695,0,1786052753478,STALE
2026-06-28 01:45:00+00:00,161.54625,161.59085,161.52315,161.52655,0,1786052752578,STALE
2026-06-28 02:00:00+00:00,161.52695,161.58255,161.51765,161.56075,0,1786052751678,STALE
2026-06-28 02:15:00+00:00,161.56055,161.65875,161.54805,161.64855,0,1786052750778,STALE
2026-06-28 02:30:00+00:00,161.64885,161.69115,161.63365,161.68795,0,1786052749878,STALE
2026-06-28 02:45:00+00:00,161.68625,161.70935,161.64335,161.64655,0,1786052748978,STALE
2026-06-28 03:00:00+00:00,161.64625,161.64625,161.54095,161.55015,0,1786052748078,STALE
2026-06-28 03:15:00+00:00,161.54975,161.58915,161.54265,161.57195,0,1786052747178,STALE
2026-06-28 03:30:00+00:00,161.57185,161.58885,161.49255,161.53395,0,1786052746278,STALE
2026-06-28 03:45:00+00:00,161.53405,161.61225,161.53325,161.58605,0,1786052745378,STALE
2026-06-28 04:00:00+00:00,161.58615,161.61225,161.56225,161.59705,0,1786052744478,STALE
2026-06-28 04:15:00+00:00,161.59685,161.60195,161.52865,161.55205,0,1786052743578,STALE
2026-06-28 04:30:00+00:00,161.55215,161.60785,161.54425,161.58315,0,1786052742678,STALE
2026-06-28 04:45:00+00:00,161.58255,161.62675,161.56465,161.61925,0,1786052741778,STALE
2026-06-28 05:00:00+00:00,161.61955,161.68025,161.60865,161.66645,0,1786052740878,STALE
2026-06-28 05:15:00+00:00,161.66675,161.68905,161.62135,161.63875,0,1786052739978,STALE
2026-06-28 05:30:00+00:00,161.63845,161.74485,161.61955,161.74375,0,1786052739078,STALE
2026-06-28 05:45:00+00:00,161.74345,161.81085,161.73315,161.80505,0,1786052738178,STALE
2026-06-28 06:00:00+00:00,161.80475,161.83295,161.75145,161.76915,0,1786052737278,STALE
2026-06-28 06:15:00+00:00,161.76875,161.79165,161.73725,161.78735,0,1786052736378,STALE
2026-06-28 06:30:00+00:00,161.78385,161.85845,161.78385,161.79535,0,1786052735478,STALE
2026-06-28 06:45:00+00:00,161.79455,161.82785,161.77015,161.78205,0,1786052734578,STALE
2026-06-28 07:00:00+00:00,161.78125,161.80045,161.72685,161.77705,0,1786052733678,STALE
2026-06-28 07:15:00+00:00,161.77695,161.80845,161.74495,161.77275,0,1786052732778,STALE
2026-06-28 07:30:00+00:00,161.77245,161.80145,161.75125,161.79765,0,1786052731878,STALE
2026-06-28 07:45:00+00:00,161.79775,161.82345,161.76095,161.77815,0,1786052730978,STALE
2026-06-28 08:00:00+00:00,161.78015,161.80655,161.73825,161.78945,0,1786052730078,STALE
2026-06-28 08:15:00+00:00,161.78905,161.79755,161.72445,161.75755,0,1786052729178,STALE
2026-06-28 08:30:00+00:00,161.75745,161.76585,161.67995,161.70715,0,1786052728278,STALE
2026-06-28 08:45:00+00:00,161.71035,161.78385,161.68975,161.75015,0,1786052727378,STALE
2026-06-28 09:00:00+00:00,161.74895,161.75935,161.65175,161.67215,0,1786052726478,STALE
2026-06-28 09:15:00+00:00,161.67235,161.80615,161.67225,161.79425,0,1786052725578,STALE
2026-06-28 09:30:00+00:00,161.79435,161.80865,161.75685,161.77245,0,1786052724678,STALE
2026-06-28 09:45:00+00:00,161.77295,161.87225,161.77215,161.86355,0,1786052723778,STALE
2026-06-28 10:00:00+00:00,161.86315,161.88985,161.82665,161.87545,0,1786052722878,STALE
2026-06-28 10:15:00+00:00,161.87515,161.89705,161.83505,161.83545,0,1786052721978,STALE
2026-06-28 10:30:00+00:00,161.83505,161.84685,161.71715,161.74765,0,1786052721078,STALE
2026-06-28 10:45:00+00:00,161.74745,161.78785,161.72375,161.77695,0,1786052720178,STALE
2026-06-28 11:00:00+00:00,161.77655,161.77885,161.68205,161.69635,0,1786052719278,STALE
2026-06-28 11:15:00+00:00,161.69685,161.76155,161.68805,161.71865,0,1786052718378,STALE
2026-06-28 11:30:00+00:00,161.71855,161.75825,161.69475,161.74305,0,1786052717478,STALE
2026-06-28 11:45:00+00:00,161.74205,161.75485,161.64765,161.66125,0,1786052716578,STALE
2026-06-28 12:00:00+00:00,161.66095,161.67815,161.60985,161.60985,0,1786052715678,STALE
2026-06-28 12:15:00+00:00,161.61035,161.63745,161.57345,161.59605,0,1786052714778,STALE
2026-06-28 12:30:00+00:00,161.59635,161.60025,161.53205,161.53515,0,1786052713878,STALE
2026-06-28 12:45:00+00:00,161.53545,161.56395,161.50915,161.55745,0,1786052712978,STALE
2026-06-28 13:00:00+00:00,161.55715,161.63115,161.54745,161.62095,0,1786052712078,STALE
2026-06-28 13:15:00+00:00,161.62045,161.65105,161.59485,161.64815,0,1786052711178,STALE
2026-06-28 13:30:00+00:00,161.64725,161.66045,161.60175,161.60625,0,1786052710278,STALE
2026-06-28 13:45:00+00:00,161.60615,161.62085,161.55065,161.59225,0,1786052709378,STALE
2026-06-28 14:00:00+00:00,161.59025,161.63275,161.58075,161.61795,0,1786052708478,STALE
2026-06-28 14:15:00+00:00,161.61835,161.64695,161.59025,161.60945,0,1786052707578,STALE
2026-06-28 14:30:00+00:00,161.60865,161.68965,161.60865,161.67735,0,1786052706678,STALE
2026-06-28 14:45:00+00:00,161.67775,161.75985,161.67645,161.74515,0,1786052705778,STALE
2026-06-28 15:00:00+00:00,161.74545,161.76265,161.65725,161.66995,0,1786052704878,STALE
2026-06-28 15:15:00+00:00,161.66965,161.75325,161.61705,161.61705,0,1786052703978,STALE
2026-06-28 15:30:00+00:00,161.61675,161.61715,161.53895,161.55285,0,1786052703078,STALE
2026-06-28 15:45:00+00:00,161.55335,161.66785,161.54415,161.65045,0,1786052702178,STALE
2026-06-28 16:00:00+00:00,161.65075,161.66225,161.60755,161.65885,0,1786052701278,STALE
2026-06-28 16:15:00+00:00,161.65895,161.68545,161.58895,161.61795,0,1786052700378,STALE
2026-06-28 16:30:00+00:00,161.61815,161.61815,161.45505,161.46215,0,1786052699478,STALE
2026-06-28 16:45:00+00:00,161.46185,161.49005,161.42995,161.47925,0,1786052698578,STALE
2026-06-28 17:00:00+00:00,161.47995,161.54165,161.45965,161.50765,0,1786052697678,STALE
2026-06-28 17:15:00+00:00,161.50805,161.51085,161.44315,161.45375,0,1786052696778,STALE
2026-06-28 17:30:00+00:00,161.45385,161.49335,161.44665,161.45745,0,1786052695878,STALE
2026-06-28 17:45:00+00:00,161.45715,161.51275,161.44545,161.49165,0,1786052694978,STALE
2026-06-28 18:00:00+00:00,161.49105,161.61575,161.49065,161.57475,0,1786052694078,STALE
2026-06-28 18:15:00+00:00,161.57365,161.64135,161.57365,161.63305,0,1786052693178,STALE
2026-06-28 18:30:00+00:00,161.63335,161.70905,161.61665,161.70905,0,1786052692278,STALE
2026-06-28 18:45:00+00:00,161.70875,161.83285,161.69985,161.81195,0,1786052691378,STALE
2026-06-28 19:00:00+00:00,161.81235,161.84435,161.78865,161.83705,0,1786052690478,STALE
2026-06-28 19:15:00+00:00,161.83745,161.86585,161.79845,161.81945,0,1786052689578,STALE
2026-06-28 19:30:00+00:00,161.81935,161.82405,161.73135,161.76755,0,1786052688678,STALE
2026-06-28 19:45:00+00:00,161.76795,161.78635,161.70615,161.73515,0,1786052687778,STALE
2026-06-28 20:00:00+00:00,161.73525,161.74795,161.65135,161.65265,0,1786052686878,STALE
2026-06-28 20:15:00+00:00,161.65505,161.67615,161.53115,161.53125,0,1786052685978,STALE
2026-06-28 20:30:00+00:00,161.53175,161.55055,161.51135,161.52125,0,1786052685078,STALE
2026-06-28 20:45:00+00:00,161.52185,161.60015,161.52005,161.56485,0,1786052684178,STALE
2026-06-28 21:00:00+00:00,161.56495,161.57195,161.46615,161.48395,0,1786052683278,STALE
2026-06-28 21:15:00+00:00,161.48405,161.54035,161.45445,161.45525,0,1786052682378,STALE
2026-06-28 21:30:00+00:00,161.45435,161.52665,161.42675,161.51735,0,1786052681478,STALE
2026-06-28 21:45:00+00:00,161.51705,161.53535,161.43715,161.45155,0,1786052680578,STALE
2026-06-28 22:00:00+00:00,161.45105,161.48075,161.41495,161.46935,0,1786052679678,STALE
2026-06-28 22:15:00+00:00,161.47155,161.47575,161.40365,161.40395,0,1786052678778,STALE
2026-06-28 22:30:00+00:00,161.40425,161.41685,161.34195,161.34335,0,1786052677878,STALE
2026-06-28 22:45:00+00:00,161.34365,161.38705,161.31565,161.35985,0,1786052676978,STALE
2026-06-28 23:00:00+00:00,161.36015,161.36085,161.28075,161.28955,0,1786052676078,STALE
2026-06-28 23:15:00+00:00,161.28925,161.38425,161.28365,161.34905,0,1786052675178,STALE
2026-06-28 23:30:00+00:00,161.34885,161.37325,161.31425,161.35425,0,1786052674278,STALE
2026-06-28 23:45:00+00:00,161.35385,161.39745,161.34345,161.37255,0,1786052673378,STALE
2026-06-29 00:00:00+00:00,161.37265,161.38305,161.32115,161.35905,0,1786052672478,STALE
2026-06-29 00:15:00+00:00,161.35915,161.42435,161.35915,161.38505,0,1786052671578,STALE
2026-06-29 00:30:00+00:00,161.38475,161.45335,161.38475,161.40325,0,1786052670678,STALE
2026-06-29 00:45:00+00:00,161.40245,161.45295,161.38205,161.44025,0,1786052669778,STALE
2026-06-29 01:00:00+00:00,161.43975,161.44725,161.38365,161.41765,0,1786052668878,STALE
2026-06-29 01:15:00+00:00,161.41825,161.44135,161.37165,161.43865,0,1786052667978,STALE
2026-06-29 01:30:00+00:00,161.43955,161.45495,161.38365,161.39565,0,1786052667078,STALE
2026-06-29 01:45:00+00:00,161.39475,161.41515,161.32155,161.33295,0,1786052666178,STALE
2026-06-29 02:00:00+00:00,161.33345,161.39905,161.33165,161.37405,0,1786052665278,STALE
2026-06-29 02:15:00+00:00,161.37355,161.39875,161.35395,161.35945,0,1786052664378,STALE
2026-06-29 02:30:00+00:00,161.35975,161.44365,161.35015,161.43875,0,1786052663478,STALE
2026-06-29 02:45:00+00:00,161.43825,161.44855,161.36955,161.38175,0,1786052662578,STALE
2026-06-29 03:00:00+00:00,161.38135,161.38355,161.30195,161.33345,0,1786052661678,STALE
2026-06-29 03:15:00+00:00,161.33325,161.37885,161.31415,161.35205,0,1786052660778,STALE
2026-06-29 03:30:00+00:00,161.35145,161.38415,161.32835,161.36835,0,1786052659878,STALE
2026-06-29 03:45:00+00:00,161.36795,161.45785,161.36515,161.41765,0,1786052658978,STALE
2026-06-29 04:00:00+00:00,161.41725,161.49055,161.38775,161.46375,0,1786052658078,STALE
2026-06-29 04:15:00+00:00,161.46415,161.52015,161.45235,161.47435,0,1786052657178,STALE
2026-06-29 04:30:00+00:00,161.47535,161.50375,161.39955,161.41075,0,1786052656278,STALE
2026-06-29 04:45:00+00:00,161.41055,161.46185,161.39115,161.39985,0,1786052655378,STALE
2026-06-29 05:00:00+00:00,161.40075,161.47325,161.39605,161.45975,0,1786052654478,STALE
2026-06-29 05:15:00+00:00,161.45995,161.51025,161.44645,161.50035,0,1786052653578,STALE
2026-06-29 05:30:00+00:00,161.50075,161.51895,161.45305,161.45815,0,1786052652678,STALE
2026-06-29 05:45:00+00:00,161.45745,161.46335,161.41475,161.43025,0,1786052651778,STALE
2026-06-29 06:00:00+00:00,161.43045,161.50385,161.40235,161.50145,0,1786052650878,STALE
2026-06-29 06:15:00+00:00,161.50085,161.52445,161.45395,161.47395,0,1786052649978,STALE
2026-06-29 06:30:00+00:00,161.47425,161.52375,161.46085,161.50095,0,1786052649078,STALE
2026-06-29 06:45:00+00:00,161.50145,161.50145,161.39845,161.49295,0,1786052648178,STALE
2026-06-29 07:00:00+00:00,161.49125,161.49725,161.45375,161.47705,0,1786052647278,STALE
2026-06-29 07:15:00+00:00,161.47645,161.48435,161.42955,161.46945,0,1786052646378,STALE
2026-06-29 07:30:00+00:00,161.46975,161.52075,161.45205,161.47095,0,1786052645478,STALE
2026-06-29 07:45:00+00:00,161.47145,161.49585,161.42655,161.46265,0,1786052644578,STALE
2026-06-29 08:00:00+00:00,161.46315,161.52425,161.40925,161.44715,0,1786052643678,STALE
2026-06-29 08:15:00+00:00,161.44685,161.48975,161.41625,161.46885,0,1786052642778,STALE
2026-06-29 08:30:00+00:00,161.46925,161.48995,161.40175,161.47235,0,1786052641878,STALE
2026-06-29 08:45:00+00:00,161.47205,161.53355,161.44785,161.51525,0,1786052640978,STALE
2026-06-29 09:00:00+00:00,161.51575,161.53335,161.41965,161.42645,0,1786052640078,STALE
2026-06-29 09:15:00+00:00,161.42595,161.48875,161.41995,161.42075,0,1786052639178,STALE
2026-06-29 09:30:00+00:00,161.42055,161.46375,161.35285,161.39115,0,1786052638278,STALE
2026-06-29 09:45:00+00:00,161.39035,161.43725,161.36825,161.41415,0,1786052637378,STALE
2026-06-29 10:00:00+00:00,161.41425,161.45165,161.40415,161.42855,0,1786052636478,STALE
2026-06-29 10:15:00+00:00,161.42935,161.44675,161.39125,161.41705,0,1786052635578,STALE
2026-06-29 10:30:00+00:00,161.41615,161.45995,161.39035,161.41815,0,1786052634678,STALE
2026-06-29 10:45:00+00:00,161.41785,161.42665,161.35055,161.38565,0,1786052633778,STALE
2026-06-29 11:00:00+00:00,161.38485,161.40125,161.34745,161.34795,0,1786052632878,STALE
2026-06-29 11:15:00+00:00,161.34755,161.38405,161.33295,161.35765,0,1786052631978,STALE
2026-06-29 11:30:00+00:00,161.35745,161.38835,161.32895,161.37995,0,1786052631078,STALE
2026-06-29 11:45:00+00:00,161.37975,161.43055,161.32465,161.34425,0,1786052630178,STALE
2026-06-29 12:00:00+00:00,161.34385,161.40995,161.33335,161.37905,0,1786052629278,STALE
2026-06-29 12:15:00+00:00,161.37825,161.43445,161.36575,161.39355,0,1786052628378,STALE
2026-06-29 12:30:00+00:00,161.39375,161.43065,161.38075,161.41055,0,1786052627478,STALE
2026-06-29 12:45:00+00:00,161.41045,161.49295,161.38905,161.49055,0,1786052626578,STALE
2026-06-29 13:00:00+00:00,161.48995,161.52165,161.45295,161.45385,0,1786052625678,STALE
2026-06-29 13:15:00+00:00,161.45345,161.46435,161.39475,161.40265,0,1786052624778,STALE
2026-06-29 13:30:00+00:00,161.40245,161.40435,161.33275,161.33935,0,1786052623878,STALE
2026-06-29 13:45:00+00:00,161.33895,161.38825,161.32725,161.37425,0,1786052622978,STALE
2026-06-29 14:00:00+00:00,161.37455,161.40215,161.35825,161.39445,0,1786052622078,STALE
2026-06-29 14:15:00+00:00,161.39405,161.43765,161.35585,161.43705,0,1786052621178,STALE
2026-06-29 14:30:00+00:00,161.43665,161.45305,161.40525,161.42995,0,1786052620278,STALE
2026-06-29 14:45:00+00:00,161.42915,161.46485,161.41435,161.46135,0,1786052619378,STALE
2026-06-29 15:00:00+00:00,161.46035,161.46375,161.33885,161.34925,0,1786052618478,STALE
2026-06-29 15:15:00+00:00,161.34795,161.35205,161.31635,161.32775,0,1786052617578,STALE
2026-06-29 15:30:00+00:00,161.32755,161.36405,161.28935,161.30055,0,1786052616678,STALE
2026-06-29 15:45:00+00:00,161.30095,161.40975,161.29295,161.38855,0,1786052615778,STALE
2026-06-29 16:00:00+00:00,161.38915,161.42105,161.37635,161.41425,0,1786052614878,STALE
2026-06-29 16:15:00+00:00,161.41475,161.42375,161.34125,161.36505,0,1786052613978,STALE
2026-06-29 16:30:00+00:00,161.36645,161.40125,161.33315,161.34885,0,1786052613078,STALE
2026-06-29 16:45:00+00:00,161.34875,161.38665,161.31165,161.35575,0,1786052612178,STALE
2026-06-29 17:00:00+00:00,161.35535,161.38925,161.29205,161.32275,0,1786052611278,STALE
2026-06-29 17:15:00+00:00,161.32325,161.32515,161.22795,161.26745,0,1786052610378,STALE
2026-06-29 17:30:00+00:00,161.26925,161.26985,161.19405,161.20645,0,1786052609478,STALE
2026-06-29 17:45:00+00:00,161.20635,161.27695,161.20285,161.26025,0,1786052608578,STALE
2026-06-29 18:00:00+00:00,161.25975,161.33325,161.24155,161.33325,0,1786052607678,STALE
2026-06-29 18:15:00+00:00,161.33315,161.37855,161.29435,161.31475,0,1786052606778,STALE
2026-06-29 18:30:00+00:00,161.31425,161.32195,161.24875,161.26675,0,1786052605878,STALE
2026-06-29 18:45:00+00:00,161.26605,161.30645,161.25505,161.27735,0,1786052604978,STALE
2026-06-29 19:00:00+00:00,161.27785,161.32435,161.27635,161.28895,0,1786052604078,STALE
2026-06-29 19:15:00+00:00,161.28845,161.29055,161.19555,161.22885,0,1786052603178,STALE
2026-06-29 19:30:00+00:00,161.22895,161.24235,161.20225,161.22485,0,1786052602278,STALE
2026-06-29 19:45:00+00:00,161.22525,161.29135,161.21095,161.26795,0,1786052601378,STALE
2026-06-29 20:00:00+00:00,161.26755,161.33205,161.26735,161.29125,0,1786052600478,STALE
2026-06-29 20:15:00+00:00,161.29105,161.30785,161.26105,161.30775,0,1786052599578,STALE
2026-06-29 20:30:00+00:00,161.30835,161.32935,161.23785,161.24375,0,1786052598678,STALE
2026-06-29 20:45:00+00:00,161.24415,161.31135,161.22635,161.30415,0,1786052597778,STALE
2026-06-29 21:00:00+00:00,161.30385,161.35945,161.28805,161.33085,0,1786052596878,STALE
2026-06-29 21:15:00+00:00,161.33005,161.34945,161.29495,161.30795,0,1786052595978,STALE
2026-06-29 21:30:00+00:00,161.30725,161.34395,161.27345,161.33605,0,1786052595078,STALE
2026-06-29 21:45:00+00:00,161.33585,161.36425,161.27725,161.36255,0,1786052594178,STALE
2026-06-29 22:00:00+00:00,161.36215,161.39655,161.33725,161.39605,0,1786052593278,STALE
2026-06-29 22:15:00+00:00,161.39455,161.39985,161.34335,161.38655,0,1786052592378,STALE
2026-06-29 22:30:00+00:00,161.38685,161.43265,161.38515,161.42415,0,1786052591478,STALE
2026-06-29 22:45:00+00:00,161.42315,161.49955,161.41915,161.47085,0,1786052590578,STALE
2026-06-29 23:00:00+00:00,161.47075,161.57345,161.45605,161.55695,0,1786052589678,STALE
2026-06-29 23:15:00+00:00,161.55645,161.55995,161.51615,161.52065,0,1786052588778,STALE
2026-06-29 23:30:00+00:00,161.52045,161.59875,161.49835,161.55845,0,1786052587878,STALE
2026-06-29 23:45:00+00:00,161.55865,161.58105,161.54795,161.56765,0,1786052586978,STALE
2026-06-30 00:00:00+00:00,161.56785,161.57025,161.51065,161.55365,0,1786052586078,STALE
2026-06-30 00:15:00+00:00,161.55345,161.55345,161.42135,161.42135,0,1786052585178,STALE
2026-06-30 00:30:00+00:00,161.42185,161.48785,161.39505,161.47815,0,1786052584278,STALE
2026-06-30 00:45:00+00:00,161.47715,161.49515,161.40275,161.40365,0,1786052583378,STALE
2026-06-30 01:00:00+00:00,161.40335,161.47745,161.40185,161.47385,0,1786052582478,STALE
2026-06-30 01:15:00+00:00,161.47355,161.54085,161.45835,161.53275,0,1786052581578,STALE
2026-06-30 01:30:00+00:00,161.53215,161.54395,161.48335,161.51795,0,1786052580678,STALE
2026-06-30 01:45:00+00:00,161.51755,161.53365,161.47655,161.49275,0,1786052579778,STALE
2026-06-30 02:00:00+00:00,161.49305,161.49305,161.37395,161.38665,0,1786052578878,STALE
2026-06-30 02:15:00+00:00,161.38655,161.40485,161.30075,161.31405,0,1786052577978,STALE
2026-06-30 02:30:00+00:00,161.31365,161.38755,161.29635,161.32935,0,1786052577078,STALE
2026-06-30 02:45:00+00:00,161.32815,161.34345,161.29665,161.33185,0,1786052576178,STALE
2026-06-30 03:00:00+00:00,161.33155,161.35155,161.29105,161.31925,0,1786052575278,STALE
2026-06-30 03:15:00+00:00,161.31875,161.32715,161.27385,161.28735,0,1786052574378,STALE
2026-06-30 03:30:00+00:00,161.28685,161.32325,161.24605,161.24845,0,1786052573478,STALE
2026-06-30 03:45:00+00:00,161.24905,161.32975,161.24105,161.30345,0,1786052572578,STALE
2026-06-30 04:00:00+00:00,161.30345,162.17585,161.30345,162.13225,0,1786052571678,STALE
2026-06-30 04:15:00+00:00,162.13215,162.17875,162.10805,162.14675,0,1786052570778,STALE
2026-06-30 04:30:00+00:00,162.14655,162.18185,162.14095,162.17395,0,1786052569878,STALE
2026-06-30 04:45:00+00:00,162.17055,162.22255,162.16905,162.17375,0,1786052568978,STALE
2026-06-30 05:00:00+00:00,162.17425,162.21435,162.16505,162.18205,0,1786052568078,STALE
2026-06-30 05:15:00+00:00,162.18095,162.23595,162.16425,162.20305,0,1786052567178,STALE
2026-06-30 05:30:00+00:00,162.20495,162.21725,162.11995,162.16435,0,1786052566278,STALE
2026-06-30 05:45:00+00:00,162.16465,162.20695,162.15745,162.19955,0,1786052565378,STALE
2026-06-30 06:00:00+00:00,162.19915,162.20125,162.12715,162.17895,0,1786052564478,STALE
2026-06-30 06:15:00+00:00,162.17985,162.23385,162.17935,162.20275,0,1786052563578,STALE
2026-06-30 06:30:00+00:00,162.20075,162.26395,162.19285,162.22565,0,1786052562678,STALE
2026-06-30 06:45:00+00:00,162.22575,162.35615,162.21815,162.33475,0,1786052561778,STALE
2026-06-30 07:00:00+00:00,162.33325,162.36745,162.28995,162.29185,0,1786052560878,STALE
2026-06-30 07:15:00+00:00,162.29155,162.40035,162.26895,162.36245,0,1786052559978,STALE
2026-06-30 07:30:00+00:00,162.36275,162.43485,162.34175,162.42205,0,1786052559078,STALE
2026-06-30 07:45:00+00:00,162.42225,162.51435,162.41765,162.51365,0,1786052558178,STALE
2026-06-30 08:00:00+00:00,162.51335,162.51945,162.44395,162.44675,0,1786052557278,STALE
2026-06-30 08:15:00+00:00,162.44645,162.45295,162.39665,162.43805,0,1786052556378,STALE
2026-06-30 08:30:00+00:00,162.43825,162.49485,162.41135,162.49085,0,1786052555478,STALE
2026-06-30 08:45:00+00:00,162.49115,162.49905,162.43395,162.45995,0,1786052554578,STALE
2026-06-30 09:00:00+00:00,162.46015,162.48995,162.40705,162.47725,0,1786052553678,STALE
2026-06-30 09:15:00+00:00,162.47635,162.54605,162.46145,162.47115,0,1786052552778,STALE
2026-06-30 09:30:00+00:00,162.47125,162.48905,162.42595,162.44525,0,1786052551878,STALE
2026-06-30 09:45:00+00:00,162.44495,162.46055,162.41815,162.42925,0,1786052550978,STALE
2026-06-30 10:00:00+00:00,162.42915,162.43775,162.39635,162.40985,0,1786052550078,STALE
2026-06-30 10:15:00+00:00,162.41015,162.41705,162.37715,162.37775,0,1786052549178,STALE
2026-06-30 10:30:00+00:00,162.37635,162.42965,162.34485,162.42965,0,1786052548278,STALE
2026-06-30 10:45:00+00:00,162.42975,162.46515,162.40705,162.42585,0,1786052547378,STALE
2026-06-30 11:00:00+00:00,162.42615,162.43505,162.37435,162.40855,0,1786052546478,STALE
2026-06-30 11:15:00+00:00,162.40895,162.41465,162.28595,162.30115,0,1786052545578,STALE
2026-06-30 11:30:00+00:00,162.30105,162.33305,162.25825,162.26095,0,1786052544678,STALE
2026-06-30 11:45:00+00:00,162.26125,162.35265,162.25875,162.32955,0,1786052543778,STALE
2026-06-30 12:00:00+00:00,162.32935,162.38535,162.30655,162.37835,0,1786052542878,STALE
2026-06-30 12:15:00+00:00,162.37825,162.43295,162.36345,162.40995,0,1786052541978,STALE
2026-06-30 12:30:00+00:00,162.40935,162.44315,162.37685,162.43725,0,1786052541078,STALE
2026-06-30 12:45:00+00:00,162.43645,162.44945,162.34205,162.38025,0,1786052540178,STALE
2026-06-30 13:00:00+00:00,162.37965,162.40405,162.35715,162.38265,0,1786052539278,STALE
2026-06-30 13:15:00+00:00,162.38305,162.42785,162.34845,162.35565,0,1786052538378,STALE
2026-06-30 13:30:00+00:00,162.35555,162.41465,162.35555,162.40585,0,1786052537478,STALE
2026-06-30 13:45:00+00:00,162.40495,162.44705,162.37195,162.40785,0,1786052536578,STALE
2026-06-30 14:00:00+00:00,162.40755,162.41955,162.34455,162.35515,0,1786052535678,STALE
2026-06-30 14:15:00+00:00,162.35545,162.37635,162.33205,162.33425,0,1786052534778,STALE
2026-06-30 14:30:00+00:00,162.33475,162.35815,162.30935,162.35325,0,1786052533878,STALE
2026-06-30 14:45:00+00:00,162.35275,162.36075,162.23285,162.23715,0,1786052532978,STALE
2026-06-30 15:00:00+00:00,162.23765,162.24495,162.18625,162.19385,0,1786052532078,STALE
2026-06-30 15:15:00+00:00,162.19465,162.21335,162.13315,162.18105,0,1786052531178,STALE
2026-06-30 15:30:00+00:00,162.18045,162.20295,162.13915,162.16795,0,1786052530278,STALE
2026-06-30 15:45:00+00:00,162.16755,162.25785,162.14995,162.19685,0,1786052529378,STALE
2026-06-30 16:00:00+00:00,162.19735,162.22135,162.16475,162.18685,0,1786052528478,STALE
2026-06-30 16:15:00+00:00,162.18725,162.19745,162.13675,162.15215,0,1786052527578,STALE
2026-06-30 16:30:00+00:00,162.15175,162.19575,162.12335,162.12335,0,1786052526678,STALE
2026-06-30 16:45:00+00:00,162.12215,162.16725,162.08885,162.14875,0,1786052525778,STALE
2026-06-30 17:00:00+00:00,162.14815,162.18885,162.13325,162.15725,0,1786052524878,STALE
2026-06-30 17:15:00+00:00,162.15935,162.18365,162.10915,162.14505,0,1786052523978,STALE
2026-06-30 17:30:00+00:00,162.14585,162.19205,162.12225,162.18005,0,1786052523078,STALE
2026-06-30 17:45:00+00:00,162.17975,162.22515,162.15665,162.22425,0,1786052522178,STALE
2026-06-30 18:00:00+00:00,162.22475,162.24365,162.18895,162.23185,0,1786052521278,STALE
2026-06-30 18:15:00+00:00,162.23145,162.23445,162.14725,162.15485,0,1786052520378,STALE
2026-06-30 18:30:00+00:00,162.15465,162.16085,162.10745,162.14455,0,1786052519478,STALE
2026-06-30 18:45:00+00:00,162.14485,162.15075,162.09425,162.09425,0,1786052518578,STALE
2026-06-30 19:00:00+00:00,162.09435,162.15575,162.08935,162.14925,0,1786052517678,STALE
2026-06-30 19:15:00+00:00,162.15035,162.21585,162.12375,162.18875,0,1786052516778,STALE
2026-06-30 19:30:00+00:00,162.18905,162.20595,162.16295,162.16355,0,1786052515878,STALE
2026-06-30 19:45:00+00:00,162.16375,162.18335,162.11745,162.14465,0,1786052514978,STALE
2026-06-30 20:00:00+00:00,162.14435,162.14985,162.05775,162.07735,0,1786052514078,STALE
2026-06-30 20:15:00+00:00,162.07705,162.08575,161.95725,161.96265,0,1786052513178,STALE
2026-06-30 20:30:00+00:00,161.96355,162.02845,161.94265,161.97425,0,1786052512278,STALE
2026-06-30 20:45:00+00:00,161.97415,162.06645,161.96375,162.05815,0,1786052511378,STALE
2026-06-30 21:00:00+00:00,162.05835,162.09645,162.04875,162.07365,0,1786052510478,STALE
2026-06-30 21:15:00+00:00,162.07335,162.07835,161.96255,161.97285,0,1786052509578,STALE
2026-06-30 21:30:00+00:00,161.97335,161.98765,161.93725,161.97025,0,1786052508678,STALE
2026-06-30 21:45:00+00:00,161.97105,161.97105,161.85795,161.89565,0,1786052507778,STALE
2026-06-30 22:00:00+00:00,161.89525,161.92395,161.87515,161.90865,0,1786052506878,STALE
2026-06-30 22:15:00+00:00,161.90845,161.91195,161.80925,161.81355,0,1786052505978,STALE
2026-06-30 22:30:00+00:00,161.81365,161.87105,161.80245,161.84935,0,1786052505078,STALE
2026-06-30 22:45:00+00:00,161.84885,161.87035,161.83365,161.86205,0,1786052504178,STALE
2026-06-30 23:00:00+00:00,161.86185,161.87245,161.81995,161.83855,0,1786052503278,STALE
2026-06-30 23:15:00+00:00,161.83845,161.86765,161.80455,161.83035,0,1786052502378,STALE
2026-06-30 23:30:00+00:00,161.83075,161.89575,161.81335,161.84635,0,1786052501478,STALE
2026-06-30 23:45:00+00:00,161.84735,161.87885,161.76705,161.78605,0,1786052500578,STALE
2026-07-01 00:00:00+00:00,161.78585,161.80765,161.74625,161.76375,0,1786052499678,STALE
2026-07-01 00:15:00+00:00,161.76365,161.81125,161.75595,161.77745,0,1786052498778,STALE
2026-07-01 00:30:00+00:00,161.77795,161.87845,161.76995,161.86025,0,1786052497878,STALE
2026-07-01 00:45:00+00:00,161.86065,161.88505,161.81675,161.83125,0,1786052496978,STALE
2026-07-01 01:00:00+00:00,161.83115,161.89395,161.81795,161.85485,0,1786052496078,STALE
2026-07-01 01:15:00+00:00,161.85435,161.88025,161.81035,161.81375,0,1786052495178,STALE
2026-07-01 01:30:00+00:00,161.81315,161.82405,161.76445,161.79465,0,1786052494278,STALE
2026-07-01 01:45:00+00:00,161.79575,161.81375,161.73525,161.75415,0,1786052493378,STALE
2026-07-01 02:00:00+00:00,161.75405,161.79965,161.73915,161.78155,0,1786052492478,STALE
2026-07-01 02:15:00+00:00,161.78125,161.80725,161.75265,161.77755,0,1786052491578,STALE
2026-07-01 02:30:00+00:00,161.77725,161.82275,161.77705,161.78905,0,1786052490678,STALE
2026-07-01 02:45:00+00:00,161.78875,161.81435,161.76305,161.77495,0,1786052489778,STALE
2026-07-01 03:00:00+00:00,161.77455,161.79525,161.73915,161.76005,0,1786052488878,STALE
2026-07-01 03:15:00+00:00,161.76025,161.79695,161.73315,161.78555,0,1786052487978,STALE
2026-07-01 03:30:00+00:00,161.78465,161.79345,161.71975,161.76045,0,1786052487078,STALE
2026-07-01 03:45:00+00:00,161.76065,161.77645,161.69975,161.71535,0,1786052486178,STALE
2026-07-01 04:00:00+00:00,161.71565,161.77035,161.69235,161.76005,0,1786052485278,STALE
2026-07-01 04:15:00+00:00,161.76025,161.77905,161.69075,161.70125,0,1786052484378,STALE
2026-07-01 04:30:00+00:00,161.70085,161.70255,161.64465,161.66935,0,1786052483478,STALE
2026-07-01 04:45:00+00:00,161.66895,161.69515,161.64475,161.65785,0,1786052482578,STALE
2026-07-01 05:00:00+00:00,161.66135,161.72425,161.63465,161.71675,0,1786052481678,STALE
2026-07-01 05:15:00+00:00,161.71735,161.72025,161.64335,161.66955,0,1786052480778,STALE
2026-07-01 05:30:00+00:00,161.66905,161.70195,161.65065,161.66935,0,1786052479878,STALE
2026-07-01 05:45:00+00:00,161.66875,161.67745,161.61415,161.64225,0,1786052478978,STALE
2026-07-01 06:00:00+00:00,161.64285,161.69155,161.62125,161.67345,0,1786052478078,STALE
2026-07-01 06:15:00+00:00,161.67305,161.68865,161.63675,161.67975,0,1786052477178,STALE
2026-07-01 06:30:00+00:00,161.67995,161.69135,161.58885,161.59715,0,1786052476278,STALE
2026-07-01 06:45:00+00:00,161.59725,161.60075,161.50295,161.50665,0,1786052475378,STALE
2026-07-01 07:00:00+00:00,161.50625,161.54165,161.47405,161.50485,0,1786052474478,STALE
2026-07-01 07:15:00+00:00,161.50515,161.51345,161.43965,161.44355,0,1786052473578,STALE
2026-07-01 07:30:00+00:00,161.44345,161.44785,161.36815,161.36855,0,1786052472678,STALE
2026-07-01 07:45:00+00:00,161.36805,161.37185,161.31585,161.34995,0,1786052471778,STALE
2026-07-01 08:00:00+00:00,161.34955,161.43305,161.33405,161.41085,0,1786052470878,STALE
2026-07-01 08:15:00+00:00,161.41045,161.43805,161.39365,161.41155,0,1786052469978,STALE
2026-07-01 08:30:00+00:00,161.41115,161.42395,161.32955,161.38675,0,1786052469078,STALE
2026-07-01 08:45:00+00:00,161.38665,161.42425,161.35235,161.38705,0,1786052468178,STALE
2026-07-01 09:00:00+00:00,161.38675,161.41925,161.36305,161.41075,0,1786052467278,STALE
2026-07-01 09:15:00+00:00,161.41055,161.41545,161.29735,161.31135,0,1786052466378,STALE
2026-07-01 09:30:00+00:00,161.31155,161.31915,161.26955,161.28145,0,1786052465478,STALE
2026-07-01 09:45:00+00:00,161.28165,161.30335,161.25865,161.28105,0,1786052464578,STALE
2026-07-01 10:00:00+00:00,161.28075,161.31315,161.26195,161.26505,0,1786052463678,STALE
2026-07-01 10:15:00+00:00,161.26435,161.32815,161.25635,161.27385,0,1786052462778,STALE
2026-07-01 10:30:00+00:00,161.27335,161.27335,161.17795,161.22215,0,1786052461878,STALE
2026-07-01 10:45:00+00:00,161.22125,161.24715,161.19015,161.22845,0,1786052460978,STALE
2026-07-01 11:00:00+00:00,161.22835,161.30385,161.22215,161.24045,0,1786052460078,STALE
2026-07-01 11:15:00+00:00,161.24065,161.28045,161.21535,161.26675,0,1786052459178,STALE
2026-07-01 11:30:00+00:00,161.26585,161.29105,161.23715,161.27985,0,1786052458278,STALE
2026-07-01 11:45:00+00:00,161.27965,161.31545,161.25745,161.26685,0,1786052457378,STALE
2026-07-01 12:00:00+00:00,161.26585,161.29725,161.25285,161.28125,0,1786052456478,STALE
2026-07-01 12:15:00+00:00,161.28105,161.28815,161.24145,161.28755,0,1786052455578,STALE
2026-07-01 12:30:00+00:00,161.28735,161.35105,161.27915,161.34685,0,1786052454678,STALE
2026-07-01 12:45:00+00:00,161.34705,161.40165,161.33945,161.39795,0,1786052453778,STALE
2026-07-01 13:00:00+00:00,161.39825,161.41685,161.35095,161.37915,0,1786052452878,STALE
2026-07-01 13:15:00+00:00,161.37875,161.39385,161.30535,161.32785,0,1786052451978,STALE
2026-07-01 13:30:00+00:00,161.32755,161.32845,161.22935,161.24825,0,1786052451078,STALE
2026-07-01 13:45:00+00:00,161.24855,161.28525,161.21035,161.25395,0,1786052450178,STALE
2026-07-01 14:00:00+00:00,161.25365,161.33505,161.22765,161.32095,0,1786052449278,STALE
2026-07-01 14:15:00+00:00,161.32055,161.32465,161.25105,161.26085,0,1786052448378,STALE
2026-07-01 14:30:00+00:00,161.26045,161.28355,161.22285,161.28245,0,1786052447478,STALE
2026-07-01 14:45:00+00:00,161.28295,161.29495,161.19625,161.20775,0,1786052446578,STALE
2026-07-01 15:00:00+00:00,161.20655,161.24385,161.18155,161.20655,0,1786052445678,STALE
2026-07-01 15:15:00+00:00,161.20615,161.21555,161.08775,161.08865,0,1786052444778,STALE
2026-07-01 15:30:00+00:00,161.08855,161.10315,161.05175,161.05295,0,1786052443878,STALE
2026-07-01 15:45:00+00:00,161.05285,161.12065,161.05215,161.11075,0,1786052442978,STALE
2026-07-01 16:00:00+00:00,161.11045,161.13675,161.05115,161.09345,0,1786052442078,STALE
2026-07-01 16:15:00+00:00,161.09385,161.09915,160.98975,161.01575,0,1786052441178,STALE
2026-07-01 16:30:00+00:00,161.01535,161.01615,160.93905,160.94395,0,1786052440278,STALE
2026-07-01 16:45:00+00:00,160.94235,160.94705,160.86305,160.88205,0,1786052439378,STALE
2026-07-01 17:00:00+00:00,160.88185,160.90735,160.83445,160.84385,0,1786052438478,STALE
2026-07-01 17:15:00+00:00,160.84425,160.85105,160.78315,160.82515,0,1786052437578,STALE
2026-07-01 17:30:00+00:00,160.82535,160.83855,160.78975,160.81685,0,1786052436678,STALE
2026-07-01 17:45:00+00:00,160.81735,160.83285,160.76685,160.81915,0,1786052435778,STALE
2026-07-01 18:00:00+00:00,160.81885,160.83415,160.76145,160.79035,0,1786052434878,STALE
2026-07-01 18:15:00+00:00,160.79075,160.83455,160.75725,160.81175,0,1786052433978,STALE
2026-07-01 18:30:00+00:00,160.81185,160.85085,160.78825,160.80945,0,1786052433078,STALE
2026-07-01 18:45:00+00:00,160.80915,160.83345,160.76235,160.76475,0,1786052432178,STALE
2026-07-01 19:00:00+00:00,160.76405,160.78095,160.74055,160.75555,0,1786052431278,STALE
2026-07-01 19:15:00+00:00,160.75685,160.77345,160.73525,160.73525,0,1786052430378,STALE
2026-07-01 19:30:00+00:00,160.73515,160.74425,160.60815,160.66155,0,1786052429478,STALE
2026-07-01 19:45:00+00:00,160.66165,160.79525,160.65855,160.77795,0,1786052428578,STALE
2026-07-01 20:00:00+00:00,160.77885,160.82525,160.75205,160.81865,0,1786052427678,STALE
2026-07-01 20:15:00+00:00,160.81875,160.86445,160.77025,160.85835,0,1786052426778,STALE
2026-07-01 20:30:00+00:00,160.85925,160.87055,160.82265,160.82785,0,1786052425878,STALE
2026-07-01 20:45:00+00:00,160.82845,160.83165,160.79345,160.80485,0,1786052424978,STALE
2026-07-01 21:00:00+00:00,160.80565,160.80865,160.71415,160.75485,0,1786052424078,STALE
2026-07-01 21:15:00+00:00,160.75445,160.79575,160.74985,160.76265,0,1786052423178,STALE
2026-07-01 21:30:00+00:00,160.76295,160.76985,160.67995,160.68035,0,1786052422278,STALE
2026-07-01 21:45:00+00:00,160.68095,160.69605,160.62975,160.64765,0,1786052421378,STALE
2026-07-01 22:00:00+00:00,160.64815,160.68155,160.62825,160.66835,0,1786052420478,STALE
2026-07-01 22:15:00+00:00,160.66825,160.68735,160.60915,160.64095,0,1786052419578,STALE
2026-07-01 22:30:00+00:00,160.64135,160.66675,160.62115,160.62365,0,1786052418678,STALE
2026-07-01 22:45:00+00:00,160.62375,160.68435,160.62215,160.64375,0,1786052417778,STALE
2026-07-01 23:00:00+00:00,160.64295,160.68785,160.62495,160.65985,0,1786052416878,STALE
2026-07-01 23:15:00+00:00,160.65915,160.73845,160.65165,160.67545,0,1786052415978,STALE
2026-07-01 23:30:00+00:00,160.67575,160.69065,160.57705,160.58245,0,1786052415078,STALE
2026-07-01 23:45:00+00:00,160.58225,160.63185,160.55495,160.63185,0,1786052414178,STALE
2026-07-02 00:00:00+00:00,160.63205,160.66115,160.60975,160.63255,0,1786052413278,STALE
2026-07-02 00:15:00+00:00,160.63235,160.66595,160.60705,160.65665,0,1786052412378,STALE
2026-07-02 00:30:00+00:00,160.65675,160.70135,160.63865,160.64285,0,1786052411478,STALE
2026-07-02 00:45:00+00:00,160.64265,160.68105,160.61805,160.61975,0,1786052410578,STALE
2026-07-02 01:00:00+00:00,160.62005,160.62505,160.50955,160.51865,0,1786052409678,STALE
2026-07-02 01:15:00+00:00,160.51845,160.54445,160.47765,160.52945,0,1786052408778,STALE
2026-07-02 01:30:00+00:00,160.52965,160.54435,160.49135,160.49915,0,1786052407878,STALE
2026-07-02 01:45:00+00:00,160.49965,160.60805,160.49845,160.60625,0,1786052406978,STALE
2026-07-02 02:00:00+00:00,160.60635,160.65375,160.58375,160.65005,0,1786052406078,STALE
2026-07-02 02:15:00+00:00,160.64865,160.68195,160.63255,160.64695,0,1786052405178,STALE
2026-07-02 02:30:00+00:00,160.64685,160.64685,160.54355,160.54635,0,1786052404278,STALE
2026-07-02 02:45:00+00:00,160.54665,160.58285,160.53775,160.56435,0,1786052403378,STALE
2026-07-02 03:00:00+00:00,160.56425,160.58125,160.52605,160.54765,0,1786052402478,STALE
2026-07-02 03:15:00+00:00,160.54725,160.59285,160.54345,160.56085,0,1786052401578,STALE
2026-07-02 03:30:00+00:00,160.55945,160.60445,160.53125,160.55175,0,1786052400678,STALE
2026-07-02 03:45:00+00:00,160.55145,160.62625,160.54765,160.61645,0,1786052399778,STALE
2026-07-02 04:00:00+00:00,160.61645,162.48875,160.61645,162.44255,0,1786052398878,STALE
2026-07-02 04:15:00+00:00,162.44275,162.46385,162.41115,162.44085,0,1786052397978,STALE
2026-07-02 04:30:00+00:00,162.44095,162.49385,162.41445,162.41715,0,1786052397078,STALE
2026-07-02 04:45:00+00:00,162.41465,162.41505,162.34095,162.35235,0,1786052396178,STALE
2026-07-02 05:00:00+00:00,162.35525,162.36005,162.30765,162.33655,0,1786052395278,STALE
2026-07-02 05:15:00+00:00,162.33615,162.36675,162.26625,162.27665,0,1786052394378,STALE
2026-07-02 05:30:00+00:00,162.27565,162.28915,162.20435,162.21625,0,1786052393478,STALE
2026-07-02 05:45:00+00:00,162.21645,162.27445,162.20465,162.25965,0,1786052392578,STALE
2026-07-02 06:00:00+00:00,162.25975,162.33565,162.23885,162.33145,0,1786052391678,STALE
2026-07-02 06:15:00+00:00,162.33155,162.34755,162.28695,162.29825,0,1786052390778,STALE
2026-07-02 06:30:00+00:00,162.29855,162.32655,162.24945,162.27225,0,1786052389878,STALE
2026-07-02 06:45:00+00:00,162.27165,162.28055,162.22125,162.23325,0,1786052388978,STALE
2026-07-02 07:00:00+00:00,162.23215,162.29795,162.21495,162.22305,0,1786052388078,STALE
2026-07-02 07:15:00+00:00,162.22325,162.24825,162.19715,162.23095,0,1786052387178,STALE
2026-07-02 07:30:00+00:00,162.23015,162.27655,162.19075,162.26735,0,1786052386278,STALE
2026-07-02 07:45:00+00:00,162.26705,162.30515,162.23155,162.24335,0,1786052385378,STALE
2026-07-02 08:00:00+00:00,162.24245,162.24745,162.12605,162.18425,0,1786052384478,STALE
2026-07-02 08:15:00+00:00,162.18495,162.20015,162.12835,162.16365,0,1786052383578,STALE
2026-07-02 08:30:00+00:00,162.16955,162.20295,162.12485,162.13545,0,1786052382678,STALE
2026-07-02 08:45:00+00:00,162.13525,162.17805,162.11625,162.16895,0,1786052381778,STALE
2026-07-02 09:00:00+00:00,162.16945,162.21035,162.14195,162.20035,0,1786052380878,STALE
2026-07-02 09:15:00+00:00,162.19955,162.22915,162.17705,162.19295,0,1786052379978,STALE
2026-07-02 09:30:00+00:00,162.19325,162.20335,162.13065,162.16325,0,1786052379078,STALE
2026-07-02 09:45:00+00:00,162.16385,162.23965,162.15695,162.20285,0,1786052378178,STALE
2026-07-02 10:00:00+00:00,162.20335,162.24915,162.19525,162.23935,0,1786052377278,STALE
2026-07-02 10:15:00+00:00,162.23975,162.28265,162.21225,162.25965,0,1786052376378,STALE
2026-07-02 10:30:00+00:00,162.25935,162.27375,162.22255,162.22315,0,1786052375478,STALE
2026-07-02 10:45:00+00:00,162.22275,162.28775,162.20585,162.27515,0,1786052374578,STALE
2026-07-02 11:00:00+00:00,162.27225,162.27315,162.20505,162.21455,0,1786052373678,STALE
2026-07-02 11:15:00+00:00,162.21415,162.24065,162.20265,162.21235,0,1786052372778,STALE
2026-07-02 11:30:00+00:00,162.21205,162.28485,162.20505,162.25195,0,1786052371878,STALE
2026-07-02 11:45:00+00:00,162.25185,162.25915,162.18485,162.20225,0,1786052370978,STALE
2026-07-02 12:00:00+00:00,162.20195,162.28505,162.19385,162.23035,0,1786052370078,STALE
2026-07-02 12:15:00+00:00,162.23145,162.24395,162.19915,162.22425,0,1786052369178,STALE
2026-07-02 12:30:00+00:00,162.22435,162.23925,162.13615,162.13615,0,1786052368278,STALE
2026-07-02 12:45:00+00:00,162.13555,162.17485,162.11175,162.13115,0,1786052367378,STALE
2026-07-02 13:00:00+00:00,162.13085,162.14525,162.04805,162.05795,0,1786052366478,STALE
2026-07-02 13:15:00+00:00,162.05805,162.08735,162.00975,162.08415,0,1786052365578,STALE
2026-07-02 13:30:00+00:00,162.08435,162.08745,162.03215,162.08685,0,1786052364678,STALE
2026-07-02 13:45:00+00:00,162.08695,162.11835,162.04025,162.05985,0,1786052363778,STALE
2026-07-02 14:00:00+00:00,162.05945,162.07235,161.97075,161.97295,0,1786052362878,STALE
2026-07-02 14:15:00+00:00,161.97345,161.99285,161.93215,161.98755,0,1786052361978,STALE
2026-07-02 14:30:00+00:00,161.98825,162.02575,161.95625,162.02525,0,1786052361078,STALE
2026-07-02 14:45:00+00:00,162.02365,162.05105,161.95135,162.01865,0,1786052360178,STALE
2026-07-02 15:00:00+00:00,162.01895,162.10475,162.00185,162.08945,0,1786052359278,STALE
2026-07-02 15:15:00+00:00,162.08985,162.13515,162.06185,162.13515,0,1786052358378,STALE
2026-07-02 15:30:00+00:00,162.13545,162.13675,162.05815,162.11035,0,1786052357478,STALE
2026-07-02 15:45:00+00:00,162.10985,162.15055,162.09285,162.12555,0,1786052356578,STALE
2026-07-02 16:00:00+00:00,162.12625,162.17115,162.11225,162.16505,0,1786052355678,STALE
2026-07-02 16:15:00+00:00,162.16525,162.20595,162.15035,162.18305,0,1786052354778,STALE
2026-07-02 16:30:00+00:00,162.18385,162.19835,162.15925,162.18785,0,1786052353878,STALE
2026-07-02 16:45:00+00:00,162.18705,162.21135,162.14735,162.15915,0,1786052352978,STALE
2026-07-02 17:00:00+00:00,162.15855,162.17755,162.12675,162.14875,0,1786052352078,STALE
2026-07-02 17:15:00+00:00,162.14865,162.22905,162.14515,162.18255,0,1786052351178,STALE
2026-07-02 17:30:00+00:00,162.18205,162.21745,162.15715,162.19485,0,1786052350278,STALE
2026-07-02 17:45:00+00:00,162.19535,162.21545,162.13695,162.14715,0,1786052349378,STALE
2026-07-02 18:00:00+00:00,162.14845,162.15515,162.10895,162.12975,0,1786052348478,STALE
2026-07-02 18:15:00+00:00,162.12985,162.16385,162.09265,162.09685,0,1786052347578,STALE
2026-07-02 18:30:00+00:00,162.09635,162.18365,162.07295,162.16875,0,1786052346678,STALE
2026-07-02 18:45:00+00:00,162.16845,162.24275,162.12555,162.20745,0,1786052345778,STALE
2026-07-02 19:00:00+00:00,162.20495,162.22095,162.16975,162.21145,0,1786052344878,STALE
2026-07-02 19:15:00+00:00,162.21105,162.22065,162.15515,162.17795,0,1786052343978,STALE
2026-07-02 19:30:00+00:00,162.17815,162.20645,162.12215,162.17295,0,1786052343078,STALE
2026-07-02 19:45:00+00:00,162.17305,162.23585,162.15665,162.18955,0,1786052342178,STALE
2026-07-02 20:00:00+00:00,162.18985,162.23995,162.18255,162.18495,0,1786052341278,STALE
2026-07-02 20:15:00+00:00,162.18445,162.23485,162.16105,162.20165,0,1786052340378,STALE
2026-07-02 20:30:00+00:00,162.20255,162.23305,162.17885,162.21135,0,1786052339478,STALE
2026-07-02 20:45:00+00:00,162.21105,162.22365,162.14215,162.14335,0,1786052338578,STALE
2026-07-02 21:00:00+00:00,162.14385,162.17425,162.12115,162.14315,0,1786052337678,STALE
2026-07-02 21:15:00+00:00,162.14345,162.27395,162.13545,162.27345,0,1786052336778,STALE
2026-07-02 21:30:00+00:00,162.27375,162.27715,162.15905,162.16235,0,1786052335878,STALE
2026-07-02 21:45:00+00:00,162.16095,162.19915,162.13595,162.16415,0,1786052334978,STALE
2026-07-02 22:00:00+00:00,162.16455,162.17755,162.12125,162.13635,0,1786052334078,STALE
2026-07-02 22:15:00+00:00,162.13685,162.17265,162.10845,162.10945,0,1786052333178,STALE
2026-07-02 22:30:00+00:00,162.10905,162.14585,162.07675,162.14535,0,1786052332278,STALE
2026-07-02 22:45:00+00:00,162.14515,162.17075,162.10875,162.13155,0,1786052331378,STALE
2026-07-02 23:00:00+00:00,162.13515,162.17275,162.07515,162.07705,0,1786052330478,STALE
2026-07-02 23:15:00+00:00,162.07685,162.08285,162.02825,162.03625,0,1786052329578,STALE
2026-07-02 23:30:00+00:00,162.03555,162.07305,161.99015,162.04315,0,1786052328678,STALE
2026-07-02 23:45:00+00:00,162.04365,162.07145,161.99105,162.00285,0,1786052327778,STALE
2026-07-03 00:00:00+00:00,162.00255,162.01385,161.95415,161.99915,0,1786052326878,STALE
2026-07-03 00:15:00+00:00,161.99935,162.02255,161.95695,161.98775,0,1786052325978,STALE
2026-07-03 00:30:00+00:00,161.98745,162.00505,161.94175,161.98875,0,1786052325078,STALE
2026-07-03 00:45:00+00:00,161.98785,162.03845,161.95635,161.95975,0,1786052324178,STALE
2026-07-03 01:00:00+00:00,161.95995,161.98285,161.91405,161.91705,0,1786052323278,STALE
2026-07-03 01:15:00+00:00,161.91845,161.97405,161.89715,161.96285,0,1786052322378,STALE
2026-07-03 01:30:00+00:00,161.96345,162.05375,161.95785,162.00365,0,1786052321478,STALE
2026-07-03 01:45:00+00:00,162.00455,162.08655,161.98025,162.06525,0,1786052320578,STALE
2026-07-03 02:00:00+00:00,162.06555,162.09905,162.04485,162.08615,0,1786052319678,STALE
2026-07-03 02:15:00+00:00,162.08595,162.15125,162.07855,162.10425,0,1786052318778,STALE
2026-07-03 02:30:00+00:00,162.10525,162.13185,162.07285,162.08755,0,1786052317878,STALE
2026-07-03 02:45:00+00:00,162.08795,162.11075,162.06285,162.09905,0,1786052316978,STALE
2026-07-03 03:00:00+00:00,162.09975,162.10485,162.01455,162.02155,0,1786052316078,STALE
2026-07-03 03:15:00+00:00,162.02175,162.06265,161.95925,161.95925,0,1786052315178,STALE
2026-07-03 03:30:00+00:00,161.95875,161.97425,161.93485,161.95735,0,1786052314278,STALE
2026-07-03 03:45:00+00:00,161.95755,161.96175,161.89705,161.91725,0,1786052313378,STALE
2026-07-03 04:00:00+00:00,161.91765,161.91955,161.86415,161.91385,0,1786052312478,STALE
2026-07-03 04:15:00+00:00,161.91365,161.92655,161.86085,161.89585,0,1786052311578,STALE
2026-07-03 04:30:00+00:00,161.89605,161.90805,161.84935,161.87545,0,1786052310678,STALE
2026-07-03 04:45:00+00:00,161.87555,161.89155,161.84295,161.86735,0,1786052309778,STALE
2026-07-03 05:00:00+00:00,161.86705,161.87065,161.79445,161.79775,0,1786052308878,STALE
2026-07-03 05:15:00+00:00,161.79765,161.80795,161.70165,161.70505,0,1786052307978,STALE
2026-07-03 05:30:00+00:00,161.70515,161.73205,161.66105,161.73205,0,1786052307078,STALE
2026-07-03 05:45:00+00:00,161.73215,161.78195,161.72155,161.76555,0,1786052306178,STALE
2026-07-03 06:00:00+00:00,161.76595,161.76595,161.69895,161.73805,0,1786052305278,STALE
2026-07-03 06:15:00+00:00,161.73735,161.73875,161.64035,161.64965,0,1786052304378,STALE
2026-07-03 06:30:00+00:00,161.64955,161.75335,161.64135,161.73025,0,1786052303478,STALE
2026-07-03 06:45:00+00:00,161.72935,161.74035,161.60805,161.61105,0,1786052302578,STALE
2026-07-03 07:00:00+00:00,161.61125,161.61545,161.50975,161.53075,0,1786052301678,STALE
2026-07-03 07:15:00+00:00,161.53105,161.69345,161.53055,161.66475,0,1786052300778,STALE
2026-07-03 07:30:00+00:00,161.66425,161.76025,161.66075,161.73855,0,1786052299878,STALE
2026-07-03 07:45:00+00:00,161.73875,161.78345,161.73305,161.75905,0,1786052298978,STALE
2026-07-03 08:00:00+00:00,161.75915,161.82585,161.71115,161.82485,0,1786052298078,STALE
2026-07-03 08:15:00+00:00,161.82505,161.83885,161.78745,161.82175,0,1786052297178,STALE
2026-07-03 08:30:00+00:00,161.82135,161.84965,161.76865,161.77365,0,1786052296278,STALE
2026-07-03 08:45:00+00:00,161.77465,161.82295,161.74005,161.75635,0,1786052295378,STALE
2026-07-03 09:00:00+00:00,161.75605,161.80225,161.67545,161.71475,0,1786052294478,STALE
2026-07-03 09:15:00+00:00,161.71545,161.74585,161.65315,161.65805,0,1786052293578,STALE
2026-07-03 09:30:00+00:00,161.65765,161.68685,161.56815,161.57195,0,1786052292678,STALE
2026-07-03 09:45:00+00:00,161.57245,161.62405,161.54045,161.61675,0,1786052291778,STALE
2026-07-03 10:00:00+00:00,161.61705,161.61865,161.51545,161.51565,0,1786052290878,STALE
2026-07-03 10:15:00+00:00,161.51555,161.51985,161.43665,161.45885,0,1786052289978,STALE
2026-07-03 10:30:00+00:00,161.45945,161.53135,161.45605,161.51515,0,1786052289078,STALE
2026-07-03 10:45:00+00:00,161.51565,161.58375,161.50975,161.57125,0,1786052288178,STALE
2026-07-03 11:00:00+00:00,161.57085,161.57815,161.47555,161.50065,0,1786052287278,STALE
2026-07-03 11:15:00+00:00,161.50035,161.56135,161.49285,161.54635,0,1786052286378,STALE
2026-07-03 11:30:00+00:00,161.54645,161.57165,161.41325,161.41695,0,1786052285478,STALE
2026-07-03 11:45:00+00:00,161.41685,161.42545,161.34775,161.38525,0,1786052284578,STALE
2026-07-03 12:00:00+00:00,161.38515,161.38635,161.30995,161.38155,0,1786052283678,STALE
2026-07-03 12:15:00+00:00,161.38145,161.39595,161.31685,161.32205,0,1786052282778,STALE
2026-07-03 12:30:00+00:00,161.32215,161.38435,161.29245,161.34835,0,1786052281878,STALE
2026-07-03 12:45:00+00:00,161.34875,161.40745,161.25665,161.26355,0,1786052280978,STALE
2026-07-03 13:00:00+00:00,161.26335,161.26395,161.16835,161.20835,0,1786052280078,STALE
2026-07-03 13:15:00+00:00,161.20825,161.23975,161.12415,161.12955,0,1786052279178,STALE
2026-07-03 13:30:00+00:00,161.12995,161.13155,161.04535,161.06345,0,1786052278278,STALE
2026-07-03 13:45:00+00:00,161.06325,161.08905,161.02705,161.03615,0,1786052277378,STALE
2026-07-03 14:00:00+00:00,161.03595,161.20545,161.02805,161.17745,0,1786052276478,STALE
2026-07-03 14:15:00+00:00,161.17865,161.22085,161.14625,161.19625,0,1786052275578,STALE
2026-07-03 14:30:00+00:00,161.19795,161.24995,161.17975,161.18565,0,1786052274678,STALE
2026-07-03 14:45:00+00:00,161.18535,161.24505,161.14145,161.24275,0,1786052273778,STALE
2026-07-03 15:00:00+00:00,161.24245,161.28525,161.21955,161.23725,0,1786052272878,STALE
2026-07-03 15:15:00+00:00,161.23745,161.27105,161.09835,161.09955,0,1786052271978,STALE
2026-07-03 15:30:00+00:00,161.10005,161.20965,161.08505,161.16385,0,1786052271078,STALE
2026-07-03 15:45:00+00:00,161.16435,161.16455,161.04325,161.06665,0,1786052270178,STALE
2026-07-03 16:00:00+00:00,161.06695,161.08465,160.94925,161.00615,0,1786052269278,STALE
2026-07-03 16:15:00+00:00,161.00595,161.01885,160.91975,160.92165,0,1786052268378,STALE
2026-07-03 16:30:00+00:00,160.92315,160.95355,160.77765,160.77965,0,1786052267478,STALE
2026-07-03 16:45:00+00:00,160.78015,160.78735,160.67855,160.73815,0,1786052266578,STALE
2026-07-03 17:00:00+00:00,160.73945,160.76845,160.68795,160.75635,0,1786052265678,STALE
2026-07-03 17:15:00+00:00,160.75645,160.78615,160.61695,160.63415,0,1786052264778,STALE
2026-07-03 17:30:00+00:00,160.63385,160.72745,160.62855,160.68905,0,1786052263878,STALE
2026-07-03 17:45:00+00:00,160.68945,160.73465,160.63475,160.63535,0,1786052262978,STALE
2026-07-03 18:00:00+00:00,160.63585,160.76185,160.62335,160.75665,0,1786052262078,STALE
2026-07-03 18:15:00+00:00,160.75855,160.78755,160.71325,160.73355,0,1786052261178,STALE
2026-07-03 18:30:00+00:00,160.73365,160.75515,160.68665,160.73495,0,1786052260278,STALE
2026-07-03 18:45:00+00:00,160.73455,160.73455,160.61215,160.65465,0,1786052259378,STALE
2026-07-03 19:00:00+00:00,160.65455,160.70895,160.63615,160.66915,0,1786052258478,STALE
2026-07-03 19:15:00+00:00,160.66955,160.71755,160.62695,160.69505,0,1786052257578,STALE
2026-07-03 19:30:00+00:00,160.69425,160.74075,160.67715,160.73415,0,1786052256678,STALE
2026-07-03 19:45:00+00:00,160.73335,160.77215,160.64145,160.65315,0,1786052255778,STALE
2026-07-03 20:00:00+00:00,160.65365,160.72115,160.64335,160.72095,0,1786052254878,STALE
2026-07-03 20:15:00+00:00,160.72135,160.73865,160.64495,160.65275,0,1786052253978,STALE
2026-07-03 20:30:00+00:00,160.65235,160.71645,160.64555,160.67045,0,1786052253078,STALE
2026-07-03 20:45:00+00:00,160.66955,160.71015,160.51245,160.55075,0,1786052252178,STALE
2026-07-03 21:00:00+00:00,160.55055,160.66315,160.50765,160.64365,0,1786052251278,STALE
2026-07-03 21:15:00+00:00,160.64425,160.80125,160.64425,160.79665,0,1786052250378,STALE
2026-07-03 21:30:00+00:00,160.79715,160.82135,160.73975,160.77265,0,1786052249478,STALE
2026-07-03 21:45:00+00:00,160.77235,160.78615,160.70495,160.71925,0,1786052248578,STALE
2026-07-03 22:00:00+00:00,160.71965,160.81425,160.71665,160.72115,0,1786052247678,STALE
2026-07-03 22:15:00+00:00,160.72055,160.79805,160.71405,160.79805,0,1786052246778,STALE
2026-07-03 22:30:00+00:00,160.79855,160.82095,160.62765,160.63405,0,1786052245878,STALE
2026-07-03 22:45:00+00:00,160.63355,160.73805,160.60305,160.73695,0,1786052244978,STALE
2026-07-03 23:00:00+00:00,160.73625,160.79795,160.71625,160.73765,0,1786052244078,STALE
2026-07-03 23:15:00+00:00,160.73775,160.76865,160.67265,160.67265,0,1786052243178,STALE
2026-07-03 23:30:00+00:00,160.67215,160.76285,160.65365,160.73955,0,1786052242278,STALE
2026-07-03 23:45:00+00:00,160.73995,160.77805,160.67235,160.68515,0,1786052241378,STALE
2026-07-04 00:00:00+00:00,160.68495,160.74635,160.68095,160.71205,0,1786052240478,STALE
2026-07-04 00:15:00+00:00,160.71235,160.79245,160.67885,160.75485,0,1786052239578,STALE
2026-07-04 00:30:00+00:00,160.75715,160.78235,160.71625,160.76785,0,1786052238678,STALE
2026-07-04 00:45:00+00:00,160.76835,160.81745,160.75585,160.79995,0,1786052237778,STALE
2026-07-04 01:00:00+00:00,160.79975,160.85465,160.77965,160.83805,0,1786052236878,STALE
2026-07-04 01:15:00+00:00,160.83755,160.88385,160.75505,160.81685,0,1786052235978,STALE
2026-07-04 01:30:00+00:00,160.81675,160.83945,160.76565,160.77455,0,1786052235078,STALE
2026-07-04 01:45:00+00:00,160.77405,160.80215,160.71915,160.71935,0,1786052234178,STALE
2026-07-04 02:00:00+00:00,160.71905,160.80675,160.71675,160.77495,0,1786052233278,STALE
2026-07-04 02:15:00+00:00,160.77515,160.80065,160.71725,160.79355,0,1786052232378,STALE
2026-07-04 02:30:00+00:00,160.79375,160.80405,160.74945,160.76945,0,1786052231478,STALE
2026-07-04 02:45:00+00:00,160.76905,160.79985,160.74165,160.78215,0,1786052230578,STALE
2026-07-04 03:00:00+00:00,160.78165,160.89675,160.75935,160.88905,0,1786052229678,STALE
2026-07-04 03:15:00+00:00,160.88885,160.89515,160.79785,160.79875,0,1786052228778,STALE
2026-07-04 03:30:00+00:00,160.79885,160.95185,160.79465,160.93435,0,1786052227878,STALE
2026-07-04 03:45:00+00:00,160.93365,161.01395,160.92275,161.00725,0,1786052226978,STALE
2026-07-04 04:00:00+00:00,161.00345,161.02335,160.96205,160.99355,0,1786052226078,STALE
2026-07-04 04:15:00+00:00,160.99365,161.02465,160.95185,160.98665,0,1786052225178,STALE
2026-07-04 04:30:00+00:00,160.98755,161.05855,160.97745,161.05855,0,1786052224278,STALE
2026-07-04 04:45:00+00:00,161.05565,161.08025,161.01175,161.03025,0,1786052223378,STALE
2026-07-04 05:00:00+00:00,161.02845,161.09875,161.01485,161.05375,0,1786052222478,STALE
2026-07-04 05:15:00+00:00,161.05335,161.08635,161.03745,161.07515,0,1786052221578,STALE
2026-07-04 05:30:00+00:00,161.07295,161.11455,161.01205,161.09745,0,1786052220678,STALE
2026-07-04 05:45:00+00:00,161.09765,161.13445,161.07905,161.09575,0,1786052219778,STALE
2026-07-04 06:00:00+00:00,161.09495,161.10705,161.03325,161.03435,0,1786052218878,STALE
2026-07-04 06:15:00+00:00,161.03395,161.15945,161.03305,161.14665,0,1786052217978,STALE
2026-07-04 06:30:00+00:00,161.14615,161.21245,161.13915,161.18715,0,1786052217078,STALE
2026-07-04 06:45:00+00:00,161.18455,161.24595,161.12185,161.15385,0,1786052216178,STALE
2026-07-04 07:00:00+00:00,161.15365,161.17655,161.03605,161.03735,0,1786052215278,STALE
2026-07-04 07:15:00+00:00,161.03695,161.05165,160.98225,161.02385,0,1786052214378,STALE
2026-07-04 07:30:00+00:00,161.02375,161.13415,161.02085,161.12835,0,1786052213478,STALE
2026-07-04 07:45:00+00:00,161.12805,161.16255,161.04545,161.10855,0,1786052212578,STALE
2026-07-04 08:00:00+00:00,161.10835,161.14325,161.03575,161.09255,0,1786052211678,STALE
2026-07-04 08:15:00+00:00,161.09165,161.13145,161.03355,161.08005,0,1786052210778,STALE
2026-07-04 08:30:00+00:00,161.08025,161.13065,161.04305,161.07775,0,1786052209878,STALE
2026-07-04 08:45:00+00:00,161.07815,161.14185,160.99085,160.99535,0,1786052208978,STALE
2026-07-04 09:00:00+00:00,160.99545,161.00095,160.90015,160.97455,0,1786052208078,STALE
2026-07-04 09:15:00+00:00,160.97425,161.01355,160.92085,160.93435,0,1786052207178,STALE
2026-07-04 09:30:00+00:00,160.93415,160.95255,160.84495,160.89475,0,1786052206278,STALE
2026-07-04 09:45:00+00:00,160.89505,160.98655,160.88415,160.98465,0,1786052205378,STALE
2026-07-04 10:00:00+00:00,160.98435,160.99035,160.90185,160.96605,0,1786052204478,STALE
2026-07-04 10:15:00+00:00,160.96635,160.97385,160.86655,160.89955,0,1786052203578,STALE
2026-07-04 10:30:00+00:00,160.90015,160.90875,160.80545,160.85825,0,1786052202678,STALE
2026-07-04 10:45:00+00:00,160.85855,160.94635,160.78265,160.94335,0,1786052201778,STALE
2026-07-04 11:00:00+00:00,160.94315,160.95295,160.88645,160.89435,0,1786052200878,STALE
2026-07-04 11:15:00+00:00,160.89455,160.94165,160.86585,160.93745,0,1786052199978,STALE
2026-07-04 11:30:00+00:00,160.93705,161.00465,160.90575,160.99265,0,1786052199078,STALE
2026-07-04 11:45:00+00:00,160.99295,161.04285,160.92685,160.93445,0,1786052198178,STALE
2026-07-04 12:00:00+00:00,160.93355,160.99755,160.92025,160.94565,0,1786052197278,STALE
2026-07-04 12:15:00+00:00,160.94605,161.07715,160.94045,161.03125,0,1786052196378,STALE
2026-07-04 12:30:00+00:00,161.03135,161.15995,161.02775,161.15385,0,1786052195478,STALE
2026-07-04 12:45:00+00:00,161.15415,161.16145,161.06335,161.09005,0,1786052194578,STALE
2026-07-04 13:00:00+00:00,161.09045,161.13795,161.05115,161.11865,0,1786052193678,STALE
2026-07-04 13:15:00+00:00,161.11905,161.16915,161.08145,161.15965,0,1786052192778,STALE
2026-07-04 13:30:00+00:00,161.15915,161.21295,161.12815,161.13555,0,1786052191878,STALE
2026-07-04 13:45:00+00:00,161.13585,161.16395,161.05465,161.13205,0,1786052190978,STALE
2026-07-04 14:00:00+00:00,161.13105,161.20505,161.12935,161.15105,0,1786052190078,STALE
2026-07-04 14:15:00+00:00,161.14975,161.15445,161.09835,161.11875,0,1786052189178,STALE
2026-07-04 14:30:00+00:00,161.11815,161.22205,161.11145,161.19645,0,1786052188278,STALE
2026-07-04 14:45:00+00:00,161.19665,161.23925,161.17315,161.17945,0,1786052187378,STALE
2026-07-04 15:00:00+00:00,161.17985,161.20375,161.02655,161.03985,0,1786052186478,STALE
2026-07-04 15:15:00+00:00,161.04015,161.10075,161.02165,161.08475,0,1786052185578,STALE
2026-07-04 15:30:00+00:00,161.08455,161.13465,161.07275,161.11855,0,1786052184678,STALE
2026-07-04 15:45:00+00:00,161.11815,161.13975,161.07415,161.10695,0,1786052183778,STALE
2026-07-04 16:00:00+00:00,161.10705,161.12865,161.05845,161.12865,0,1786052182878,STALE
2026-07-04 16:15:00+00:00,161.13125,161.17365,161.05665,161.06135,0,1786052181978,STALE
2026-07-04 16:30:00+00:00,161.06095,161.06595,160.96005,160.97085,0,1786052181078,STALE
2026-07-04 16:45:00+00:00,160.97075,161.03175,160.95965,161.01725,0,1786052180178,STALE
2026-07-04 17:00:00+00:00,161.01705,161.06495,160.94545,160.94545,0,1786052179278,STALE
2026-07-04 17:15:00+00:00,160.94165,160.95445,160.86115,160.86155,0,1786052178378,STALE
2026-07-04 17:30:00+00:00,160.86105,160.91815,160.85995,160.88755,0,1786052177478,STALE
2026-07-04 17:45:00+00:00,160.88775,160.96755,160.88125,160.96225,0,1786052176578,STALE
2026-07-04 18:00:00+00:00,160.96145,160.97065,160.83475,160.84055,0,1786052175678,STALE
2026-07-04 18:15:00+00:00,160.84075,160.90645,160.77785,160.77785,0,1786052174778,STALE
2026-07-04 18:30:00+00:00,160.77745,160.81385,160.76575,160.77995,0,1786052173878,STALE
2026-07-04 18:45:00+00:00,160.78255,160.81455,160.68195,160.79155,0,1786052172978,STALE
2026-07-04 19:00:00+00:00,160.79195,160.84735,160.78855,160.83415,0,1786052172078,STALE
2026-07-04 19:15:00+00:00,160.83515,160.95135,160.81985,160.90175,0,1786052171178,STALE
2026-07-04 19:30:00+00:00,160.90165,160.97385,160.90075,160.92585,0,1786052170278,STALE
2026-07-04 19:45:00+00:00,160.92525,161.00335,160.91475,160.95635,0,1786052169378,STALE
2026-07-04 20:00:00+00:00,160.95695,161.02215,160.93265,160.98175,0,1786052168478,STALE
2026-07-04 20:15:00+00:00,160.98235,160.99505,160.82445,160.85605,0,1786052167578,STALE
2026-07-04 20:30:00+00:00,160.85645,160.92115,160.84505,160.88805,0,1786052166678,STALE
2026-07-04 20:45:00+00:00,160.88845,160.93435,160.87785,160.91075,0,1786052165778,STALE
2026-07-04 21:00:00+00:00,160.91045,161.03205,160.90465,160.98935,0,1786052164878,STALE
2026-07-04 21:15:00+00:00,160.98885,161.01715,160.90575,160.93725,0,1786052163978,STALE
2026-07-04 21:30:00+00:00,160.93695,161.03205,160.91185,160.97635,0,1786052163078,STALE
2026-07-04 21:45:00+00:00,160.97685,161.00845,160.93035,160.93165,0,1786052162178,STALE
2026-07-04 22:00:00+00:00,160.93125,160.93135,160.79965,160.85545,0,1786052161278,STALE
2026-07-04 22:15:00+00:00,160.85555,160.92095,160.84445,160.85955,0,1786052160378,STALE
2026-07-04 22:30:00+00:00,160.85905,160.98855,160.83745,160.94515,0,1786052159478,STALE
2026-07-04 22:45:00+00:00,160.94445,160.99175,160.89775,160.91995,0,1786052158578,STALE
2026-07-04 23:00:00+00:00,160.91965,160.96755,160.89485,160.93655,0,1786052157678,STALE
2026-07-04 23:15:00+00:00,160.93645,161.00615,160.91435,160.98485,0,1786052156778,STALE
2026-07-04 23:30:00+00:00,160.98495,161.05685,160.95625,161.04685,0,1786052155878,STALE
2026-07-04 23:45:00+00:00,161.04675,161.09325,161.02435,161.08815,0,1786052154978,STALE
2026-07-05 00:00:00+00:00,161.08795,161.09825,161.04045,161.09475,0,1786052154078,STALE
2026-07-05 00:15:00+00:00,161.09515,161.16455,161.08935,161.14825,0,1786052153178,STALE
2026-07-05 00:30:00+00:00,161.14835,161.19055,161.12655,161.14995,0,1786052152278,STALE
2026-07-05 00:45:00+00:00,161.15035,161.15595,161.06095,161.09085,0,1786052151378,STALE
2026-07-05 01:00:00+00:00,161.09125,161.15855,161.05005,161.12765,0,1786052150478,STALE
2026-07-05 01:15:00+00:00,161.12735,161.17115,161.10625,161.13345,0,1786052149578,STALE
2026-07-05 01:30:00+00:00,161.13575,161.13855,161.00795,161.02775,0,1786052148678,STALE
2026-07-05 01:45:00+00:00,161.02745,161.11495,161.02675,161.11305,0,1786052147778,STALE
2026-07-05 02:00:00+00:00,161.11335,161.16415,161.07795,161.15005,0,1786052146878,STALE
2026-07-05 02:15:00+00:00,161.15035,161.23285,161.12055,161.12055,0,1786052145978,STALE
2026-07-05 02:30:00+00:00,161.12025,161.24605,161.11215,161.18055,0,1786052145078,STALE
2026-07-05 02:45:00+00:00,161.18045,161.18365,161.05605,161.12635,0,1786052144178,STALE
2026-07-05 03:00:00+00:00,161.12595,161.17265,161.06485,161.11465,0,1786052143278,STALE
2026-07-05 03:15:00+00:00,161.11495,161.14875,161.07375,161.10955,0,1786052142378,STALE
2026-07-05 03:30:00+00:00,161.10925,161.15665,161.05685,161.15355,0,1786052141478,STALE
2026-07-05 03:45:00+00:00,161.15465,161.19315,161.11155,161.18855,0,1786052140578,STALE
2026-07-05 04:00:00+00:00,161.18415,161.18985,161.09085,161.09155,0,1786052139678,STALE
2026-07-05 04:15:00+00:00,161.09215,161.12715,161.03105,161.11315,0,1786052138778,STALE
2026-07-05 04:30:00+00:00,161.11345,161.13995,160.99285,161.05505,0,1786052137878,STALE
2026-07-05 04:45:00+00:00,161.05455,161.12005,160.99285,161.04065,0,1786052136978,STALE
2026-07-05 05:00:00+00:00,161.04045,161.08345,160.96235,160.96315,0,1786052136078,STALE
2026-07-05 05:15:00+00:00,160.96305,161.04025,160.94645,160.99675,0,1786052135178,STALE
2026-07-05 05:30:00+00:00,160.99735,161.12965,160.98065,161.09115,0,1786052134278,STALE
2026-07-05 05:45:00+00:00,161.09155,161.11135,161.03485,161.06775,0,1786052133378,STALE
2026-07-05 06:00:00+00:00,161.06795,161.13015,161.03955,161.06885,0,1786052132478,STALE
2026-07-05 06:15:00+00:00,161.06915,161.10955,161.03585,161.08935,0,1786052131578,STALE
2026-07-05 06:30:00+00:00,161.09175,161.15415,161.07275,161.07935,0,1786052130678,STALE
2026-07-05 06:45:00+00:00,161.07955,161.20075,161.07695,161.17275,0,1786052129778,STALE
2026-07-05 07:00:00+00:00,161.17195,161.18705,161.11225,161.16155,0,1786052128878,STALE
2026-07-05 07:15:00+00:00,161.16135,161.20665,161.12445,161.15895,0,1786052127978,STALE
2026-07-05 07:30:00+00:00,161.15935,161.17885,161.05815,161.08885,0,1786052127078,STALE
2026-07-05 07:45:00+00:00,161.09025,161.13805,161.06775,161.12595,0,1786052126178,STALE
2026-07-05 08:00:00+00:00,161.12605,161.19285,161.11625,161.18265,0,1786052125278,STALE
2026-07-05 08:15:00+00:00,161.18295,161.28115,161.18275,161.19245,0,1786052124378,STALE
2026-07-05 08:30:00+00:00,161.19295,161.28135,161.15585,161.24985,0,1786052123478,STALE
2026-07-05 08:45:00+00:00,161.24955,161.25065,161.13915,161.22335,0,1786052122578,STALE
2026-07-05 09:00:00+00:00,161.22375,161.35465,161.22375,161.34235,0,1786052121678,STALE
2026-07-05 09:15:00+00:00,161.34265,161.35195,161.28195,161.28685,0,1786052120778,STALE
2026-07-05 09:30:00+00:00,161.28725,161.29295,161.22815,161.27165,0,1786052119878,STALE
2026-07-05 09:45:00+00:00,161.27095,161.28295,161.21065,161.26995,0,1786052118978,STALE
2026-07-05 10:00:00+00:00,161.26925,161.29965,161.15545,161.15895,0,1786052118078,STALE
2026-07-05 10:15:00+00:00,161.15945,161.19565,161.07845,161.08165,0,1786052117178,STALE
2026-07-05 10:30:00+00:00,161.08185,161.11175,161.04695,161.11175,0,1786052116278,STALE
2026-07-05 10:45:00+00:00,161.11135,161.12535,161.01025,161.01825,0,1786052115378,STALE
2026-07-05 11:00:00+00:00,161.01795,161.13585,161.01645,161.09565,0,1786052114478,STALE
2026-07-05 11:15:00+00:00,161.09625,161.10445,161.03955,161.06875,0,1786052113578,STALE
2026-07-05 11:30:00+00:00,161.06015,161.12725,161.04475,161.12715,0,1786052112678,STALE
2026-07-05 11:45:00+00:00,161.12775,161.18475,161.11785,161.13335,0,1786052111778,STALE
2026-07-05 12:00:00+00:00,161.13425,161.28555,161.13425,161.23525,0,1786052110878,STALE
2026-07-05 12:15:00+00:00,161.23485,161.27305,161.20195,161.26955,0,1786052109978,STALE
2026-07-05 12:30:00+00:00,161.27015,161.37045,161.27015,161.37005,0,1786052109078,STALE
2026-07-05 12:45:00+00:00,161.37095,161.37325,161.28425,161.35315,0,1786052108178,STALE
2026-07-05 13:00:00+00:00,161.35275,161.41545,161.34385,161.38735,0,1786052107278,STALE
2026-07-05 13:15:00+00:00,161.38935,161.53485,161.37245,161.53055,0,1786052106378,STALE
2026-07-05 13:30:00+00:00,161.53015,161.55125,161.41755,161.41825,0,1786052105478,STALE
2026-07-05 13:45:00+00:00,161.41795,161.43505,161.36755,161.37535,0,1786052104578,STALE
2026-07-05 14:00:00+00:00,161.37565,161.40505,161.35275,161.36805,0,1786052103678,STALE
2026-07-05 14:15:00+00:00,161.36855,161.39925,161.33945,161.34845,0,1786052102778,STALE
2026-07-05 14:30:00+00:00,161.34835,161.37255,161.28745,161.32295,0,1786052101878,STALE
2026-07-05 14:45:00+00:00,161.32325,161.46295,161.31735,161.40405,0,1786052100978,STALE
2026-07-05 15:00:00+00:00,161.40385,161.48935,161.39235,161.42485,0,1786052100078,STALE
2026-07-05 15:15:00+00:00,161.42495,161.44595,161.37115,161.39385,0,1786052099178,STALE
2026-07-05 15:30:00+00:00,161.39395,161.46935,161.34515,161.34835,0,1786052098278,STALE
2026-07-05 15:45:00+00:00,161.34875,161.37645,161.27355,161.33485,0,1786052097378,STALE
2026-07-05 16:00:00+00:00,161.33405,161.35975,161.29645,161.30015,0,1786052096478,STALE
2026-07-05 16:15:00+00:00,161.30055,161.31765,161.23405,161.27455,0,1786052095578,STALE
2026-07-05 16:30:00+00:00,161.27415,161.33435,161.27315,161.31145,0,1786052094678,STALE
2026-07-05 16:45:00+00:00,161.31125,161.37095,161.27515,161.35045,0,1786052093778,STALE
2026-07-05 17:00:00+00:00,161.35085,161.35945,161.26875,161.28145,0,1786052092878,STALE
2026-07-05 17:15:00+00:00,161.28115,161.28115,161.19915,161.25595,0,1786052091978,STALE
2026-07-05 17:30:00+00:00,161.25775,161.27495,161.20685,161.24775,0,1786052091078,STALE
2026-07-05 17:45:00+00:00,161.24715,161.27215,161.17285,161.18695,0,1786052090178,STALE
2026-07-05 18:00:00+00:00,161.18735,161.22375,161.15525,161.18365,0,1786052089278,STALE
2026-07-05 18:15:00+00:00,161.18395,161.20605,161.08275,161.08365,0,1786052088378,STALE
2026-07-05 18:30:00+00:00,161.08345,161.09435,160.99935,161.02515,0,1786052087478,STALE
2026-07-05 18:45:00+00:00,161.02565,161.08375,160.99505,160.99685,0,1786052086578,STALE
2026-07-05 19:00:00+00:00,160.99695,161.01595,160.89245,160.92415,0,1786052085678,STALE
2026-07-05 19:15:00+00:00,160.92575,160.94445,160.86935,160.92845,0,1786052084778,STALE
2026-07-05 19:30:00+00:00,160.92965,161.00885,160.91555,160.95995,0,1786052083878,STALE
2026-07-05 19:45:00+00:00,160.95935,160.97505,160.89435,160.90645,0,1786052082978,STALE
2026-07-05 20:00:00+00:00,160.90625,160.94615,160.85395,160.91225,0,1786052082078,STALE
2026-07-05 20:15:00+00:00,160.91185,160.98225,160.87455,160.94445,0,1786052081178,STALE
2026-07-05 20:30:00+00:00,160.94465,160.95345,160.89025,160.90925,0,1786052080278,STALE
2026-07-05 20:45:00+00:00,160.90895,160.92565,160.86195,160.88065,0,1786052079378,STALE
2026-07-05 21:00:00+00:00,160.88015,160.88335,160.81315,160.86675,0,1786052078478,STALE
2026-07-05 21:15:00+00:00,160.86635,160.87585,160.72925,160.72925,0,1786052077578,STALE
2026-07-05 21:30:00+00:00,160.72915,160.82185,160.68585,160.79605,0,1786052076678,STALE
2026-07-05 21:45:00+00:00,160.79615,160.82305,160.75755,160.77625,0,1786052075778,STALE
2026-07-05 22:00:00+00:00,160.77615,160.78515,160.70315,160.76235,0,1786052074878,STALE
2026-07-05 22:15:00+00:00,160.76215,160.77055,160.65855,160.65875,0,1786052073978,STALE
2026-07-05 22:30:00+00:00,160.65905,160.67655,160.60715,160.67075,0,1786052073078,STALE
2026-07-05 22:45:00+00:00,160.67235,160.78245,160.67135,160.75565,0,1786052072178,STALE
2026-07-05 23:00:00+00:00,160.75615,160.77115,160.69275,160.73955,0,1786052071278,STALE
2026-07-05 23:15:00+00:00,160.73905,160.74085,160.63185,160.65725,0,1786052070378,STALE
2026-07-05 23:30:00+00:00,160.65665,160.70875,160.64935,160.68275,0,1786052069478,STALE
2026-07-05 23:45:00+00:00,160.68255,160.75105,160.66615,160.74495,0,1786052068578,STALE
2026-07-06 00:00:00+00:00,160.74535,160.75575,160.65535,160.66335,0,1786052067678,STALE
2026-07-06 00:15:00+00:00,160.66345,160.72475,160.65875,160.66355,0,1786052066778,STALE
2026-07-06 00:30:00+00:00,160.66365,160.79715,160.66115,160.76555,0,1786052065878,STALE
2026-07-06 00:45:00+00:00,160.76475,160.82095,160.75265,160.80925,0,1786052064978,STALE
2026-07-06 01:00:00+00:00,160.80965,160.88895,160.80185,160.88635,0,1786052064078,STALE
2026-07-06 01:15:00+00:00,160.88585,160.97715,160.87545,160.93575,0,1786052063178,STALE
2026-07-06 01:30:00+00:00,160.93555,160.96545,160.84845,160.86605,0,1786052062278,STALE
2026-07-06 01:45:00+00:00,160.86615,160.90915,160.76335,160.76475,0,1786052061378,STALE
2026-07-06 02:00:00+00:00,160.76445,160.81985,160.74425,160.81585,0,1786052060478,STALE
2026-07-06 02:15:00+00:00,160.81145,160.88915,160.79305,160.85055,0,1786052059578,STALE
2026-07-06 02:30:00+00:00,160.84945,160.92105,160.81365,160.82825,0,1786052058678,STALE
2026-07-06 02:45:00+00:00,160.82865,160.84395,160.72465,160.75745,0,1786052057778,STALE
2026-07-06 03:00:00+00:00,160.75725,160.77115,160.61675,160.62435,0,1786052056878,STALE
2026-07-06 03:15:00+00:00,160.62425,160.66395,160.60845,160.62465,0,1786052055978,STALE
2026-07-06 03:30:00+00:00,160.62455,160.63985,160.56095,160.57535,0,1786052055078,STALE
2026-07-06 03:45:00+00:00,160.57485,160.59785,160.52375,160.55805,0,1786052054178,STALE
2026-07-06 04:00:00+00:00,160.55945,160.55945,160.46555,160.53275,0,1786052053278,STALE
2026-07-06 04:15:00+00:00,160.53225,160.56645,160.46935,160.50025,0,1786052052378,STALE
2026-07-06 04:30:00+00:00,160.49995,160.50325,160.31535,160.38325,0,1786052051478,STALE
2026-07-06 04:45:00+00:00,160.38355,160.41455,160.36925,160.38555,0,1786052050578,STALE
2026-07-06 05:00:00+00:00,160.38595,160.42145,160.34505,160.40055,0,1786052049678,STALE
2026-07-06 05:15:00+00:00,160.40095,160.40425,160.31745,160.37085,0,1786052048778,STALE
2026-07-06 05:30:00+00:00,160.37275,160.41485,160.35235,160.39035,0,1786052047878,STALE
2026-07-06 05:45:00+00:00,160.39075,160.42435,160.35685,160.39295,0,1786052046978,STALE
2026-07-06 06:00:00+00:00,160.39275,160.41815,160.34325,160.40915,0,1786052046078,STALE
2026-07-06 06:15:00+00:00,160.40935,160.48405,160.37275,160.45435,0,1786052045178,STALE
2026-07-06 06:30:00+00:00,160.45355,160.50315,160.42425,160.46075,0,1786052044278,STALE
2026-07-06 06:45:00+00:00,160.46115,160.47165,160.38555,160.38925,0,1786052043378,STALE
2026-07-06 07:00:00+00:00,160.38815,160.52235,160.37925,160.38875,0,1786052042478,STALE
2026-07-06 07:15:00+00:00,160.38895,160.42905,160.35555,160.40575,0,1786052041578,STALE
2026-07-06 07:30:00+00:00,160.40605,160.41045,160.35025,160.35695,0,1786052040678,STALE
2026-07-06 07:45:00+00:00,160.35705,160.38915,160.31455,160.36775,0,1786052039778,STALE
2026-07-06 08:00:00+00:00,160.36725,160.44995,160.35275,160.44855,0,1786052038878,STALE
2026-07-06 08:15:00+00:00,160.44895,160.49745,160.42915,160.47845,0,1786052037978,STALE
2026-07-06 08:30:00+00:00,160.47875,160.49945,160.37315,160.40805,0,1786052037078,STALE
2026-07-06 08:45:00+00:00,160.40775,160.43015,160.31935,160.37755,0,1786052036178,STALE
2026-07-06 09:00:00+00:00,160.37705,160.40935,160.32015,160.33225,0,1786052035278,STALE
2026-07-06 09:15:00+00:00,160.33245,160.35335,160.26155,160.26175,0,1786052034378,STALE
2026-07-06 09:30:00+00:00,160.26125,160.27455,160.18415,160.22865,0,1786052033478,STALE
2026-07-06 09:45:00+00:00,160.22815,160.25725,160.19705,160.20575,0,1786052032578,STALE
2026-07-06 10:00:00+00:00,160.20615,160.21465,160.09365,160.11915,0,1786052031678,STALE
2026-07-06 10:15:00+00:00,160.11935,160.14665,160.06145,160.07085,0,1786052030778,STALE
2026-07-06 10:30:00+00:00,160.07145,160.08435,160.01355,160.04315,0,1786052029878,STALE
2026-07-06 10:45:00+00:00,160.04355,160.05595,159.95935,159.97385,0,1786052028978,STALE
2026-07-06 11:00:00+00:00,159.97365,160.00245,159.88725,159.89685,0,1786052028078,STALE
2026-07-06 11:15:00+00:00,159.89715,159.92565,159.78815,159.89155,0,1786052027178,STALE
2026-07-06 11:30:00+00:00,159.89095,159.92365,159.82865,159.85945,0,1786052026278,STALE
2026-07-06 11:45:00+00:00,159.85905,159.92095,159.83085,159.89175,0,1786052025378,STALE
2026-07-06 12:00:00+00:00,159.89155,159.90635,159.81855,159.82515,0,1786052024478,STALE
2026-07-06 12:15:00+00:00,159.82505,159.84305,159.78225,159.79635,0,1786052023578,STALE
2026-07-06 12:30:00+00:00,159.79595,159.81475,159.72135,159.78915,0,1786052022678,STALE
2026-07-06 12:45:00+00:00,159.78895,159.87545,159.78895,159.86445,0,1786052021778,STALE
2026-07-06 13:00:00+00:00,159.86395,159.86735,159.74785,159.76665,0,1786052020878,STALE
2026-07-06 13:15:00+00:00,159.77135,159.86145,159.72525,159.73795,0,1786052019978,STALE
2026-07-06 13:30:00+00:00,159.73825,159.77485,159.71205,159.72165,0,1786052019078,STALE
2026-07-06 13:45:00+00:00,159.72135,159.74745,159.60535,159.63025,0,1786052018178,STALE
2026-07-06 14:00:00+00:00,159.63085,159.71425,159.62695,159.70745,0,1786052017278,STALE
2026-07-06 14:15:00+00:00,159.70675,159.80565,159.66905,159.78285,0,1786052016378,STALE
2026-07-06 14:30:00+00:00,159.78245,159.78445,159.63345,159.63635,0,1786052015478,STALE
2026-07-06 14:45:00+00:00,159.63605,159.66095,159.53015,159.55085,0,1786052014578,STALE
2026-07-06 15:00:00+00:00,159.55115,159.65315,159.52155,159.65015,0,1786052013678,STALE
2026-07-06 15:15:00+00:00,159.64975,159.72455,159.60815,159.70585,0,1786052012778,STALE
2026-07-06 15:30:00+00:00,159.70685,159.78225,159.70615,159.77285,0,1786052011878,STALE
2026-07-06 15:45:00+00:00,159.77325,159.80095,159.73465,159.78785,0,1786052010978,STALE
2026-07-06 16:00:00+00:00,159.78805,159.78825,159.69685,159.70815,0,1786052010078,STALE
2026-07-06 16:15:00+00:00,159.70865,159.74115,159.65175,159.68685,0,1786052009178,STALE
2026-07-06 16:30:00+00:00,159.68835,159.73355,159.66465,159.67785,0,1786052008278,STALE
2026-07-06 16:45:00+00:00,159.67735,159.69935,159.60665,159.66325,0,1786052007378,STALE
2026-07-06 17:00:00+00:00,159.66315,159.79065,159.64765,159.76195,0,1786052006478,STALE
2026-07-06 17:15:00+00:00,159.76165,159.76745,159.65855,159.76565,0,1786052005578,STALE
2026-07-06 17:30:00+00:00,159.76595,159.86185,159.70995,159.84365,0,1786052004678,STALE
2026-07-06 17:45:00+00:00,159.84375,159.85235,159.74655,159.75025,0,1786052003778,STALE
2026-07-06 18:00:00+00:00,159.75075,159.78355,159.70965,159.74895,0,1786052002878,STALE
2026-07-06 18:15:00+00:00,159.74855,159.77045,159.71365,159.75495,0,1786052001978,STALE
2026-07-06 18:30:00+00:00,159.76305,159.77645,159.67035,159.67745,0,1786052001078,STALE
2026-07-06 18:45:00+00:00,159.67945,159.75405,159.66025,159.70905,0,1786052000178,STALE
2026-07-06 19:00:00+00:00,159.70945,159.79525,159.68785,159.77675,0,1786051999278,STALE
2026-07-06 19:15:00+00:00,159.77765,159.78745,159.71215,159.71435,0,1786051998378,STALE
2026-07-06 19:30:00+00:00,159.71415,159.74945,159.68285,159.71515,0,1786051997478,STALE
2026-07-06 19:45:00+00:00,159.71525,159.73055,159.57155,159.59835,0,1786051996578,STALE
2026-07-06 20:00:00+00:00,159.59945,159.63505,159.56355,159.62715,0,1786051995678,STALE
2026-07-06 20:15:00+00:00,159.62705,159.63455,159.51615,159.51955,0,1786051994778,STALE
2026-07-06 20:30:00+00:00,159.51995,159.64445,159.51855,159.63025,0,1786051993878,STALE
2026-07-06 20:45:00+00:00,159.63115,159.64605,159.58475,159.61055,0,1786051992978,STALE
2026-07-06 21:00:00+00:00,159.60925,159.63165,159.56235,159.62155,0,1786051992078,STALE
2026-07-06 21:15:00+00:00,159.62115,159.64835,159.52325,159.64835,0,1786051991178,STALE
2026-07-06 21:30:00+00:00,159.64815,159.75255,159.63875,159.64295,0,1786051990278,STALE
2026-07-06 21:45:00+00:00,159.64265,159.68395,159.63315,159.65365,0,1786051989378,STALE
2026-07-06 22:00:00+00:00,159.65345,159.68125,159.59885,159.68115,0,1786051988478,STALE
2026-07-06 22:15:00+00:00,159.68075,159.69465,159.65175,159.68735,0,1786051987578,STALE
2026-07-06 22:30:00+00:00,159.68725,159.74205,159.65875,159.73235,0,1786051986678,STALE
2026-07-06 22:45:00+00:00,159.73255,159.85085,159.73005,159.80965,0,1786051985778,STALE
2026-07-06 23:00:00+00:00,159.80995,159.87655,159.80415,159.85425,0,1786051984878,STALE
2026-07-06 23:15:00+00:00,159.85405,159.95915,159.85255,159.91195,0,1786051983978,STALE
2026-07-06 23:30:00+00:00,159.91215,160.00175,159.88265,159.95035,0,1786051983078,STALE
2026-07-06 23:45:00+00:00,159.94995,159.95405,159.86865,159.91935,0,1786051982178,STALE
2026-07-07 00:00:00+00:00,159.92005,159.92785,159.83475,159.84195,0,1786051981278,STALE
2026-07-07 00:15:00+00:00,159.84235,159.85405,159.74525,159.74755,0,1786051980378,STALE
2026-07-07 00:30:00+00:00,159.74845,159.76505,159.65175,159.67195,0,1786051979478,STALE
2026-07-07 00:45:00+00:00,159.67215,159.70795,159.64825,159.68035,0,1786051978578,STALE
2026-07-07 01:00:00+00:00,159.68055,159.74835,159.66355,159.71485,0,1786051977678,STALE
2026-07-07 01:15:00+00:00,159.71455,159.71745,159.62795,159.70815,0,1786051976778,STALE
2026-07-07 01:30:00+00:00,159.70845,159.73085,159.57435,159.58045,0,1786051975878,STALE
2026-07-07 01:45:00+00:00,159.58075,159.65525,159.54375,159.55575,0,1786051974978,STALE
2026-07-07 02:00:00+00:00,159.55545,159.57645,159.47995,159.49535,0,1786051974078,STALE
2026-07-07 02:15:00+00:00,159.49515,159.50355,159.31445,159.34555,0,1786051973178,STALE
2026-07-07 02:30:00+00:00,159.34525,159.47635,159.29625,159.45815,0,1786051972278,STALE
2026-07-07 02:45:00+00:00,159.45885,159.46145,159.38885,159.38885,0,1786051971378,STALE
2026-07-07 03:00:00+00:00,159.38865,159.45375,159.36155,159.41765,0,1786051970478,STALE
2026-07-07 03:15:00+00:00,159.41715,159.47145,159.40625,159.46545,0,1786051969578,STALE
2026-07-07 03:30:00+00:00,159.46565,159.54475,159.46165,159.50025,0,1786051968678,STALE
2026-07-07 03:45:00+00:00,159.49715,159.50695,159.41085,159.43115,0,1786051967778,STALE
2026-07-07 04:00:00+00:00,159.43115,161.91085,159.43115,161.86535,0,1786051966878,STALE
2026-07-07 04:15:00+00:00,161.86485,161.90195,161.80185,161.86945,0,1786051965978,STALE
2026-07-07 04:30:00+00:00,161.86855,161.92205,161.83205,161.84385,0,1786051965078,STALE
2026-07-07 04:45:00+00:00,161.84355,161.86075,161.76815,161.81885,0,1786051964178,STALE
2026-07-07 05:00:00+00:00,161.81815,161.81895,161.70765,161.72655,0,1786051963278,STALE
2026-07-07 05:15:00+00:00,161.72715,161.72985,161.64635,161.67095,0,1786051962378,STALE
2026-07-07 05:30:00+00:00,161.67065,161.83555,161.65175,161.79845,0,1786051961478,STALE
2026-07-07 05:45:00+00:00,161.79875,161.86185,161.72605,161.85775,0,1786051960578,STALE
2026-07-07 06:00:00+00:00,161.85665,161.92155,161.82125,161.86415,0,1786051959678,STALE
2026-07-07 06:15:00+00:00,161.86405,161.95955,161.84075,161.95385,0,1786051958778,STALE
2026-07-07 06:30:00+00:00,161.95405,161.96365,161.87785,161.91255,0,1786051957878,STALE
2026-07-07 06:45:00+00:00,161.91265,161.97805,161.86225,161.87975,0,1786051956978,STALE
2026-07-07 07:00:00+00:00,161.87965,161.89145,161.79025,161.84795,0,1786051956078,STALE
2026-07-07 07:15:00+00:00,161.84715,161.85175,161.75475,161.80345,0,1786051955178,STALE
2026-07-07 07:30:00+00:00,161.80355,161.92555,161.80335,161.89505,0,1786051954278,STALE
2026-07-07 07:45:00+00:00,161.89465,161.96325,161.87255,161.95865,0,1786051953378,STALE
2026-07-07 08:00:00+00:00,161.95825,162.00145,161.91645,161.94605,0,1786051952478,STALE
2026-07-07 08:15:00+00:00,161.94615,161.95465,161.90395,161.92395,0,1786051951578,STALE
2026-07-07 08:30:00+00:00,161.92405,161.95275,161.83725,161.84645,0,1786051950678,STALE
2026-07-07 08:45:00+00:00,161.84615,161.92835,161.84425,161.90185,0,1786051949778,STALE
2026-07-07 09:00:00+00:00,161.90085,161.93075,161.80215,161.85335,0,1786051948878,STALE
2026-07-07 09:15:00+00:00,161.85365,161.93735,161.85205,161.92195,0,1786051947978,STALE
2026-07-07 09:30:00+00:00,161.92075,161.96165,161.87705,161.91675,0,1786051947078,STALE
2026-07-07 09:45:00+00:00,161.91735,162.02885,161.91625,161.97075,0,1786051946178,STALE
2026-07-07 10:00:00+00:00,161.97155,162.02555,161.94065,162.02145,0,1786051945278,STALE
2026-07-07 10:15:00+00:00,162.02165,162.14165,161.99605,162.06475,0,1786051944378,STALE
2026-07-07 10:30:00+00:00,162.06435,162.13185,162.02545,162.03095,0,1786051943478,STALE
2026-07-07 10:45:00+00:00,162.03135,162.07545,162.01345,162.03235,0,1786051942578,STALE
2026-07-07 11:00:00+00:00,162.03155,162.11815,162.02945,162.05355,0,1786051941678,STALE
2026-07-07 11:15:00+00:00,162.05345,162.06255,161.98855,162.00055,0,1786051940778,STALE
2026-07-07 11:30:00+00:00,162.00025,162.01395,161.87355,161.88995,0,1786051939878,STALE
2026-07-07 11:45:00+00:00,161.89035,162.06365,161.88105,162.04095,0,1786051938978,STALE
2026-07-07 12:00:00+00:00,162.04135,162.07795,161.97445,161.99305,0,1786051938078,STALE
2026-07-07 12:15:00+00:00,161.99295,162.12475,161.97645,162.05265,0,1786051937178,STALE
2026-07-07 12:30:00+00:00,162.05055,162.20145,162.02255,162.19615,0,1786051936278,STALE
2026-07-07 12:45:00+00:00,162.19555,162.28305,162.18105,162.27145,0,1786051935378,STALE
2026-07-07 13:00:00+00:00,162.27005,162.28275,162.18605,162.26695,0,1786051934478,STALE
2026-07-07 13:15:00+00:00,162.26565,162.28115,162.18745,162.21665,0,1786051933578,STALE
2026-07-07 13:30:00+00:00,162.21705,162.28595,162.19965,162.22895,0,1786051932678,STALE
2026-07-07 13:45:00+00:00,162.22885,162.26155,162.17415,162.19015,0,1786051931778,STALE
2026-07-07 14:00:00+00:00,162.19535,162.19755,162.13555,162.17045,0,1786051930878,STALE
2026-07-07 14:15:00+00:00,162.17015,162.25565,162.15385,162.23845,0,1786051929978,STALE
2026-07-07 14:30:00+00:00,162.23895,162.42385,162.22585,162.42095,0,1786051929078,STALE
2026-07-07 14:45:00+00:00,162.42055,162.45795,162.37935,162.39335,0,1786051928178,STALE
2026-07-07 15:00:00+00:00,162.39375,162.44955,162.35655,162.44255,0,1786051927278,STALE
2026-07-07 15:15:00+00:00,162.44265,162.53875,162.43445,162.53445,0,1786051926378,STALE
2026-07-07 15:30:00+00:00,162.53405,162.55335,162.46825,162.53655,0,1786051925478,STALE
2026-07-07 15:45:00+00:00,162.53615,162.55145,162.49195,162.53255,0,1786051924578,STALE
2026-07-07 16:00:00+00:00,162.53125,162.58215,162.50145,162.57905,0,1786051923678,STALE
2026-07-07 16:15:00+00:00,162.57855,162.72575,162.57165,162.72465,0,1786051922778,STALE
2026-07-07 16:30:00+00:00,162.72445,162.86835,162.69365,162.86755,0,1786051921878,STALE
2026-07-07 16:45:00+00:00,162.86695,162.87305,162.80495,162.83525,0,1786051920978,STALE
2026-07-07 17:00:00+00:00,162.83735,162.86835,162.79205,162.86765,0,1786051920078,STALE
2026-07-07 17:15:00+00:00,162.86525,162.95275,162.82235,162.94075,0,1786051919178,STALE
2026-07-07 17:30:00+00:00,162.94095,163.08195,162.93445,163.07825,0,1786051918278,STALE
2026-07-07 17:45:00+00:00,163.07775,163.10115,163.00635,163.00815,0,1786051917378,STALE
2026-07-07 18:00:00+00:00,163.00795,163.07935,162.97215,163.06745,0,1786051916478,STALE
2026-07-07 18:15:00+00:00,163.06655,163.12535,163.05765,163.09235,0,1786051915578,STALE
2026-07-07 18:30:00+00:00,163.09325,163.19305,163.08715,163.15365,0,1786051914678,STALE
2026-07-07 18:45:00+00:00,163.15265,163.19715,163.13055,163.17005,0,1786051913778,STALE
2026-07-07 19:00:00+00:00,163.17155,163.21905,163.13535,163.20005,0,1786051912878,STALE
2026-07-07 19:15:00+00:00,163.19955,163.20395,163.04465,163.05865,0,1786051911978,STALE
2026-07-07 19:30:00+00:00,163.05815,163.16315,163.02645,163.12175,0,1786051911078,STALE
2026-07-07 19:45:00+00:00,163.12115,163.17575,163.06335,163.16435,0,1786051910178,STALE
2026-07-07 20:00:00+00:00,163.16335,163.17205,163.03175,163.03175,0,1786051909278,STALE
2026-07-07 20:15:00+00:00,163.03125,163.12505,163.02625,163.12495,0,1786051908378,STALE
2026-07-07 20:30:00+00:00,163.12475,163.20025,163.11245,163.19385,0,1786051907478,STALE
2026-07-07 20:45:00+00:00,163.19325,163.19775,163.09915,163.13975,0,1786051906578,STALE
2026-07-07 21:00:00+00:00,163.13925,163.17315,163.08535,163.17315,0,1786051905678,STALE
2026-07-07 21:15:00+00:00,163.17345,163.22855,163.13965,163.15265,0,1786051904778,STALE
2026-07-07 21:30:00+00:00,163.15225,163.19015,163.11015,163.18815,0,1786051903878,STALE
2026-07-07 21:45:00+00:00,163.18665,163.20225,163.08705,163.09965,0,1786051902978,STALE
2026-07-07 22:00:00+00:00,163.09925,163.10235,162.86925,162.89935,0,1786051902078,STALE
2026-07-07 22:15:00+00:00,162.89905,163.01585,162.89015,162.98975,0,1786051901178,STALE
2026-07-07 22:30:00+00:00,162.98895,163.08475,162.98295,163.07185,0,1786051900278,STALE
2026-07-07 22:45:00+00:00,163.07215,163.09265,163.03535,163.03595,0,1786051899378,STALE
2026-07-07 23:00:00+00:00,163.03605,163.12515,163.00725,163.12125,0,1786051898478,STALE
2026-07-07 23:15:00+00:00,163.12155,163.20765,163.10555,163.13805,0,1786051897578,STALE
2026-07-07 23:30:00+00:00,163.13895,163.16375,163.10555,163.10785,0,1786051896678,STALE
2026-07-07 23:45:00+00:00,163.10775,163.12965,163.04655,163.06635,0,1786051895778,STALE
2026-07-08 00:00:00+00:00,163.06725,163.18615,163.05745,163.18475,0,1786051894878,STALE
2026-07-08 00:15:00+00:00,163.18795,163.30795,163.18545,163.30585,0,1786051893978,STALE
2026-07-08 00:30:00+00:00,163.30545,163.32965,163.26535,163.31105,0,1786051893078,STALE
2026-07-08 00:45:00+00:00,163.31005,163.34405,163.27045,163.28705,0,1786051892178,STALE
2026-07-08 01:00:00+00:00,163.28675,163.32255,163.23145,163.30775,0,1786051891278,STALE
2026-07-08 01:15:00+00:00,163.30815,163.31965,163.23545,163.28915,0,1786051890378,STALE
2026-07-08 01:30:00+00:00,163.28895,163.29085,163.20365,163.22035,0,1786051889478,STALE
2026-07-08 01:45:00+00:00,163.22075,163.28775,163.19085,163.26865,0,1786051888578,STALE
2026-07-08 02:00:00+00:00,163.26835,163.35815,163.26585,163.35815,0,1786051887678,STALE
2026-07-08 02:15:00+00:00,163.35825,163.39655,163.28155,163.28155,0,1786051886778,STALE
2026-07-08 02:30:00+00:00,163.28185,163.39715,163.26405,163.38565,0,1786051885878,STALE
2026-07-08 02:45:00+00:00,163.38645,163.42455,163.34515,163.34515,0,1786051884978,STALE
2026-07-08 03:00:00+00:00,163.34655,163.37595,163.30465,163.33485,0,1786051884078,STALE
2026-07-08 03:15:00+00:00,163.33515,163.36005,163.28935,163.31305,0,1786051883178,STALE
2026-07-08 03:30:00+00:00,163.31395,163.35885,163.30945,163.32445,0,1786051882278,STALE
2026-07-08 03:45:00+00:00,163.32505,163.34485,163.26455,163.26685,0,1786051881378,STALE
2026-07-08 04:00:00+00:00,163.26655,163.35205,163.25825,163.34535,0,1786051880478,STALE
2026-07-08 04:15:00+00:00,163.34575,163.36305,163.31165,163.32195,0,1786051879578,STALE
2026-07-08 04:30:00+00:00,163.32145,163.37395,163.23885,163.26645,0,1786051878678,STALE
2026-07-08 04:45:00+00:00,163.26615,163.33285,163.26365,163.31625,0,1786051877778,STALE
2026-07-08 05:00:00+00:00,163.31585,163.40535,163.30615,163.39465,0,1786051876878,STALE
2026-07-08 05:15:00+00:00,163.39405,163.41495,163.26365,163.34035,0,1786051875978,STALE
2026-07-08 05:30:00+00:00,163.33995,163.41985,163.27495,163.41865,0,1786051875078,STALE
2026-07-08 05:45:00+00:00,163.41835,163.44485,163.35335,163.39585,0,1786051874178,STALE
2026-07-08 06:00:00+00:00,163.39635,163.43725,163.35755,163.36115,0,1786051873278,STALE
2026-07-08 06:15:00+00:00,163.36075,163.36835,163.21445,163.25795,0,1786051872378,STALE
2026-07-08 06:30:00+00:00,163.25755,163.33275,163.25015,163.33245,0,1786051871478,STALE
2026-07-08 06:45:00+00:00,163.33385,163.39965,163.32405,163.38315,0,1786051870578,STALE
2026-07-08 07:00:00+00:00,163.38295,163.46825,163.36445,163.41455,0,1786051869678,STALE
2026-07-08 07:15:00+00:00,163.41485,163.42915,163.35265,163.36975,0,1786051868778,STALE
2026-07-08 07:30:00+00:00,163.36995,163.50845,163.32795,163.49945,0,1786051867878,STALE
2026-07-08 07:45:00+00:00,163.49955,163.51835,163.43115,163.49605,0,1786051866978,STALE
2026-07-08 08:00:00+00:00,163.49555,163.52855,163.44615,163.48035,0,1786051866078,STALE
2026-07-08 08:15:00+00:00,163.48065,163.49805,163.41905,163.44915,0,1786051865178,STALE
2026-07-08 08:30:00+00:00,163.45035,163.51485,163.44835,163.47715,0,1786051864278,STALE
2026-07-08 08:45:00+00:00,163.47695,163.57505,163.42975,163.52925,0,1786051863378,STALE
2026-07-08 09:00:00+00:00,163.52865,163.53295,163.42035,163.43465,0,1786051862478,STALE
2026-07-08 09:15:00+00:00,163.43425,163.50095,163.41975,163.42945,0,1786051861578,STALE
2026-07-08 09:30:00+00:00,163.42955,163.48665,163.41365,163.48365,0,1786051860678,STALE
2026-07-08 09:45:00+00:00,163.48275,163.51485,163.42335,163.51375,0,1786051859778,STALE
2026-07-08 10:00:00+00:00,163.51395,163.54075,163.42535,163.43985,0,1786051858878,STALE
2026-07-08 10:15:00+00:00,163.44015,163.50585,163.42045,163.49935,0,1786051857978,STALE
2026-07-08 10:30:00+00:00,163.49985,163.50805,163.39225,163.41655,0,1786051857078,STALE
2026-07-08 10:45:00+00:00,163.41635,163.45075,163.37845,163.40455,0,1786051856178,STALE
2026-07-08 11:00:00+00:00,163.40425,163.49535,163.39735,163.48075,0,1786051855278,STALE
2026-07-08 11:15:00+00:00,163.48025,163.51385,163.40765,163.44575,0,1786051854378,STALE
2026-07-08 11:30:00+00:00,163.44585,163.45995,163.24405,163.25495,0,1786051853478,STALE
2026-07-08 11:45:00+00:00,163.25465,163.28885,163.14305,163.14385,0,1786051852578,STALE
2026-07-08 12:00:00+00:00,163.14405,163.19975,163.12765,163.18355,0,1786051851678,STALE
2026-07-08 12:15:00+00:00,163.18305,163.23265,163.14305,163.20315,0,1786051850778,STALE
2026-07-08 12:30:00+00:00,163.20305,163.20545,163.05815,163.08265,0,1786051849878,STALE
2026-07-08 12:45:00+00:00,163.08345,163.09035,162.99575,163.05085,0,1786051848978,STALE
2026-07-08 13:00:00+00:00,163.05035,163.05035,162.90485,162.91225,0,1786051848078,STALE
2026-07-08 13:15:00+00:00,162.91265,162.92085,162.78855,162.81305,0,1786051847178,STALE
2026-07-08 13:30:00+00:00,162.81355,162.86455,162.79145,162.85865,0,1786051846278,STALE
2026-07-08 13:45:00+00:00,162.85905,162.85905,162.75745,162.76765,0,1786051845378,STALE
2026-07-08 14:00:00+00:00,162.76735,162.84225,162.76435,162.79445,0,1786051844478,STALE
2026-07-08 14:15:00+00:00,162.79455,162.85005,162.77595,162.78445,0,1786051843578,STALE
2026-07-08 14:30:00+00:00,162.78475,162.86215,162.76115,162.82475,0,1786051842678,STALE
2026-07-08 14:45:00+00:00,162.82565,162.93975,162.79535,162.91315,0,1786051841778,STALE
2026-07-08 15:00:00+00:00,162.91285,162.95775,162.84555,162.84605,0,1786051840878,STALE
2026-07-08 15:15:00+00:00,162.84655,162.85695,162.78205,162.84085,0,1786051839978,STALE
2026-07-08 15:30:00+00:00,162.84075,162.90455,162.80275,162.86475,0,1786051839078,STALE
2026-07-08 15:45:00+00:00,162.86465,162.88455,162.81675,162.83895,0,1786051838178,STALE
2026-07-08 16:00:00+00:00,162.83945,162.88605,162.81645,162.87115,0,1786051837278,STALE
2026-07-08 16:15:00+00:00,162.87085,162.91255,162.83375,162.87435,0,1786051836378,STALE
2026-07-08 16:30:00+00:00,162.87475,162.91885,162.85325,162.86345,0,1786051835478,STALE
2026-07-08 16:45:00+00:00,162.86395,162.99235,162.85505,162.94205,0,1786051834578,STALE
2026-07-08 17:00:00+00:00,162.94135,162.94215,162.78695,162.81795,0,1786051833678,STALE
2026-07-08 17:15:00+00:00,162.81745,162.90005,162.79495,162.84235,0,1786051832778,STALE
2026-07-08 17:30:00+00:00,162.84275,162.84615,162.77315,162.79515,0,1786051831878,STALE
2026-07-08 17:45:00+00:00,162.79565,162.81265,162.71975,162.76815,0,1786051830978,STALE
2026-07-08 18:00:00+00:00,162.76835,162.79775,162.69895,162.72345,0,1786051830078,STALE
2026-07-08 18:15:00+00:00,162.72325,162.78685,162.66995,162.78095,0,1786051829178,STALE
2026-07-08 18:30:00+00:00,162.78085,162.79885,162.67225,162.67635,0,1786051828278,STALE
2026-07-08 18:45:00+00:00,162.67655,162.68305,162.50655,162.52205,0,1786051827378,STALE
2026-07-08 19:00:00+00:00,162.52185,162.56945,162.51415,162.55105,0,1786051826478,STALE
2026-07-08 19:15:00+00:00,162.55145,162.61375,162.54675,162.56085,0,1786051825578,STALE
2026-07-08 19:30:00+00:00,162.56095,162.60635,162.52325,162.55415,0,1786051824678,STALE
2026-07-08 19:45:00+00:00,162.56215,162.57365,162.45385,162.49115,0,1786051823778,STALE
2026-07-08 20:00:00+00:00,162.49125,162.56815,162.48145,162.51735,0,1786051822878,STALE
2026-07-08 20:15:00+00:00,162.51805,162.55775,162.48605,162.54875,0,1786051821978,STALE
2026-07-08 20:30:00+00:00,162.54835,162.56925,162.48875,162.53765,0,1786051821078,STALE
2026-07-08 20:45:00+00:00,162.53755,162.57955,162.50725,162.51335,0,1786051820178,STALE
2026-07-08 21:00:00+00:00,162.51465,162.59025,162.50315,162.56965,0,1786051819278,STALE
2026-07-08 21:15:00+00:00,162.56915,162.56915,162.48295,162.51815,0,1786051818378,STALE
2026-07-08 21:30:00+00:00,162.51965,162.65905,162.50405,162.65355,0,1786051817478,STALE
2026-07-08 21:45:00+00:00,162.65265,162.67985,162.59295,162.63015,0,1786051816578,STALE
2026-07-08 22:00:00+00:00,162.63135,162.71645,162.62405,162.66695,0,1786051815678,STALE
2026-07-08 22:15:00+00:00,162.66715,162.66995,162.49265,162.49305,0,1786051814778,STALE
2026-07-08 22:30:00+00:00,162.49355,162.50395,162.39815,162.42335,0,1786051813878,STALE
2026-07-08 22:45:00+00:00,162.42375,162.45385,162.32875,162.37375,0,1786051812978,STALE
2026-07-08 23:00:00+00:00,162.37345,162.44335,162.35265,162.37205,0,1786051812078,STALE
2026-07-08 23:15:00+00:00,162.37185,162.44115,162.24275,162.24805,0,1786051811178,STALE
2026-07-08 23:30:00+00:00,162.24785,162.33515,162.23835,162.29275,0,1786051810278,STALE
2026-07-08 23:45:00+00:00,162.29375,162.29775,162.20045,162.23825,0,1786051809378,STALE
2026-07-09 00:00:00+00:00,162.23915,162.28825,162.21775,162.23045,0,1786051808478,STALE
2026-07-09 00:15:00+00:00,162.23095,162.29705,162.22415,162.26075,0,1786051807578,STALE
2026-07-09 00:30:00+00:00,162.26115,162.31885,162.25435,162.27645,0,1786051806678,STALE
2026-07-09 00:45:00+00:00,162.27365,162.27575,162.21285,162.21775,0,1786051805778,STALE
2026-07-09 01:00:00+00:00,162.21735,162.26425,162.18795,162.23495,0,1786051804878,STALE
2026-07-09 01:15:00+00:00,162.23505,162.27955,162.19305,162.27955,0,1786051803978,STALE
2026-07-09 01:30:00+00:00,162.27945,162.30735,162.18525,162.19385,0,1786051803078,STALE
2026-07-09 01:45:00+00:00,162.19405,162.19595,162.02975,162.07315,0,1786051802178,STALE
2026-07-09 02:00:00+00:00,162.07275,162.17215,162.07195,162.13525,0,1786051801278,STALE
2026-07-09 02:15:00+00:00,162.13495,162.20235,162.12655,162.18615,0,1786051800378,STALE
2026-07-09 02:30:00+00:00,162.18705,162.20735,162.07665,162.12785,0,1786051799478,STALE
2026-07-09 02:45:00+00:00,162.12795,162.13385,162.05775,162.05915,0,1786051798578,STALE
2026-07-09 03:00:00+00:00,162.05885,162.16115,162.05275,162.12245,0,1786051797678,STALE
2026-07-09 03:15:00+00:00,162.12225,162.13915,162.05795,162.10285,0,1786051796778,STALE
2026-07-09 03:30:00+00:00,162.10195,162.20525,162.08295,162.19485,0,1786051795878,STALE
2026-07-09 03:45:00+00:00,162.19535,162.22995,162.14895,162.18215,0,1786051794978,STALE
2026-07-09 04:00:00+00:00,162.18215,162.51905,162.18215,162.44085,0,1786051794078,STALE
2026-07-09 04:15:00+00:00,162.44105,162.48335,162.42485,162.46025,0,1786051793178,STALE
2026-07-09 04:30:00+00:00,162.46005,162.48315,162.41015,162.47715,0,1786051792278,STALE
2026-07-09 04:45:00+00:00,162.47675,162.47825,162.36035,162.36765,0,1786051791378,STALE
2026-07-09 05:00:00+00:00,162.36795,162.44885,162.33245,162.39225,0,1786051790478,STALE
2026-07-09 05:15:00+00:00,162.38705,162.39035,162.32325,162.35845,0,1786051789578,STALE
2026-07-09 05:30:00+00:00,162.35835,162.41685,162.33155,162.40055,0,1786051788678,STALE
2026-07-09 05:45:00+00:00,162.40095,162.40595,162.29855,162.37555,0,1786051787778,STALE
2026-07-09 06:00:00+00:00,162.37715,162.46435,162.35295,162.37995,0,1786051786878,STALE
2026-07-09 06:15:00+00:00,162.38035,162.42145,162.35795,162.38915,0,1786051785978,STALE
2026-07-09 06:30:00+00:00,162.38895,162.45445,162.35105,162.39265,0,1786051785078,STALE
2026-07-09 06:45:00+00:00,162.39325,162.42845,162.34235,162.39885,0,1786051784178,STALE
2026-07-09 07:00:00+00:00,162.39855,162.56985,162.39465,162.56085,0,1786051783278,STALE
2026-07-09 07:15:00+00:00,162.56055,162.67025,162.54585,162.66065,0,1786051782378,STALE
2026-07-09 07:30:00+00:00,162.65965,162.66355,162.58785,162.64405,0,1786051781478,STALE
2026-07-09 07:45:00+00:00,162.64365,162.65675,162.58305,162.59975,0,1786051780578,STALE
2026-07-09 08:00:00+00:00,162.60025,162.62665,162.56355,162.62615,0,1786051779678,STALE
2026-07-09 08:15:00+00:00,162.62605,162.70095,162.62515,162.64865,0,1786051778778,STALE
2026-07-09 08:30:00+00:00,162.64895,162.65315,162.56435,162.57675,0,1786051777878,STALE
2026-07-09 08:45:00+00:00,162.57635,162.70095,162.56605,162.68555,0,1786051776978,STALE
2026-07-09 09:00:00+00:00,162.68615,162.70405,162.62255,162.68015,0,1786051776078,STALE
2026-07-09 09:15:00+00:00,162.68055,162.69315,162.47445,162.49425,0,1786051775178,STALE
2026-07-09 09:30:00+00:00,162.49365,162.50665,162.45195,162.46385,0,1786051774278,STALE
2026-07-09 09:45:00+00:00,162.46175,162.46335,162.38025,162.38675,0,1786051773378,STALE
2026-07-09 10:00:00+00:00,162.38575,162.39565,162.34045,162.36715,0,1786051772478,STALE
2026-07-09 10:15:00+00:00,162.36705,162.38915,162.31455,162.38675,0,1786051771578,STALE
2026-07-09 10:30:00+00:00,162.38595,162.43515,162.33295,162.42295,0,1786051770678,STALE
2026-07-09 10:45:00+00:00,162.42305,162.52115,162.38815,162.48955,0,1786051769778,STALE
2026-07-09 11:00:00+00:00,162.48975,162.51045,162.37185,162.41915,0,1786051768878,STALE
2026-07-09 11:15:00+00:00,162.41945,162.48625,162.34525,162.38285,0,1786051767978,STALE
2026-07-09 11:30:00+00:00,162.38305,162.55575,162.34975,162.55245,0,1786051767078,STALE
2026-07-09 11:45:00+00:00,162.55255,162.58785,162.51235,162.58785,0,1786051766178,STALE
2026-07-09 12:00:00+00:00,162.58845,162.65255,162.57115,162.60325,0,1786051765278,STALE
2026-07-09 12:15:00+00:00,162.60465,162.69675,162.60235,162.65305,0,1786051764378,STALE
2026-07-09 12:30:00+00:00,162.65325,162.68515,162.52395,162.53765,0,1786051763478,STALE
2026-07-09 12:45:00+00:00,162.53805,162.57805,162.49855,162.51415,0,1786051762578,STALE
2026-07-09 13:00:00+00:00,162.51325,162.56045,162.47855,162.48215,0,1786051761678,STALE
2026-07-09 13:15:00+00:00,162.48185,162.50885,162.42185,162.46495,0,1786051760778,STALE
2026-07-09 13:30:00+00:00,162.46575,162.47675,162.41215,162.43905,0,1786051759878,STALE
2026-07-09 13:45:00+00:00,162.44025,162.50575,162.40325,162.45875,0,1786051758978,STALE
2026-07-09 14:00:00+00:00,162.45915,162.57265,162.45315,162.56705,0,1786051758078,STALE
2026-07-09 14:15:00+00:00,162.56755,162.60165,162.52275,162.52965,0,1786051757178,STALE
2026-07-09 14:30:00+00:00,162.53005,162.56465,162.50555,162.55885,0,1786051756278,STALE
2026-07-09 14:45:00+00:00,162.55905,162.57825,162.50005,162.51475,0,1786051755378,STALE
2026-07-09 15:00:00+00:00,162.51455,162.51705,162.41655,162.46135,0,1786051754478,STALE
2026-07-09 15:15:00+00:00,162.46155,162.47535,162.42145,162.46055,0,1786051753578,STALE
2026-07-09 15:30:00+00:00,162.46145,162.50395,162.43095,162.49365,0,1786051752678,STALE
2026-07-09 15:45:00+00:00,162.49385,162.49455,162.40815,162.42625,0,1786051751778,STALE
2026-07-09 16:00:00+00:00,162.42645,162.49035,162.39895,162.40905,0,1786051750878,STALE
2026-07-09 16:15:00+00:00,162.41025,162.41815,162.33735,162.40155,0,1786051749978,STALE
2026-07-09 16:30:00+00:00,162.40125,162.44365,162.36965,162.40335,0,1786051749078,STALE
2026-07-09 16:45:00+00:00,162.40375,162.42395,162.33275,162.35415,0,1786051748178,STALE
2026-07-09 17:00:00+00:00,162.35195,162.36635,162.24415,162.24415,0,1786051747278,STALE
2026-07-09 17:15:00+00:00,162.24425,162.27215,162.19505,162.19915,0,1786051746378,STALE
2026-07-09 17:30:00+00:00,162.19835,162.21185,162.13365,162.16685,0,1786051745478,STALE
2026-07-09 17:45:00+00:00,162.16705,162.22835,162.14965,162.15005,0,1786051744578,STALE
2026-07-09 18:00:00+00:00,162.14975,162.26695,162.14625,162.26575,0,1786051743678,STALE
2026-07-09 18:15:00+00:00,162.26535,162.35715,162.26305,162.29685,0,1786051742778,STALE
2026-07-09 18:30:00+00:00,162.29765,162.38575,162.26875,162.38245,0,1786051741878,STALE
2026-07-09 18:45:00+00:00,162.38225,162.46485,162.34985,162.43355,0,1786051740978,STALE
2026-07-09 19:00:00+00:00,162.43375,162.49805,162.43075,162.44875,0,1786051740078,STALE
2026-07-09 19:15:00+00:00,162.44865,162.50485,162.43305,162.45355,0,1786051739178,STALE
2026-07-09 19:30:00+00:00,162.45325,162.46715,162.30345,162.32745,0,1786051738278,STALE
2026-07-09 19:45:00+00:00,162.32775,162.43675,162.32665,162.41805,0,1786051737378,STALE
2026-07-09 20:00:00+00:00,162.41725,162.43265,162.29135,162.29265,0,1786051736478,STALE
2026-07-09 20:15:00+00:00,162.29285,162.40175,162.27035,162.38005,0,1786051735578,STALE
2026-07-09 20:30:00+00:00,162.37965,162.44105,162.34725,162.34995,0,1786051734678,STALE
2026-07-09 20:45:00+00:00,162.35025,162.38735,162.28945,162.36375,0,1786051733778,STALE
2026-07-09 21:00:00+00:00,162.36395,162.41025,162.34025,162.38925,0,1786051732878,STALE
2026-07-09 21:15:00+00:00,162.38665,162.41885,162.30625,162.31605,0,1786051731978,STALE
2026-07-09 21:30:00+00:00,162.31575,162.41525,162.30035,162.40715,0,1786051731078,STALE
2026-07-09 21:45:00+00:00,162.40815,162.40825,162.28675,162.28955,0,1786051730178,STALE
2026-07-09 22:00:00+00:00,162.29005,162.29045,162.14395,162.17745,0,1786051729278,STALE
2026-07-09 22:15:00+00:00,162.17675,162.20685,162.14645,162.15625,0,1786051728378,STALE
2026-07-09 22:30:00+00:00,162.15635,162.16435,162.07955,162.09285,0,1786051727478,STALE
2026-07-09 22:45:00+00:00,162.09295,162.17455,162.04925,162.16275,0,1786051726578,STALE
2026-07-09 23:00:00+00:00,162.16255,162.16875,162.11155,162.14715,0,1786051725678,STALE
2026-07-09 23:15:00+00:00,162.14765,162.19655,162.12425,162.14035,0,1786051724778,STALE
2026-07-09 23:30:00+00:00,162.13715,162.14075,162.03525,162.09425,0,1786051723878,STALE
2026-07-09 23:45:00+00:00,162.09385,162.15625,162.06075,162.08495,0,1786051722978,STALE
2026-07-10 00:00:00+00:00,162.08405,162.12425,162.06455,162.06905,0,1786051722078,STALE
2026-07-10 00:15:00+00:00,162.06915,162.15225,162.05345,162.15175,0,1786051721178,STALE
2026-07-10 00:30:00+00:00,162.15045,162.20215,162.12555,162.17295,0,1786051720278,STALE
2026-07-10 00:45:00+00:00,162.17265,162.24825,162.17105,162.22895,0,1786051719378,STALE
2026-07-10 01:00:00+00:00,162.23055,162.30695,162.19875,162.25655,0,1786051718478,STALE
2026-07-10 01:15:00+00:00,162.25605,162.32825,162.22715,162.30125,0,1786051717578,STALE
2026-07-10 01:30:00+00:00,162.30185,162.41285,162.24855,162.40875,0,1786051716678,STALE
2026-07-10 01:45:00+00:00,162.40905,162.44265,162.35535,162.37135,0,1786051715778,STALE
2026-07-10 02:00:00+00:00,162.37125,162.42875,162.34665,162.41485,0,1786051714878,STALE
2026-07-10 02:15:00+00:00,162.41515,162.42865,162.33055,162.42185,0,1786051713978,STALE
2026-07-10 02:30:00+00:00,162.42255,162.42525,162.30275,162.30695,0,1786051713078,STALE
2026-07-10 02:45:00+00:00,162.30655,162.37415,162.29615,162.36925,0,1786051712178,STALE
2026-07-10 03:00:00+00:00,162.37005,162.46365,162.32745,162.46275,0,1786051711278,STALE
2026-07-10 03:15:00+00:00,162.46355,162.51545,162.42585,162.44025,0,1786051710378,STALE
2026-07-10 03:30:00+00:00,162.44005,162.53345,162.43785,162.50605,0,1786051709478,STALE
2026-07-10 03:45:00+00:00,162.50595,162.58195,162.48405,162.57475,0,1786051708578,STALE
2026-07-10 04:00:00+00:00,162.57395,162.68975,162.54585,162.68815,0,1786051707678,STALE
2026-07-10 04:15:00+00:00,162.68855,162.78085,162.65165,162.78085,0,1786051706778,STALE
2026-07-10 04:30:00+00:00,162.77965,162.79065,162.64265,162.66045,0,1786051705878,STALE
2026-07-10 04:45:00+00:00,162.66015,162.70995,162.64925,162.65205,0,1786051704978,STALE
2026-07-10 05:00:00+00:00,162.65075,162.68435,162.61125,162.67535,0,1786051704078,STALE
2026-07-10 05:15:00+00:00,162.67505,162.69795,162.63845,162.64865,0,1786051703178,STALE
2026-07-10 05:30:00+00:00,162.64845,162.67925,162.61315,162.66095,0,1786051702278,STALE
2026-07-10 05:45:00+00:00,162.66035,162.72495,162.63805,162.68105,0,1786051701378,STALE
2026-07-10 06:00:00+00:00,162.68145,162.73105,162.66535,162.71975,0,1786051700478,STALE
2026-07-10 06:15:00+00:00,162.71945,162.81215,162.70715,162.80615,0,1786051699578,STALE
2026-07-10 06:30:00+00:00,162.80645,162.81195,162.69155,162.70275,0,1786051698678,STALE
2026-07-10 06:45:00+00:00,162.70295,162.75085,162.66895,162.72315,0,1786051697778,STALE
2026-07-10 07:00:00+00:00,162.72275,162.76615,162.68275,162.75505,0,1786051696878,STALE
2026-07-10 07:15:00+00:00,162.75475,162.76985,162.68965,162.70515,0,1786051695978,STALE
2026-07-10 07:30:00+00:00,162.70605,162.73585,162.65635,162.67355,0,1786051695078,STALE
2026-07-10 07:45:00+00:00,162.67325,162.74335,162.64485,162.69615,0,1786051694178,STALE
2026-07-10 08:00:00+00:00,162.69635,162.83905,162.68405,162.82675,0,1786051693278,STALE
2026-07-10 08:15:00+00:00,162.82605,162.89145,162.80695,162.86535,0,1786051692378,STALE
2026-07-10 08:30:00+00:00,162.86445,162.87225,162.79575,162.82165,0,1786051691478,STALE
2026-07-10 08:45:00+00:00,162.82175,162.82765,162.66765,162.69455,0,1786051690578,STALE
2026-07-10 09:00:00+00:00,162.69205,162.73325,162.60775,162.61725,0,1786051689678,STALE
2026-07-10 09:15:00+00:00,162.61705,162.67425,162.53495,162.56675,0,1786051688778,STALE
2026-07-10 09:30:00+00:00,162.56665,162.57825,162.51555,162.51615,0,1786051687878,STALE
2026-07-10 09:45:00+00:00,162.51655,162.54935,162.45405,162.52895,0,1786051686978,STALE
2026-07-10 10:00:00+00:00,162.52875,162.61055,162.52455,162.56565,0,1786051686078,STALE
2026-07-10 10:15:00+00:00,162.56605,162.62455,162.50875,162.58015,0,1786051685178,STALE
2026-07-10 10:30:00+00:00,162.58025,162.65305,162.52275,162.63995,0,1786051684278,STALE
2026-07-10 10:45:00+00:00,162.64035,162.66175,162.57415,162.65505,0,1786051683378,STALE
2026-07-10 11:00:00+00:00,162.65465,162.66505,162.47935,162.48155,0,1786051682478,STALE
2026-07-10 11:15:00+00:00,162.48175,162.51965,162.38355,162.40935,0,1786051681578,STALE
2026-07-10 11:30:00+00:00,162.40955,162.40955,162.33425,162.37395,0,1786051680678,STALE
2026-07-10 11:45:00+00:00,162.37365,162.37415,162.31305,162.34915,0,1786051679778,STALE
2026-07-10 12:00:00+00:00,162.34825,162.41065,162.32575,162.39755,0,1786051678878,STALE
2026-07-10 12:15:00+00:00,162.39775,162.44865,162.34975,162.35045,0,1786051677978,STALE
2026-07-10 12:30:00+00:00,162.35075,162.42275,162.34995,162.40925,0,1786051677078,STALE
2026-07-10 12:45:00+00:00,162.41025,162.44735,162.37005,162.40015,0,1786051676178,STALE
2026-07-10 13:00:00+00:00,162.40025,162.44755,162.35895,162.39415,0,1786051675278,STALE
2026-07-10 13:15:00+00:00,162.39385,162.47865,162.37435,162.46445,0,1786051674378,STALE
2026-07-10 13:30:00+00:00,162.46555,162.51435,162.42065,162.44405,0,1786051673478,STALE
2026-07-10 13:45:00+00:00,162.44385,162.51895,162.43125,162.45035,0,1786051672578,STALE
2026-07-10 14:00:00+00:00,162.44895,162.47425,162.27235,162.30955,0,1786051671678,STALE
2026-07-10 14:15:00+00:00,162.30885,162.38985,162.30405,162.37725,0,1786051670778,STALE
2026-07-10 14:30:00+00:00,162.37775,162.45025,162.34945,162.43715,0,1786051669878,STALE
2026-07-10 14:45:00+00:00,162.43765,162.53775,162.39905,162.44145,0,1786051668978,STALE
2026-07-10 15:00:00+00:00,162.44185,162.49895,162.42755,162.48595,0,1786051668078,STALE
2026-07-10 15:15:00+00:00,162.48635,162.51405,162.46095,162.48075,0,1786051667178,STALE
2026-07-10 15:30:00+00:00,162.48055,162.55495,162.47975,162.55425,0,1786051666278,STALE
2026-07-10 15:45:00+00:00,162.55495,162.58785,162.52505,162.57975,0,1786051665378,STALE
2026-07-10 16:00:00+00:00,162.57995,162.62865,162.56605,162.61035,0,1786051664478,STALE
2026-07-10 16:15:00+00:00,162.60985,162.69375,162.59645,162.66945,0,1786051663578,STALE
2026-07-10 16:30:00+00:00,162.66375,162.73105,162.62455,162.72315,0,1786051662678,STALE
2026-07-10 16:45:00+00:00,162.72405,162.73115,162.59205,162.59615,0,1786051661778,STALE
2026-07-10 17:00:00+00:00,162.59715,162.62525,162.51815,162.52635,0,1786051660878,STALE
2026-07-10 17:15:00+00:00,162.52645,162.61865,162.51625,162.57975,0,1786051659978,STALE
2026-07-10 17:30:00+00:00,162.57995,162.62575,162.57105,162.58515,0,1786051659078,STALE
2026-07-10 17:45:00+00:00,162.58485,162.61735,162.49285,162.49745,0,1786051658178,STALE
2026-07-10 18:00:00+00:00,162.49695,162.50965,162.45005,162.45355,0,1786051657278,STALE
2026-07-10 18:15:00+00:00,162.45345,162.48665,162.40625,162.48395,0,1786051656378,STALE
2026-07-10 18:30:00+00:00,162.48405,162.49395,162.41135,162.47155,0,1786051655478,STALE
2026-07-10 18:45:00+00:00,162.47125,162.62815,162.46225,162.61645,0,1786051654578,STALE
2026-07-10 19:00:00+00:00,162.61705,162.70915,162.61505,162.67535,0,1786051653678,STALE
2026-07-10 19:15:00+00:00,162.67495,162.71725,162.63675,162.70635,0,1786051652778,STALE
2026-07-10 19:30:00+00:00,162.70655,162.73415,162.67865,162.70445,0,1786051651878,STALE
2026-07-10 19:45:00+00:00,162.70415,162.72615,162.63605,162.68525,0,1786051650978,STALE
2026-07-10 20:00:00+00:00,162.68455,162.73525,162.59685,162.62375,0,1786051650078,STALE
2026-07-10 20:15:00+00:00,162.62335,162.75015,162.61575,162.73305,0,1786051649178,STALE
2026-07-10 20:30:00+00:00,162.73325,162.77135,162.68985,162.73575,0,1786051648278,STALE
2026-07-10 20:45:00+00:00,162.73535,162.76145,162.65345,162.74815,0,1786051647378,STALE
2026-07-10 21:00:00+00:00,162.74795,162.79975,162.71425,162.74755,0,1786051646478,STALE
2026-07-10 21:15:00+00:00,162.75395,162.80245,162.74785,162.79545,0,1786051645578,STALE
2026-07-10 21:30:00+00:00,162.79625,162.90085,162.78775,162.86575,0,1786051644678,STALE
2026-07-10 21:45:00+00:00,162.86535,162.87465,162.75655,162.77345,0,1786051643778,STALE
2026-07-10 22:00:00+00:00,162.77405,162.82285,162.76355,162.79375,0,1786051642878,STALE
2026-07-10 22:15:00+00:00,162.79405,162.81865,162.74545,162.77555,0,1786051641978,STALE
2026-07-10 22:30:00+00:00,162.77545,162.88495,162.75595,162.86095,0,1786051641078,STALE
2026-07-10 22:45:00+00:00,162.86045,162.86245,162.71845,162.73275,0,1786051640178,STALE
2026-07-10 23:00:00+00:00,162.73225,162.74445,162.66425,162.73415,0,1786051639278,STALE
2026-07-10 23:15:00+00:00,162.73335,162.78915,162.71285,162.75115,0,1786051638378,STALE
2026-07-10 23:30:00+00:00,162.75095,162.88365,162.74395,162.86525,0,1786051637478,STALE
2026-07-10 23:45:00+00:00,162.86505,162.96555,162.84945,162.92215,0,1786051636578,STALE
2026-07-11 00:00:00+00:00,162.92265,162.97755,162.91995,162.95105,0,1786051635678,STALE
2026-07-11 00:15:00+00:00,162.95125,163.03075,162.93925,162.98065,0,1786051634778,STALE
2026-07-11 00:30:00+00:00,162.97925,163.00315,162.89415,162.91675,0,1786051633878,STALE
2026-07-11 00:45:00+00:00,162.91695,162.92905,162.79415,162.79625,0,1786051632978,STALE
2026-07-11 01:00:00+00:00,162.79585,162.90305,162.77055,162.82695,0,1786051632078,STALE
2026-07-11 01:15:00+00:00,162.82675,162.90385,162.81215,162.87185,0,1786051631178,STALE
2026-07-11 01:30:00+00:00,162.87215,162.96155,162.86845,162.91065,0,1786051630278,STALE
2026-07-11 01:45:00+00:00,162.91035,162.94555,162.87865,162.91405,0,1786051629378,STALE
2026-07-11 02:00:00+00:00,162.90845,162.96635,162.90285,162.91215,0,1786051628478,STALE
2026-07-11 02:15:00+00:00,162.91095,163.03105,162.89545,162.96975,0,1786051627578,STALE
2026-07-11 02:30:00+00:00,162.97015,163.01595,162.95245,162.95765,0,1786051626678,STALE
2026-07-11 02:45:00+00:00,162.95725,163.07235,162.93815,163.03265,0,1786051625778,STALE
2026-07-11 03:00:00+00:00,163.03275,163.12585,163.02695,163.07965,0,1786051624878,STALE
2026-07-11 03:15:00+00:00,163.07995,163.09345,162.99455,163.04235,0,1786051623978,STALE
2026-07-11 03:30:00+00:00,163.04325,163.15965,163.02835,163.15655,0,1786051623078,STALE
2026-07-11 03:45:00+00:00,163.15565,163.18505,163.10645,163.11345,0,1786051622178,STALE
2026-07-11 04:00:00+00:00,163.11335,163.13235,162.98295,163.09245,0,1786051621278,STALE
2026-07-11 04:15:00+00:00,163.09205,163.15475,163.07485,163.10535,0,1786051620378,STALE
2026-07-11 04:30:00+00:00,163.10565,163.13935,163.06295,163.09375,0,1786051619478,STALE
2026-07-11 04:45:00+00:00,163.09365,163.12885,163.05775,163.11615,0,1786051618578,STALE
2026-07-11 05:00:00+00:00,163.11575,163.15015,163.07485,163.11745,0,1786051617678,STALE
2026-07-11 05:15:00+00:00,163.11815,163.17865,163.09695,163.15525,0,1786051616778,STALE
2026-07-11 05:30:00+00:00,163.15485,163.18805,163.11175,163.11285,0,1786051615878,STALE
2026-07-11 05:45:00+00:00,163.11325,163.13165,163.04745,163.11815,0,1786051614978,STALE
2026-07-11 06:00:00+00:00,163.11845,163.11865,162.96455,163.01925,0,1786051614078,STALE
2026-07-11 06:15:00+00:00,163.02065,163.02315,162.91255,162.92505,0,1786051613178,STALE
2026-07-11 06:30:00+00:00,162.92515,162.96785,162.87925,162.95045,0,1786051612278,STALE
2026-07-11 06:45:00+00:00,162.95005,162.96395,162.81295,162.90325,0,1786051611378,STALE
2026-07-11 07:00:00+00:00,162.90315,162.93375,162.83705,162.85065,0,1786051610478,STALE
2026-07-11 07:15:00+00:00,162.85025,162.86705,162.77415,162.79555,0,1786051609578,STALE
2026-07-11 07:30:00+00:00,162.79515,162.82715,162.74625,162.74975,0,1786051608678,STALE
2026-07-11 07:45:00+00:00,162.74965,162.77575,162.71075,162.73995,0,1786051607778,STALE
2026-07-11 08:00:00+00:00,162.74015,162.78035,162.71355,162.76235,0,1786051606878,STALE
2026-07-11 08:15:00+00:00,162.77195,162.78525,162.68435,162.71565,0,1786051605978,STALE
2026-07-11 08:30:00+00:00,162.71595,162.76595,162.64425,162.64475,0,1786051605078,STALE
2026-07-11 08:45:00+00:00,162.64455,162.67985,162.61805,162.65665,0,1786051604178,STALE
2026-07-11 09:00:00+00:00,162.65635,162.67705,162.55145,162.55355,0,1786051603278,STALE
2026-07-11 09:15:00+00:00,162.55305,162.56865,162.47055,162.51355,0,1786051602378,STALE
2026-07-11 09:30:00+00:00,162.51455,162.53165,162.46025,162.48055,0,1786051601478,STALE
2026-07-11 09:45:00+00:00,162.48035,162.49795,162.41195,162.42395,0,1786051600578,STALE
2026-07-11 10:00:00+00:00,162.42385,162.47815,162.39635,162.42405,0,1786051599678,STALE
2026-07-11 10:15:00+00:00,162.42325,162.44105,162.31955,162.34955,0,1786051598778,STALE
2026-07-11 10:30:00+00:00,162.34935,162.42335,162.32295,162.40695,0,1786051597878,STALE
2026-07-11 10:45:00+00:00,162.40715,162.48685,162.40475,162.45365,0,1786051596978,STALE
2026-07-11 11:00:00+00:00,162.45325,162.54025,162.43795,162.44365,0,1786051596078,STALE
2026-07-11 11:15:00+00:00,162.44455,162.47805,162.41855,162.43695,0,1786051595178,STALE
2026-07-11 11:30:00+00:00,162.43705,162.47325,162.40435,162.41995,0,1786051594278,STALE
2026-07-11 11:45:00+00:00,162.42015,162.45625,162.40225,162.42805,0,1786051593378,STALE
2026-07-11 12:00:00+00:00,162.42755,162.43625,162.31235,162.34025,0,1786051592478,STALE
2026-07-11 12:15:00+00:00,162.34065,162.37165,162.30475,162.32925,0,1786051591578,STALE
2026-07-11 12:30:00+00:00,162.32955,162.44135,162.31745,162.41005,0,1786051590678,STALE
2026-07-11 12:45:00+00:00,162.41035,162.46885,162.39185,162.44855,0,1786051589778,STALE
2026-07-11 13:00:00+00:00,162.44825,162.50285,162.42475,162.48935,0,1786051588878,STALE
2026-07-11 13:15:00+00:00,162.48695,162.51785,162.40685,162.48705,0,1786051587978,STALE
2026-07-11 13:30:00+00:00,162.48505,162.61395,162.48305,162.58615,0,1786051587078,STALE
2026-07-11 13:45:00+00:00,162.58585,162.61705,162.46045,162.47035,0,1786051586178,STALE
2026-07-11 14:00:00+00:00,162.47145,162.49815,162.42735,162.49555,0,1786051585278,STALE
2026-07-11 14:15:00+00:00,162.49575,162.51955,162.43285,162.45865,0,1786051584378,STALE
2026-07-11 14:30:00+00:00,162.45795,162.48825,162.43635,162.48095,0,1786051583478,STALE
2026-07-11 14:45:00+00:00,162.48135,162.48615,162.43215,162.45065,0,1786051582578,STALE
2026-07-11 15:00:00+00:00,162.45055,162.45445,162.31665,162.33155,0,1786051581678,STALE
2026-07-11 15:15:00+00:00,162.33075,162.42445,162.32775,162.42085,0,1786051580778,STALE
2026-07-11 15:30:00+00:00,162.42015,162.45245,162.37435,162.40115,0,1786051579878,STALE
2026-07-11 15:45:00+00:00,162.40075,162.43995,162.37555,162.37815,0,1786051578978,STALE
2026-07-11 16:00:00+00:00,162.37765,162.39175,162.31115,162.34405,0,1786051578078,STALE
2026-07-11 16:15:00+00:00,162.34515,162.36515,162.25365,162.25825,0,1786051577178,STALE
2026-07-11 16:30:00+00:00,162.25845,162.36315,162.25685,162.33965,0,1786051576278,STALE
2026-07-11 16:45:00+00:00,162.33975,162.38175,162.23485,162.27065,0,1786051575378,STALE
2026-07-11 17:00:00+00:00,162.27055,162.28555,162.24475,162.26765,0,1786051574478,STALE
2026-07-11 17:15:00+00:00,162.26745,162.35865,162.25205,162.30755,0,1786051573578,STALE
2026-07-11 17:30:00+00:00,162.30735,162.37365,162.29075,162.36245,0,1786051572678,STALE
2026-07-11 17:45:00+00:00,162.36205,162.42135,162.31135,162.41175,0,1786051571778,STALE
2026-07-11 18:00:00+00:00,162.41185,162.47865,162.40365,162.45055,0,1786051570878,STALE
2026-07-11 18:15:00+00:00,162.45095,162.50135,162.41965,162.45185,0,1786051569978,STALE
2026-07-11 18:30:00+00:00,162.45225,162.50165,162.37075,162.37945,0,1786051569078,STALE
2026-07-11 18:45:00+00:00,162.37735,162.40185,162.35175,162.40105,0,1786051568178,STALE
2026-07-11 19:00:00+00:00,162.40055,162.50295,162.38285,162.47845,0,1786051567278,STALE
2026-07-11 19:15:00+00:00,162.48125,162.52415,162.46445,162.49125,0,1786051566378,STALE
2026-07-11 19:30:00+00:00,162.49085,162.54315,162.45035,162.46685,0,1786051565478,STALE
2026-07-11 19:45:00+00:00,162.46665,162.47665,162.33375,162.33505,0,1786051564578,STALE
2026-07-11 20:00:00+00:00,162.33515,162.44265,162.31885,162.40685,0,1786051563678,STALE
2026-07-11 20:15:00+00:00,162.40735,162.47115,162.39285,162.43045,0,1786051562778,STALE
2026-07-11 20:30:00+00:00,162.43055,162.49045,162.41505,162.43625,0,1786051561878,STALE
2026-07-11 20:45:00+00:00,162.43565,162.44915,162.39775,162.41605,0,1786051560978,STALE
2026-07-11 21:00:00+00:00,162.41655,162.42195,162.34025,162.34585,0,1786051560078,STALE
2026-07-11 21:15:00+00:00,162.34615,162.45835,162.34395,162.43355,0,1786051559178,STALE
2026-07-11 21:30:00+00:00,162.43335,162.46165,162.32865,162.32865,0,1786051558278,STALE
2026-07-11 21:45:00+00:00,162.32905,162.49665,162.32745,162.49125,0,1786051557378,STALE
2026-07-11 22:00:00+00:00,162.49055,162.60275,162.45095,162.59145,0,1786051556478,STALE
2026-07-11 22:15:00+00:00,162.59125,162.65505,162.57775,162.64945,0,1786051555578,STALE
2026-07-11 22:30:00+00:00,162.64925,162.68935,162.61915,162.65305,0,1786051554678,STALE
2026-07-11 22:45:00+00:00,162.65255,162.71575,162.61355,162.63905,0,1786051553778,STALE
2026-07-11 23:00:00+00:00,162.63825,162.64455,162.54525,162.59205,0,1786051552878,STALE
2026-07-11 23:15:00+00:00,162.59165,162.62395,162.53255,162.61735,0,1786051551978,STALE
2026-07-11 23:30:00+00:00,162.61605,162.62155,162.55045,162.57965,0,1786051551078,STALE
2026-07-11 23:45:00+00:00,162.58005,162.58275,162.49445,162.51295,0,1786051550178,STALE
2026-07-12 00:00:00+00:00,162.51275,162.54135,162.46825,162.47605,0,1786051549278,STALE
2026-07-12 00:15:00+00:00,162.47615,162.48565,162.40495,162.41575,0,1786051548378,STALE
2026-07-12 00:30:00+00:00,162.41555,162.41755,162.33785,162.39215,0,1786051547478,STALE
2026-07-12 00:45:00+00:00,162.39015,162.43295,162.33215,162.36135,0,1786051546578,STALE
2026-07-12 01:00:00+00:00,162.36165,162.38085,162.26225,162.32335,0,1786051545678,STALE
2026-07-12 01:15:00+00:00,162.32385,162.38515,162.29115,162.34975,0,1786051544778,STALE
2026-07-12 01:30:00+00:00,162.34915,162.37395,162.31145,162.32335,0,1786051543878,STALE
2026-07-12 01:45:00+00:00,162.32375,162.34105,162.24975,162.30955,0,1786051542978,STALE
2026-07-12 02:00:00+00:00,162.30935,162.33935,162.19685,162.25155,0,1786051542078,STALE
2026-07-12 02:15:00+00:00,162.25205,162.36585,162.22115,162.35955,0,1786051541178,STALE
2026-07-12 02:30:00+00:00,162.35875,162.38185,162.32605,162.36795,0,1786051540278,STALE
2026-07-12 02:45:00+00:00,162.36865,162.40255,162.32855,162.33385,0,1786051539378,STALE
2026-07-12 03:00:00+00:00,162.33305,162.36345,162.28355,162.29575,0,1786051538478,STALE
2026-07-12 03:15:00+00:00,162.29545,162.29635,162.19285,162.20325,0,1786051537578,STALE
2026-07-12 03:30:00+00:00,162.20285,162.25335,162.16845,162.22005,0,1786051536678,STALE
2026-07-12 03:45:00+00:00,162.22045,162.27025,162.18415,162.21945,0,1786051535778,STALE
2026-07-12 04:00:00+00:00,162.22065,162.27465,162.16635,162.26065,0,1786051534878,STALE
2026-07-12 04:15:00+00:00,162.25805,162.28625,162.21025,162.23725,0,1786051533978,STALE
2026-07-12 04:30:00+00:00,162.23745,162.23895,162.13215,162.14895,0,1786051533078,STALE
2026-07-12 04:45:00+00:00,162.14935,162.20625,162.12965,162.17895,0,1786051532178,STALE
2026-07-12 05:00:00+00:00,162.17935,162.22625,162.09225,162.10065,0,1786051531278,STALE
2026-07-12 05:15:00+00:00,162.10075,162.15555,162.06535,162.13675,0,1786051530378,STALE
2026-07-12 05:30:00+00:00,162.13135,162.19085,162.10155,162.10155,0,1786051529478,STALE
2026-07-12 05:45:00+00:00,162.09985,162.28045,162.09885,162.23635,0,1786051528578,STALE
2026-07-12 06:00:00+00:00,162.23705,162.24675,162.17335,162.23655,0,1786051527678,STALE
2026-07-12 06:15:00+00:00,162.23735,162.28765,162.19075,162.20695,0,1786051526778,STALE
2026-07-12 06:30:00+00:00,162.20795,162.32635,162.20365,162.30935,0,1786051525878,STALE
2026-07-12 06:45:00+00:00,162.30915,162.35135,162.24715,162.24805,0,1786051524978,STALE
2026-07-12 07:00:00+00:00,162.24785,162.28835,162.19435,162.19565,0,1786051524078,STALE
2026-07-12 07:15:00+00:00,162.19545,162.29425,162.17155,162.27135,0,1786051523178,STALE
2026-07-12 07:30:00+00:00,162.27115,162.27655,162.16925,162.19985,0,1786051522278,STALE
2026-07-12 07:45:00+00:00,162.19995,162.23895,162.18365,162.20965,0,1786051521378,STALE
2026-07-12 08:00:00+00:00,162.20935,162.24595,162.14995,162.22195,0,1786051520478,STALE
2026-07-12 08:15:00+00:00,162.22175,162.24245,162.12885,162.13195,0,1786051519578,STALE
2026-07-12 08:30:00+00:00,162.13155,162.20145,162.08825,162.12355,0,1786051518678,STALE
2026-07-12 08:45:00+00:00,162.12365,162.13925,162.03485,162.07935,0,1786051517778,STALE
2026-07-12 09:00:00+00:00,162.07735,162.23085,162.07175,162.20095,0,1786051516878,STALE
2026-07-12 09:15:00+00:00,162.20065,162.26075,162.16175,162.24115,0,1786051515978,STALE
2026-07-12 09:30:00+00:00,162.24245,162.29365,162.19545,162.22095,0,1786051515078,STALE
2026-07-12 09:45:00+00:00,162.22025,162.23985,162.13975,162.22765,0,1786051514178,STALE
2026-07-12 10:00:00+00:00,162.22675,162.29005,162.21775,162.25445,0,1786051513278,STALE
2026-07-12 10:15:00+00:00,162.25465,162.26975,162.19085,162.22065,0,1786051512378,STALE
2026-07-12 10:30:00+00:00,162.22055,162.23405,162.12975,162.12975,0,1786051511478,STALE
2026-07-12 10:45:00+00:00,162.13015,162.13015,162.03555,162.09265,0,1786051510578,STALE
2026-07-12 11:00:00+00:00,162.09225,162.16405,162.07665,162.12615,0,1786051509678,STALE
2026-07-12 11:15:00+00:00,162.12555,162.18375,162.09185,162.10315,0,1786051508778,STALE
2026-07-12 11:30:00+00:00,162.10535,162.16805,162.07415,162.16755,0,1786051507878,STALE
2026-07-12 11:45:00+00:00,162.16715,162.20225,162.11685,162.12165,0,1786051506978,STALE
2026-07-12 12:00:00+00:00,162.12185,162.13505,162.04135,162.09955,0,1786051506078,STALE
2026-07-12 12:15:00+00:00,162.10005,162.11135,162.06045,162.06595,0,1786051505178,STALE
2026-07-12 12:30:00+00:00,162.06655,162.15235,162.04685,162.13355,0,1786051504278,STALE
2026-07-12 12:45:00+00:00,162.13365,162.26305,162.13355,162.18805,0,1786051503378,STALE
2026-07-12 13:00:00+00:00,162.18875,162.22185,162.11425,162.16245,0,1786051502478,STALE
2026-07-12 13:15:00+00:00,162.15765,162.23345,162.13745,162.22555,0,1786051501578,STALE
2026-07-12 13:30:00+00:00,162.22515,162.28765,162.19155,162.24485,0,1786051500678,STALE
2026-07-12 13:45:00+00:00,162.24515,162.29715,162.19095,162.28445,0,1786051499778,STALE
2026-07-12 14:00:00+00:00,162.28465,162.35005,162.28355,162.32905,0,1786051498878,STALE
2026-07-12 14:15:00+00:00,162.32875,162.37765,162.26555,162.29405,0,1786051497978,STALE
2026-07-12 14:30:00+00:00,162.29425,162.32775,162.22975,162.29105,0,1786051497078,STALE
2026-07-12 14:45:00+00:00,162.29065,162.33365,162.24305,162.25285,0,1786051496178,STALE
2026-07-12 15:00:00+00:00,162.25145,162.27555,162.21625,162.24455,0,1786051495278,STALE
2026-07-12 15:15:00+00:00,162.24475,162.29515,162.23215,162.26685,0,1786051494378,STALE
2026-07-12 15:30:00+00:00,162.26635,162.27605,162.21025,162.25525,0,1786051493478,STALE
2026-07-12 15:45:00+00:00,162.25505,162.27455,162.16295,162.18325,0,1786051492578,STALE
2026-07-12 16:00:00+00:00,162.18335,162.19195,162.09395,162.10905,0,1786051491678,STALE
2026-07-12 16:15:00+00:00,162.10865,162.13795,162.04295,162.09075,0,1786051490778,STALE
2026-07-12 16:30:00+00:00,162.08975,162.14805,162.06135,162.14315,0,1786051489878,STALE
2026-07-12 16:45:00+00:00,162.14295,162.19225,162.11225,162.17285,0,1786051488978,STALE
2026-07-12 17:00:00+00:00,162.17265,162.30645,162.15895,162.28255,0,1786051488078,STALE
2026-07-12 17:15:00+00:00,162.28295,162.35625,162.24805,162.27365,0,1786051487178,STALE
2026-07-12 17:30:00+00:00,162.27345,162.28855,162.21605,162.23075,0,1786051486278,STALE
2026-07-12 17:45:00+00:00,162.23055,162.28085,162.19775,162.22045,0,1786051485378,STALE
2026-07-12 18:00:00+00:00,162.22015,162.23025,162.08955,162.14875,0,1786051484478,STALE
2026-07-12 18:15:00+00:00,162.14895,162.16375,162.08225,162.09795,0,1786051483578,STALE
2026-07-12 18:30:00+00:00,162.09775,162.16095,162.05265,162.13255,0,1786051482678,STALE
2026-07-12 18:45:00+00:00,162.13245,162.13835,161.98025,162.01035,0,1786051481778,STALE
2026-07-12 19:00:00+00:00,162.00995,162.04095,161.98225,162.00075,0,1786051480878,STALE
2026-07-12 19:15:00+00:00,162.00115,162.00615,161.89025,161.89865,0,1786051479978,STALE
2026-07-12 19:30:00+00:00,161.89775,161.90545,161.72555,161.73305,0,1786051479078,STALE
2026-07-12 19:45:00+00:00,161.73265,161.77865,161.61545,161.61625,0,1786051478178,STALE
2026-07-12 20:00:00+00:00,161.61495,161.66215,161.58145,161.58985,0,1786051477278,STALE
2026-07-12 20:15:00+00:00,161.59085,161.60745,161.50745,161.52165,0,1786051476378,STALE
2026-07-12 20:30:00+00:00,161.52185,161.59115,161.51005,161.54855,0,1786051475478,STALE
2026-07-12 20:45:00+00:00,161.54865,161.63215,161.54305,161.60735,0,1786051474578,STALE
2026-07-12 21:00:00+00:00,161.60755,161.62955,161.57425,161.62915,0,1786051473678,STALE
2026-07-12 21:15:00+00:00,161.62925,161.63585,161.55925,161.59825,0,1786051472778,STALE
2026-07-12 21:30:00+00:00,161.59875,161.64385,161.56175,161.60375,0,1786051471878,STALE
2026-07-12 21:45:00+00:00,161.60355,161.61435,161.53695,161.56295,0,1786051470978,STALE
2026-07-12 22:00:00+00:00,161.56285,161.67015,161.56145,161.62935,0,1786051470078,STALE
2026-07-12 22:15:00+00:00,161.62955,161.65325,161.58905,161.60795,0,1786051469178,STALE
2026-07-12 22:30:00+00:00,161.60815,161.61075,161.56225,161.57205,0,1786051468278,STALE
2026-07-12 22:45:00+00:00,161.57245,161.61515,161.49215,161.50915,0,1786051467378,STALE
2026-07-12 23:00:00+00:00,161.50925,161.56345,161.47055,161.50295,0,1786051466478,STALE
2026-07-12 23:15:00+00:00,161.50195,161.56035,161.47365,161.54645,0,1786051465578,STALE
2026-07-12 23:30:00+00:00,161.54595,161.61025,161.50435,161.50845,0,1786051464678,STALE
2026-07-12 23:45:00+00:00,161.50875,161.56015,161.48665,161.53715,0,1786051463778,STALE
2026-07-13 00:00:00+00:00,161.53735,161.62405,161.49825,161.49845,0,1786051462878,STALE
2026-07-13 00:15:00+00:00,161.49855,161.53535,161.46515,161.49615,0,1786051461978,STALE
2026-07-13 00:30:00+00:00,161.49635,161.51365,161.42145,161.48565,0,1786051461078,STALE
2026-07-13 00:45:00+00:00,161.48615,161.52885,161.44895,161.47565,0,1786051460178,STALE
2026-07-13 01:00:00+00:00,161.47575,161.50875,161.43335,161.46765,0,1786051459278,STALE
2026-07-13 01:15:00+00:00,161.46745,161.49915,161.43995,161.46165,0,1786051458378,STALE
2026-07-13 01:30:00+00:00,161.46325,161.49595,161.32385,161.33205,0,1786051457478,STALE
2026-07-13 01:45:00+00:00,161.33185,161.53595,161.33185,161.49875,0,1786051456578,STALE
2026-07-13 02:00:00+00:00,161.49965,161.54175,161.48595,161.49615,0,1786051455678,STALE
2026-07-13 02:15:00+00:00,161.49855,161.55105,161.48025,161.48025,0,1786051454778,STALE
2026-07-13 02:30:00+00:00,161.48055,161.52725,161.45335,161.48975,0,1786051453878,STALE
2026-07-13 02:45:00+00:00,161.48945,161.53335,161.47775,161.51065,0,1786051452978,STALE
2026-07-13 03:00:00+00:00,161.50815,161.61185,161.50575,161.53145,0,1786051452078,STALE
2026-07-13 03:15:00+00:00,161.53125,161.63935,161.51715,161.62045,0,1786051451178,STALE
2026-07-13 03:30:00+00:00,161.62035,161.63415,161.58915,161.59925,0,1786051450278,STALE
2026-07-13 03:45:00+00:00,161.59805,161.60025,161.50525,161.54285,0,1786051449378,STALE
2026-07-13 04:00:00+00:00,161.54325,161.60305,161.52525,161.58225,0,1786051448478,STALE
2026-07-13 04:15:00+00:00,161.58235,161.63675,161.55895,161.60145,0,1786051447578,STALE
2026-07-13 04:30:00+00:00,161.60055,161.67245,161.54215,161.66475,0,1786051446678,STALE
2026-07-13 04:45:00+00:00,161.66125,161.70685,161.61845,161.68135,0,1786051445778,STALE
2026-07-13 05:00:00+00:00,161.68145,161.75845,161.65575,161.73865,0,1786051444878,STALE
2026-07-13 05:15:00+00:00,161.73985,161.74625,161.60925,161.60925,0,1786051443978,STALE
2026-07-13 05:30:00+00:00,161.60855,161.63045,161.55555,161.56975,0,1786051443078,STALE
2026-07-13 05:45:00+00:00,161.57015,161.59575,161.52335,161.53275,0,1786051442178,STALE
2026-07-13 06:00:00+00:00,161.53325,161.56365,161.49875,161.55285,0,1786051441278,STALE
2026-07-13 06:15:00+00:00,161.55235,161.68505,161.54305,161.67735,0,1786051440378,STALE
2026-07-13 06:30:00+00:00,161.67775,161.72535,161.65655,161.66495,0,1786051439478,STALE
2026-07-13 06:45:00+00:00,161.66475,161.68665,161.59105,161.61905,0,1786051438578,STALE
2026-07-13 07:00:00+00:00,161.61915,161.65325,161.49025,161.53035,0,1786051437678,STALE
2026-07-13 07:15:00+00:00,161.52935,161.55895,161.42885,161.43085,0,1786051436778,STALE
2026-07-13 07:30:00+00:00,161.43015,161.43435,161.27315,161.27885,0,1786051435878,STALE
2026-07-13 07:45:00+00:00,161.27905,161.32605,161.23815,161.31835,0,1786051434978,STALE
2026-07-13 08:00:00+00:00,161.31845,161.37035,161.28575,161.29525,0,1786051434078,STALE
2026-07-13 08:15:00+00:00,161.29505,161.29515,161.18975,161.27085,0,1786051433178,STALE
2026-07-13 08:30:00+00:00,161.27035,161.33525,161.23255,161.24865,0,1786051432278,STALE
2026-07-13 08:45:00+00:00,161.24775,161.34605,161.20425,161.32545,0,1786051431378,STALE
2026-07-13 09:00:00+00:00,161.32055,161.35115,161.28425,161.33455,0,1786051430478,STALE
2026-07-13 09:15:00+00:00,161.33415,161.39875,161.32335,161.36655,0,1786051429578,STALE
2026-07-13 09:30:00+00:00,161.36675,161.45355,161.35925,161.42105,0,1786051428678,STALE
2026-07-13 09:45:00+00:00,161.42125,161.51485,161.42015,161.49095,0,1786051427778,STALE
2026-07-13 10:00:00+00:00,161.49015,161.49015,161.39785,161.40425,0,1786051426878,STALE
2026-07-13 10:15:00+00:00,161.40405,161.48425,161.38765,161.46565,0,1786051425978,STALE
2026-07-13 10:30:00+00:00,161.46535,161.48345,161.40125,161.47105,0,1786051425078,STALE
2026-07-13 10:45:00+00:00,161.47085,161.48195,161.40265,161.45425,0,1786051424178,STALE
2026-07-13 11:00:00+00:00,161.45435,161.49135,161.42535,161.46085,0,1786051423278,STALE
2026-07-13 11:15:00+00:00,161.46065,161.47885,161.38315,161.41045,0,1786051422378,STALE
2026-07-13 11:30:00+00:00,161.41085,161.44545,161.35765,161.35815,0,1786051421478,STALE
2026-07-13 11:45:00+00:00,161.35855,161.43075,161.32245,161.40365,0,1786051420578,STALE
2026-07-13 12:00:00+00:00,161.40575,161.49165,161.39285,161.46065,0,1786051419678,STALE
2026-07-13 12:15:00+00:00,161.46145,161.46485,161.37775,161.42315,0,1786051418778,STALE
2026-07-13 12:30:00+00:00,161.42335,161.47285,161.38505,161.40685,0,1786051417878,STALE
2026-07-13 12:45:00+00:00,161.40715,161.41695,161.29585,161.35585,0,1786051416978,STALE
2026-07-13 13:00:00+00:00,161.35565,161.37655,161.30185,161.30185,0,1786051416078,STALE
2026-07-13 13:15:00+00:00,161.30195,161.35015,161.27865,161.34495,0,1786051415178,STALE
2026-07-13 13:30:00+00:00,161.34525,161.39965,161.28525,161.36175,0,1786051414278,STALE
2026-07-13 13:45:00+00:00,161.36195,161.42475,161.36145,161.38385,0,1786051413378,STALE
2026-07-13 14:00:00+00:00,161.38435,161.38985,161.27615,161.27655,0,1786051412478,STALE
2026-07-13 14:15:00+00:00,161.27625,161.27855,161.13715,161.13915,0,1786051411578,STALE
2026-07-13 14:30:00+00:00,161.13835,161.18465,161.12085,161.14125,0,1786051410678,STALE
2026-07-13 14:45:00+00:00,161.14095,161.22165,161.11955,161.19985,0,1786051409778,STALE
2026-07-13 15:00:00+00:00,161.20005,161.25455,161.16705,161.18205,0,1786051408878,STALE
2026-07-13 15:15:00+00:00,161.18245,161.21445,161.15815,161.18995,0,1786051407978,STALE
2026-07-13 15:30:00+00:00,161.19015,161.24535,161.11555,161.11555,0,1786051407078,STALE
2026-07-13 15:45:00+00:00,161.11585,161.12195,161.04855,161.08635,0,1786051406178,STALE
2026-07-13 16:00:00+00:00,161.08645,161.11105,161.01945,161.04045,0,1786051405278,STALE
2026-07-13 16:15:00+00:00,161.03945,161.04965,160.96445,160.97275,0,1786051404378,STALE
2026-07-13 16:30:00+00:00,160.97315,161.09225,160.97315,161.05325,0,1786051403478,STALE
2026-07-13 16:45:00+00:00,161.05415,161.11845,161.00655,161.02055,0,1786051402578,STALE
2026-07-13 17:00:00+00:00,161.02005,161.02755,160.93515,160.96285,0,1786051401678,STALE
2026-07-13 17:15:00+00:00,160.96325,160.99315,160.88685,160.90405,0,1786051400778,STALE
2026-07-13 17:30:00+00:00,160.90435,160.94585,160.88975,160.91465,0,1786051399878,STALE
2026-07-13 17:45:00+00:00,160.91505,160.96695,160.89665,160.96445,0,1786051398978,STALE
2026-07-13 18:00:00+00:00,160.96475,161.07775,160.95475,161.02435,0,1786051398078,STALE
2026-07-13 18:15:00+00:00,161.02525,161.03875,160.98795,161.03075,0,1786051397178,STALE
2026-07-13 18:30:00+00:00,161.03065,161.06365,160.98255,161.05205,0,1786051396278,STALE
2026-07-13 18:45:00+00:00,161.05265,161.11425,161.03715,161.08975,0,1786051395378,STALE
2026-07-13 19:00:00+00:00,161.08965,161.14325,161.08145,161.09625,0,1786051394478,STALE
2026-07-13 19:15:00+00:00,161.09605,161.13545,161.06375,161.11025,0,1786051393578,STALE
2026-07-13 19:30:00+00:00,161.11125,161.11125,161.02645,161.03355,0,1786051392678,STALE
2026-07-13 19:45:00+00:00,161.03405,161.16565,161.00115,161.16215,0,1786051391778,STALE
2026-07-13 20:00:00+00:00,161.16175,161.19995,161.10575,161.16685,0,1786051390878,STALE
2026-07-13 20:15:00+00:00,161.17255,161.20635,161.13155,161.20365,0,1786051389978,STALE
2026-07-13 20:30:00+00:00,161.20335,161.23215,161.18055,161.19475,0,1786051389078,STALE
2026-07-13 20:45:00+00:00,161.19465,161.27235,161.18315,161.27015,0,1786051388178,STALE
2026-07-13 21:00:00+00:00,161.26945,161.28865,161.21825,161.27015,0,1786051387278,STALE
2026-07-13 21:15:00+00:00,161.27145,161.37585,161.27145,161.33845,0,1786051386378,STALE
2026-07-13 21:30:00+00:00,161.33825,161.38095,161.31375,161.36065,0,1786051385478,STALE
2026-07-13 21:45:00+00:00,161.35995,161.39725,161.30245,161.32275,0,1786051384578,STALE
2026-07-13 22:00:00+00:00,161.32315,161.36565,161.26125,161.29085,0,1786051383678,STALE
2026-07-13 22:15:00+00:00,161.28865,161.30135,161.18755,161.30125,0,1786051382778,STALE
2026-07-13 22:30:00+00:00,161.30165,161.33775,161.25505,161.25565,0,1786051381878,STALE
2026-07-13 22:45:00+00:00,161.25375,161.28325,161.18505,161.27455,0,1786051380978,STALE
2026-07-13 23:00:00+00:00,161.27445,161.34575,161.23755,161.26725,0,1786051380078,STALE
2026-07-13 23:15:00+00:00,161.26655,161.30855,161.22195,161.29645,0,1786051379178,STALE
2026-07-13 23:30:00+00:00,161.29615,161.33845,161.24925,161.33195,0,1786051378278,STALE
2026-07-13 23:45:00+00:00,161.33175,161.33505,161.24805,161.28605,0,1786051377378,STALE
2026-07-14 00:00:00+00:00,161.28615,161.38745,161.26805,161.34695,0,1786051376478,STALE
2026-07-14 00:15:00+00:00,161.34745,161.36615,161.30395,161.32195,0,1786051375578,STALE
2026-07-14 00:30:00+00:00,161.32275,161.37435,161.27975,161.28545,0,1786051374678,STALE
2026-07-14 00:45:00+00:00,161.28585,161.33425,161.25405,161.25405,0,1786051373778,STALE
2026-07-14 01:00:00+00:00,161.25415,161.31505,161.23045,161.23965,0,1786051372878,STALE
2026-07-14 01:15:00+00:00,161.24105,161.29155,161.20615,161.27495,0,1786051371978,STALE
2026-07-14 01:30:00+00:00,161.28085,161.52805,161.27915,161.52265,0,1786051371078,STALE
2026-07-14 01:45:00+00:00,161.52275,161.56345,161.50135,161.54145,0,1786051370178,STALE
2026-07-14 02:00:00+00:00,161.54115,161.57765,161.43395,161.45755,0,1786051369278,STALE
2026-07-14 02:15:00+00:00,161.45805,161.47125,161.39945,161.43735,0,1786051368378,STALE
2026-07-14 02:30:00+00:00,161.43695,161.47465,161.41715,161.45295,0,1786051367478,STALE
2026-07-14 02:45:00+00:00,161.45305,161.51105,161.41835,161.49155,0,1786051366578,STALE
2026-07-14 03:00:00+00:00,161.49135,161.56205,161.48765,161.52835,0,1786051365678,STALE
2026-07-14 03:15:00+00:00,161.52935,161.57515,161.49245,161.53945,0,1786051364778,STALE
2026-07-14 03:30:00+00:00,161.53955,161.58675,161.49425,161.57145,0,1786051363878,STALE
2026-07-14 03:45:00+00:00,161.57115,161.58905,161.48175,161.48275,0,1786051362978,STALE
2026-07-14 04:00:00+00:00,161.48275,162.33565,161.48275,162.26815,0,1786051362078,STALE
2026-07-14 04:15:00+00:00,162.26835,162.38865,162.20865,162.35845,0,1786051361178,STALE
2026-07-14 04:30:00+00:00,162.35795,162.45735,162.32145,162.45685,0,1786051360278,STALE
2026-07-14 04:45:00+00:00,162.45695,162.46025,162.37835,162.42505,0,1786051359378,STALE
2026-07-14 05:00:00+00:00,162.42485,162.45445,162.35445,162.37305,0,1786051358478,STALE
2026-07-14 05:15:00+00:00,162.37295,162.39035,162.32905,162.34715,0,1786051357578,STALE
2026-07-14 05:30:00+00:00,162.34775,162.37575,162.21815,162.23085,0,1786051356678,STALE
2026-07-14 05:45:00+00:00,162.23135,162.30415,162.17065,162.29865,0,1786051355778,STALE
2026-07-14 06:00:00+00:00,162.29835,162.33965,162.27885,162.33015,0,1786051354878,STALE
2026-07-14 06:15:00+00:00,162.32965,162.34925,162.20585,162.26345,0,1786051353978,STALE
2026-07-14 06:30:00+00:00,162.26375,162.31415,162.21275,162.29705,0,1786051353078,STALE
2026-07-14 06:45:00+00:00,162.29755,162.33645,162.25665,162.27565,0,1786051352178,STALE
2026-07-14 07:00:00+00:00,162.27615,162.30035,162.19445,162.20045,0,1786051351278,STALE
2026-07-14 07:15:00+00:00,162.20025,162.28045,162.19365,162.22645,0,1786051350378,STALE
2026-07-14 07:30:00+00:00,162.22685,162.24515,162.15765,162.16995,0,1786051349478,STALE
2026-07-14 07:45:00+00:00,162.16685,162.20285,162.13195,162.19935,0,1786051348578,STALE
2026-07-14 08:00:00+00:00,162.19885,162.23785,162.13715,162.14375,0,1786051347678,STALE
2026-07-14 08:15:00+00:00,162.14345,162.26605,162.14175,162.24285,0,1786051346778,STALE
2026-07-14 08:30:00+00:00,162.24145,162.26155,162.09935,162.12255,0,1786051345878,STALE
2026-07-14 08:45:00+00:00,162.12205,162.19285,162.11365,162.13455,0,1786051344978,STALE
2026-07-14 09:00:00+00:00,162.13495,162.18305,162.09085,162.18305,0,1786051344078,STALE
2026-07-14 09:15:00+00:00,162.18275,162.21145,162.12605,162.17145,0,1786051343178,STALE
2026-07-14 09:30:00+00:00,162.17105,162.20795,162.08975,162.09155,0,1786051342278,STALE
2026-07-14 09:45:00+00:00,162.09165,162.10265,162.02255,162.04925,0,1786051341378,STALE
2026-07-14 10:00:00+00:00,162.04945,162.06265,161.97525,162.02645,0,1786051340478,STALE
2026-07-14 10:15:00+00:00,162.02795,162.12585,162.02535,162.06755,0,1786051339578,STALE
2026-07-14 10:30:00+00:00,162.06515,162.11255,162.01385,162.10015,0,1786051338678,STALE
2026-07-14 10:45:00+00:00,162.10005,162.10885,162.04715,162.10095,0,1786051337778,STALE
2026-07-14 11:00:00+00:00,162.09205,162.13815,162.06845,162.08695,0,1786051336878,STALE
2026-07-14 11:15:00+00:00,162.08635,162.12935,162.04465,162.08445,0,1786051335978,STALE
2026-07-14 11:30:00+00:00,162.08425,162.11275,162.06625,162.06625,0,1786051335078,STALE
2026-07-14 11:45:00+00:00,162.06655,162.14295,162.05455,162.11435,0,1786051334178,STALE
2026-07-14 12:00:00+00:00,162.11475,162.12295,162.03725,162.06835,0,1786051333278,STALE
2026-07-14 12:15:00+00:00,162.06825,162.12035,162.02315,162.03505,0,1786051332378,STALE
2026-07-14 12:30:00+00:00,162.03515,162.07715,162.00715,162.05365,0,1786051331478,STALE
2026-07-14 12:45:00+00:00,162.05335,162.10045,162.02555,162.05035,0,1786051330578,STALE
2026-07-14 13:00:00+00:00,162.04995,162.08745,161.99925,162.06665,0,1786051329678,STALE
2026-07-14 13:15:00+00:00,162.06735,162.08185,162.01825,162.06035,0,1786051328778,STALE
2026-07-14 13:30:00+00:00,162.05965,162.10055,162.02685,162.08875,0,1786051327878,STALE
2026-07-14 13:45:00+00:00,162.08925,162.13805,162.06015,162.10645,0,1786051326978,STALE
2026-07-14 14:00:00+00:00,162.10635,162.14575,162.09255,162.12925,0,1786051326078,STALE
2026-07-14 14:15:00+00:00,162.12905,162.19905,162.09665,162.15875,0,1786051325178,STALE
2026-07-14 14:30:00+00:00,162.15895,162.18185,162.09635,162.16995,0,1786051324278,STALE
2026-07-14 14:45:00+00:00,162.16965,162.20545,162.11675,162.14815,0,1786051323378,STALE
2026-07-14 15:00:00+00:00,162.14725,162.15645,162.04205,162.07275,0,1786051322478,STALE
2026-07-14 15:15:00+00:00,162.07265,162.08275,162.03035,162.07095,0,1786051321578,STALE
2026-07-14 15:30:00+00:00,162.07085,162.13695,162.02865,162.04455,0,1786051320678,STALE
2026-07-14 15:45:00+00:00,162.04465,162.08205,162.01515,162.01935,0,1786051319778,STALE
2026-07-14 16:00:00+00:00,162.01915,162.02005,161.91745,161.91745,0,1786051318878,STALE
2026-07-14 16:15:00+00:00,161.91775,161.92625,161.83815,161.84265,0,1786051317978,STALE
2026-07-14 16:30:00+00:00,161.84175,161.87175,161.80005,161.80015,0,1786051317078,STALE
2026-07-14 16:45:00+00:00,161.79965,161.83135,161.76365,161.80625,0,1786051316178,STALE
2026-07-14 17:00:00+00:00,161.80645,161.83485,161.77075,161.82155,0,1786051315278,STALE
2026-07-14 17:15:00+00:00,161.82165,161.88325,161.76605,161.86575,0,1786051314378,STALE
2026-07-14 17:30:00+00:00,161.86065,161.86835,161.79345,161.84935,0,1786051313478,STALE
2026-07-14 17:45:00+00:00,161.85265,161.92475,161.84675,161.86535,0,1786051312578,STALE
2026-07-14 18:00:00+00:00,161.86515,161.92505,161.83255,161.91665,0,1786051311678,STALE
2026-07-14 18:15:00+00:00,161.91695,161.94965,161.84395,161.84395,0,1786051310778,STALE
2026-07-14 18:30:00+00:00,161.84415,161.89275,161.80185,161.86505,0,1786051309878,STALE
2026-07-14 18:45:00+00:00,161.86355,161.91295,161.84345,161.90895,0,1786051308978,STALE
2026-07-14 19:00:00+00:00,161.90865,161.91525,161.86645,161.89455,0,1786051308078,STALE
2026-07-14 19:15:00+00:00,161.89495,161.92965,161.83925,161.85615,0,1786051307178,STALE
2026-07-14 19:30:00+00:00,161.85485,161.87905,161.79245,161.84615,0,1786051306278,STALE
2026-07-14 19:45:00+00:00,161.84595,161.90325,161.77455,161.83395,0,1786051305378,STALE
2026-07-14 20:00:00+00:00,161.83415,161.90355,161.83375,161.87955,0,1786051304478,STALE
2026-07-14 20:15:00+00:00,161.87675,161.94725,161.86345,161.89525,0,1786051303578,STALE
2026-07-14 20:30:00+00:00,161.89555,161.95915,161.88235,161.89425,0,1786051302678,STALE
2026-07-14 20:45:00+00:00,161.89675,162.02275,161.88435,162.00615,0,1786051301778,STALE
2026-07-14 21:00:00+00:00,162.00585,162.01275,161.93005,161.94765,0,1786051300878,STALE
2026-07-14 21:15:00+00:00,161.94775,161.94835,161.84665,161.88655,0,1786051299978,STALE
2026-07-14 21:30:00+00:00,161.88585,161.91235,161.81695,161.83845,0,1786051299078,STALE
2026-07-14 21:45:00+00:00,161.83855,161.89385,161.80955,161.82015,0,1786051298178,STALE
2026-07-14 22:00:00+00:00,161.82075,161.83465,161.77135,161.79495,0,1786051297278,STALE
2026-07-14 22:15:00+00:00,161.79475,161.85265,161.75215,161.78625,0,1786051296378,STALE
2026-07-14 22:30:00+00:00,161.78645,161.85445,161.73875,161.83985,0,1786051295478,STALE
2026-07-14 22:45:00+00:00,161.83935,161.88805,161.82255,161.86005,0,1786051294578,STALE
2026-07-14 23:00:00+00:00,161.86025,161.89715,161.84055,161.85345,0,1786051293678,STALE
2026-07-14 23:15:00+00:00,161.85325,161.91015,161.80295,161.86545,0,1786051292778,STALE
2026-07-14 23:30:00+00:00,161.86595,161.90425,161.76815,161.85575,0,1786051291878,STALE
2026-07-14 23:45:00+00:00,161.85545,161.98025,161.84495,161.97605,0,1786051290978,STALE
2026-07-15 00:00:00+00:00,161.97585,162.00115,161.93765,161.96265,0,1786051290078,STALE
2026-07-15 00:15:00+00:00,161.96065,162.06135,161.88835,162.04945,0,1786051289178,STALE
2026-07-15 00:30:00+00:00,162.04915,162.06765,162.01465,162.06025,0,1786051288278,STALE
2026-07-15 00:45:00+00:00,162.06065,162.09785,162.01285,162.01785,0,1786051287378,STALE
2026-07-15 01:00:00+00:00,162.01735,162.03265,161.93895,161.96665,0,1786051286478,STALE
2026-07-15 01:15:00+00:00,161.96585,161.98785,161.89945,161.94255,0,1786051285578,STALE
2026-07-15 01:30:00+00:00,161.94245,161.94685,161.85125,161.88285,0,1786051284678,STALE
2026-07-15 01:45:00+00:00,161.88305,161.91965,161.82395,161.91065,0,1786051283778,STALE
2026-07-15 02:00:00+00:00,161.91035,161.94215,161.89145,161.92195,0,1786051282878,STALE
2026-07-15 02:15:00+00:00,161.92335,161.95735,161.88625,161.93985,0,1786051281978,STALE
2026-07-15 02:30:00+00:00,161.93935,161.96605,161.88825,161.94825,0,1786051281078,STALE
2026-07-15 02:45:00+00:00,161.94775,161.95125,161.78055,161.79535,0,1786051280178,STALE
2026-07-15 03:00:00+00:00,161.79505,161.82555,161.71235,161.73035,0,1786051279278,STALE
2026-07-15 03:15:00+00:00,161.73075,161.75955,161.66385,161.75955,0,1786051278378,STALE
2026-07-15 03:30:00+00:00,161.76045,161.87055,161.74995,161.87055,0,1786051277478,STALE
2026-07-15 03:45:00+00:00,161.87305,161.90255,161.79605,161.79605,0,1786051276578,STALE
2026-07-15 04:00:00+00:00,161.79735,161.81825,161.73295,161.81205,0,1786051275678,STALE
2026-07-15 04:15:00+00:00,161.80995,161.82415,161.74345,161.79085,0,1786051274778,STALE
2026-07-15 04:30:00+00:00,161.79065,161.88835,161.78875,161.87615,0,1786051273878,STALE
2026-07-15 04:45:00+00:00,161.87655,161.92375,161.86205,161.90075,0,1786051272978,STALE
2026-07-15 05:00:00+00:00,161.90135,161.95615,161.86435,161.89255,0,1786051272078,STALE
2026-07-15 05:15:00+00:00,161.89265,161.98995,161.86225,161.98305,0,1786051271178,STALE
2026-07-15 05:30:00+00:00,161.98315,161.98865,161.91835,161.96475,0,1786051270278,STALE
2026-07-15 05:45:00+00:00,161.96495,162.07395,161.96015,162.07195,0,1786051269378,STALE
2026-07-15 06:00:00+00:00,162.07345,162.14065,162.07155,162.11055,0,1786051268478,STALE
2026-07-15 06:15:00+00:00,162.11095,162.12335,162.03415,162.08645,0,1786051267578,STALE
2026-07-15 06:30:00+00:00,162.08665,162.20335,162.06265,162.17795,0,1786051266678,STALE
2026-07-15 06:45:00+00:00,162.17745,162.18695,162.12295,162.14965,0,1786051265778,STALE
2026-07-15 07:00:00+00:00,162.14925,162.29205,162.14925,162.28575,0,1786051264878,STALE
2026-07-15 07:15:00+00:00,162.28615,162.39385,162.28125,162.37375,0,1786051263978,STALE
2026-07-15 07:30:00+00:00,162.37415,162.40225,162.31065,162.32485,0,1786051263078,STALE
2026-07-15 07:45:00+00:00,162.32475,162.34805,162.20925,162.21595,0,1786051262178,STALE
2026-07-15 08:00:00+00:00,162.21655,162.25385,162.19285,162.25205,0,1786051261278,STALE
2026-07-15 08:15:00+00:00,162.25185,162.26425,162.17245,162.21605,0,1786051260378,STALE
2026-07-15 08:30:00+00:00,162.21655,162.24275,162.17795,162.23545,0,1786051259478,STALE
2026-07-15 08:45:00+00:00,162.23465,162.30655,162.22885,162.29195,0,1786051258578,STALE
2026-07-15 09:00:00+00:00,162.29045,162.38615,162.28605,162.35105,0,1786051257678,STALE
2026-07-15 09:15:00+00:00,162.35075,162.40365,162.30255,162.33985,0,1786051256778,STALE
2026-07-15 09:30:00+00:00,162.34025,162.37105,162.26585,162.36715,0,1786051255878,STALE
2026-07-15 09:45:00+00:00,162.36675,162.36945,162.27075,162.27475,0,1786051254978,STALE
2026-07-15 10:00:00+00:00,162.27505,162.31425,162.26355,162.28575,0,1786051254078,STALE
2026-07-15 10:15:00+00:00,162.28755,162.30435,162.22485,162.27355,0,1786051253178,STALE
2026-07-15 10:30:00+00:00,162.27385,162.28985,162.21175,162.23065,0,1786051252278,STALE
2026-07-15 10:45:00+00:00,162.23085,162.30895,162.21285,162.25915,0,1786051251378,STALE
2026-07-15 11:00:00+00:00,162.25865,162.29675,162.22325,162.23745,0,1786051250478,STALE
2026-07-15 11:15:00+00:00,162.23725,162.26535,162.18915,162.22865,0,1786051249578,STALE
2026-07-15 11:30:00+00:00,162.22895,162.23345,162.14375,162.18725,0,1786051248678,STALE
2026-07-15 11:45:00+00:00,162.18765,162.28165,162.17785,162.22785,0,1786051247778,STALE
2026-07-15 12:00:00+00:00,162.22795,162.28245,162.20985,162.23175,0,1786051246878,STALE
2026-07-15 12:15:00+00:00,162.23195,162.26345,162.19665,162.24345,0,1786051245978,STALE
2026-07-15 12:30:00+00:00,162.24275,162.26645,162.20455,162.25755,0,1786051245078,STALE
2026-07-15 12:45:00+00:00,162.25745,162.33975,162.23215,162.28915,0,1786051244178,STALE
2026-07-15 13:00:00+00:00,162.28945,162.32075,162.23585,162.27785,0,1786051243278,STALE
2026-07-15 13:15:00+00:00,162.27845,162.31485,162.19935,162.27825,0,1786051242378,STALE
2026-07-15 13:30:00+00:00,162.27655,162.33195,162.25075,162.30515,0,1786051241478,STALE
2026-07-15 13:45:00+00:00,162.30485,162.33725,162.25215,162.25345,0,1786051240578,STALE
2026-07-15 14:00:00+00:00,162.25375,162.31025,162.18935,162.30385,0,1786051239678,STALE
2026-07-15 14:15:00+00:00,162.30355,162.44525,162.28885,162.35065,0,1786051238778,STALE
2026-07-15 14:30:00+00:00,162.35275,162.42935,162.33985,162.37555,0,1786051237878,STALE
2026-07-15 14:45:00+00:00,162.37735,162.38065,162.28875,162.31275,0,1786051236978,STALE
2026-07-15 15:00:00+00:00,162.31315,162.39795,162.30445,162.39505,0,1786051236078,STALE
2026-07-15 15:15:00+00:00,162.39605,162.39605,162.33925,162.39505,0,1786051235178,STALE
2026-07-15 15:30:00+00:00,162.39545,162.43765,162.33125,162.36495,0,1786051234278,STALE
2026-07-15 15:45:00+00:00,162.36485,162.43385,162.35245,162.42615,0,1786051233378,STALE
2026-07-15 16:00:00+00:00,162.42555,162.43775,162.31495,162.32755,0,1786051232478,STALE
2026-07-15 16:15:00+00:00,162.32675,162.35775,162.27395,162.32895,0,1786051231578,STALE
2026-07-15 16:30:00+00:00,162.32805,162.37455,162.31945,162.33625,0,1786051230678,STALE
2026-07-15 16:45:00+00:00,162.33755,162.38955,162.31735,162.37065,0,1786051229778,STALE
2026-07-15 17:00:00+00:00,162.37025,162.42265,162.33825,162.35695,0,1786051228878,STALE
2026-07-15 17:15:00+00:00,162.35675,162.40875,162.31945,162.39865,0,1786051227978,STALE
2026-07-15 17:30:00+00:00,162.39915,162.44935,162.37145,162.41255,0,1786051227078,STALE
2026-07-15 17:45:00+00:00,162.41275,162.45445,162.31105,162.45445,0,1786051226178,STALE
2026-07-15 18:00:00+00:00,162.45395,162.56095,162.44515,162.52635,0,1786051225278,STALE
2026-07-15 18:15:00+00:00,162.52615,162.52665,162.46275,162.49325,0,1786051224378,STALE
2026-07-15 18:30:00+00:00,162.49355,162.49575,162.42795,162.46285,0,1786051223478,STALE
2026-07-15 18:45:00+00:00,162.46315,162.50965,162.45245,162.50085,0,1786051222578,STALE
2026-07-15 19:00:00+00:00,162.49995,162.57015,162.49765,162.51405,0,1786051221678,STALE
2026-07-15 19:15:00+00:00,162.51375,162.53055,162.37865,162.38025,0,1786051220778,STALE
2026-07-15 19:30:00+00:00,162.37985,162.37985,162.25955,162.27255,0,1786051219878,STALE
2026-07-15 19:45:00+00:00,162.27215,162.35625,162.26485,162.30675,0,1786051218978,STALE
2026-07-15 20:00:00+00:00,162.30795,162.41215,162.29865,162.37145,0,1786051218078,STALE
2026-07-15 20:15:00+00:00,162.37175,162.39665,162.24705,162.27225,0,1786051217178,STALE
2026-07-15 20:30:00+00:00,162.27195,162.30205,162.23365,162.28245,0,1786051216278,STALE
2026-07-15 20:45:00+00:00,162.28265,162.32055,162.18595,162.18945,0,1786051215378,STALE
2026-07-15 21:00:00+00:00,162.18925,162.23105,162.15135,162.22695,0,1786051214478,STALE
2026-07-15 21:15:00+00:00,162.22815,162.24015,162.11875,162.15465,0,1786051213578,STALE
2026-07-15 21:30:00+00:00,162.15345,162.24695,162.15215,162.24565,0,1786051212678,STALE
2026-07-15 21:45:00+00:00,162.24555,162.35035,162.23645,162.34975,0,1786051211778,STALE
2026-07-15 22:00:00+00:00,162.34875,162.36135,162.27705,162.28975,0,1786051210878,STALE
2026-07-15 22:15:00+00:00,162.28905,162.36735,162.28265,162.32295,0,1786051209978,STALE
2026-07-15 22:30:00+00:00,162.32195,162.48175,162.31565,162.45105,0,1786051209078,STALE
2026-07-15 22:45:00+00:00,162.45145,162.45495,162.36845,162.39225,0,1786051208178,STALE
2026-07-15 23:00:00+00:00,162.39435,162.42465,162.27975,162.31745,0,1786051207278,STALE
2026-07-15 23:15:00+00:00,162.31785,162.31785,162.25665,162.27975,0,1786051206378,STALE
2026-07-15 23:30:00+00:00,162.27335,162.29305,162.19595,162.28015,0,1786051205478,STALE
2026-07-15 23:45:00+00:00,162.28105,162.28775,162.17625,162.19595,0,1786051204578,STALE
2026-07-16 00:00:00+00:00,162.19535,162.25665,162.15225,162.18335,0,1786051203678,STALE
2026-07-16 00:15:00+00:00,162.18325,162.19145,162.05705,162.08305,0,1786051202778,STALE
2026-07-16 00:30:00+00:00,162.08265,162.18095,162.08265,162.15845,0,1786051201878,STALE
2026-07-16 00:45:00+00:00,162.15745,162.19855,162.14225,162.18545,0,1786051200978,STALE
2026-07-16 01:00:00+00:00,162.18595,162.22245,162.15225,162.15615,0,1786051200078,STALE
2026-07-16 01:15:00+00:00,162.15655,162.20375,162.09415,162.17475,0,1786051199178,STALE
2026-07-16 01:30:00+00:00,162.17625,162.32475,162.17485,162.29455,0,1786051198278,STALE
2026-07-16 01:45:00+00:00,162.29475,162.38895,162.29375,162.36095,0,1786051197378,STALE
2026-07-16 02:00:00+00:00,162.36085,162.44085,162.35785,162.43215,0,1786051196478,STALE
2026-07-16 02:15:00+00:00,162.43265,162.46275,162.39295,162.45705,0,1786051195578,STALE
2026-07-16 02:30:00+00:00,162.45725,162.50415,162.40735,162.49015,0,1786051194678,STALE
2026-07-16 02:45:00+00:00,162.49025,162.49855,162.32615,162.35875,0,1786051193778,STALE
2026-07-16 03:00:00+00:00,162.35915,162.41465,162.33465,162.37205,0,1786051192878,STALE
2026-07-16 03:15:00+00:00,162.37215,162.48865,162.36235,162.46035,0,1786051191978,STALE
2026-07-16 03:30:00+00:00,162.45995,162.46445,162.36305,162.43345,0,1786051191078,STALE
2026-07-16 03:45:00+00:00,162.44275,162.45865,162.39015,162.41505,0,1786051190178,STALE
2026-07-16 04:00:00+00:00,162.41505,162.41505,162.09065,162.12225,0,1786051189278,STALE
2026-07-16 04:15:00+00:00,162.12135,162.17705,162.08075,162.10575,0,1786051188378,STALE
2026-07-16 04:30:00+00:00,162.10555,162.16995,162.06775,162.11455,0,1786051187478,STALE
2026-07-16 04:45:00+00:00,162.11475,162.20745,162.11305,162.20705,0,1786051186578,STALE
2026-07-16 05:00:00+00:00,162.20915,162.28625,162.19745,162.28505,0,1786051185678,STALE
2026-07-16 05:15:00+00:00,162.28385,162.28445,162.16075,162.16355,0,1786051184778,STALE
2026-07-16 05:30:00+00:00,162.16225,162.21545,162.11715,162.12035,0,1786051183878,STALE
2026-07-16 05:45:00+00:00,162.11415,162.17695,162.04895,162.17695,0,1786051182978,STALE
2026-07-16 06:00:00+00:00,162.17705,162.23335,162.13395,162.18785,0,1786051182078,STALE
2026-07-16 06:15:00+00:00,162.18825,162.21575,162.06595,162.07495,0,1786051181178,STALE
2026-07-16 06:30:00+00:00,162.07415,162.10155,162.01565,162.05085,0,1786051180278,STALE
2026-07-16 06:45:00+00:00,162.05235,162.06915,161.90625,161.93875,0,1786051179378,STALE
2026-07-16 07:00:00+00:00,161.94165,161.96235,161.89085,161.93615,0,1786051178478,STALE
2026-07-16 07:15:00+00:00,161.93625,161.95295,161.85645,161.88355,0,1786051177578,STALE
2026-07-16 07:30:00+00:00,161.88565,161.88845,161.72405,161.72585,0,1786051176678,STALE
2026-07-16 07:45:00+00:00,161.73055,161.76505,161.71625,161.75545,0,1786051175778,STALE
2026-07-16 08:00:00+00:00,161.75535,161.75995,161.63445,161.66095,0,1786051174878,STALE
2026-07-16 08:15:00+00:00,161.65635,161.72335,161.65265,161.65635,0,1786051173978,STALE
2026-07-16 08:30:00+00:00,161.65725,161.70455,161.60905,161.61475,0,1786051173078,STALE
2026-07-16 08:45:00+00:00,161.61445,161.66225,161.59125,161.62455,0,1786051172178,STALE
2026-07-16 09:00:00+00:00,161.62375,161.65895,161.50965,161.51005,0,1786051171278,STALE
2026-07-16 09:15:00+00:00,161.50965,161.52275,161.43015,161.49355,0,1786051170378,STALE
2026-07-16 09:30:00+00:00,161.49365,161.53105,161.45445,161.51715,0,1786051169478,STALE
2026-07-16 09:45:00+00:00,161.51755,161.63185,161.51525,161.62415,0,1786051168578,STALE
2026-07-16 10:00:00+00:00,161.62425,161.74595,161.60735,161.72675,0,1786051167678,STALE
2026-07-16 10:15:00+00:00,161.72555,161.77625,161.70625,161.72045,0,1786051166778,STALE
2026-07-16 10:30:00+00:00,161.72025,161.73485,161.64375,161.64645,0,1786051165878,STALE
2026-07-16 10:45:00+00:00,161.64615,161.72615,161.61655,161.72615,0,1786051164978,STALE
2026-07-16 11:00:00+00:00,161.72645,161.74245,161.62655,161.63125,0,1786051164078,STALE
2026-07-16 11:15:00+00:00,161.62965,161.67835,161.61845,161.65535,0,1786051163178,STALE
2026-07-16 11:30:00+00:00,161.65555,161.67495,161.56325,161.57445,0,1786051162278,STALE
2026-07-16 11:45:00+00:00,161.57475,161.63545,161.56915,161.59415,0,1786051161378,STALE
2026-07-16 12:00:00+00:00,161.58415,161.69475,161.58415,161.69135,0,1786051160478,STALE
2026-07-16 12:15:00+00:00,161.68865,161.72615,161.56755,161.59185,0,1786051159578,STALE
2026-07-16 12:30:00+00:00,161.59145,161.59265,161.47645,161.52685,0,1786051158678,STALE
2026-07-16 12:45:00+00:00,161.52675,161.58935,161.50775,161.52825,0,1786051157778,STALE
2026-07-16 13:00:00+00:00,161.52815,161.53775,161.49455,161.52855,0,1786051156878,STALE
2026-07-16 13:15:00+00:00,161.52885,161.55495,161.41855,161.42715,0,1786051155978,STALE
2026-07-16 13:30:00+00:00,161.42705,161.51435,161.42145,161.51305,0,1786051155078,STALE
2026-07-16 13:45:00+00:00,161.51415,161.52155,161.43145,161.49715,0,1786051154178,STALE
2026-07-16 14:00:00+00:00,161.49695,161.55695,161.46855,161.48845,0,1786051153278,STALE
2026-07-16 14:15:00+00:00,161.48885,161.52125,161.45385,161.48675,0,1786051152378,STALE
2026-07-16 14:30:00+00:00,161.48145,161.49545,161.33415,161.37375,0,1786051151478,STALE
2026-07-16 14:45:00+00:00,161.37435,161.45735,161.34765,161.44735,0,1786051150578,STALE
2026-07-16 15:00:00+00:00,161.44765,161.48525,161.42215,161.44625,0,1786051149678,STALE
2026-07-16 15:15:00+00:00,161.44635,161.47145,161.38035,161.38775,0,1786051148778,STALE
2026-07-16 15:30:00+00:00,161.38745,161.45655,161.35995,161.40745,0,1786051147878,STALE
2026-07-16 15:45:00+00:00,161.40665,161.48485,161.37865,161.47855,0,1786051146978,STALE
2026-07-16 16:00:00+00:00,161.47735,161.53265,161.45335,161.47635,0,1786051146078,STALE
2026-07-16 16:15:00+00:00,161.47655,161.53465,161.46835,161.48865,0,1786051145178,STALE
2026-07-16 16:30:00+00:00,161.48845,161.49255,161.27405,161.27775,0,1786051144278,STALE
2026-07-16 16:45:00+00:00,161.27875,161.32295,161.26795,161.29355,0,1786051143378,STALE
2026-07-16 17:00:00+00:00,161.29655,161.45485,161.28305,161.42805,0,1786051142478,STALE
2026-07-16 17:15:00+00:00,161.42785,161.49845,161.41935,161.49455,0,1786051141578,STALE
2026-07-16 17:30:00+00:00,161.49365,161.52135,161.44605,161.44765,0,1786051140678,STALE
2026-07-16 17:45:00+00:00,161.44685,161.52745,161.42875,161.47685,0,1786051139778,STALE
2026-07-16 18:00:00+00:00,161.47705,161.50735,161.42875,161.45475,0,1786051138878,STALE
2026-07-16 18:15:00+00:00,161.45435,161.56115,161.40895,161.53735,0,1786051137978,STALE
2026-07-16 18:30:00+00:00,161.53705,161.60465,161.51975,161.59905,0,1786051137078,STALE
2026-07-16 18:45:00+00:00,161.59785,161.62585,161.54565,161.61465,0,1786051136178,STALE
2026-07-16 19:00:00+00:00,161.61505,161.63255,161.54375,161.54425,0,1786051135278,STALE
2026-07-16 19:15:00+00:00,161.54625,161.63515,161.52145,161.63395,0,1786051134378,STALE
2026-07-16 19:30:00+00:00,161.63315,161.71585,161.61655,161.70055,0,1786051133478,STALE
2026-07-16 19:45:00+00:00,161.69985,161.71375,161.63455,161.65855,0,1786051132578,STALE
2026-07-16 20:00:00+00:00,161.65805,161.74415,161.64825,161.70135,0,1786051131678,STALE
2026-07-16 20:15:00+00:00,161.70155,161.74075,161.65305,161.70515,0,1786051130778,STALE
2026-07-16 20:30:00+00:00,161.70465,161.77395,161.65015,161.75165,0,1786051129878,STALE
2026-07-16 20:45:00+00:00,161.75205,161.77375,161.71305,161.72165,0,1786051128978,STALE
2026-07-16 21:00:00+00:00,161.72125,161.77965,161.68745,161.73305,0,1786051128078,STALE
2026-07-16 21:15:00+00:00,161.73345,161.75195,161.63645,161.67205,0,1786051127178,STALE
2026-07-16 21:30:00+00:00,161.67435,161.67935,161.51875,161.55805,0,1786051126278,STALE
2026-07-16 21:45:00+00:00,161.55725,161.65815,161.55335,161.64105,0,1786051125378,STALE
2026-07-16 22:00:00+00:00,161.64345,161.68765,161.60615,161.60875,0,1786051124478,STALE
2026-07-16 22:15:00+00:00,161.60925,161.63505,161.57515,161.58365,0,1786051123578,STALE
2026-07-16 22:30:00+00:00,161.58225,161.70305,161.54525,161.68525,0,1786051122678,STALE
2026-07-16 22:45:00+00:00,161.68555,161.70715,161.64895,161.66375,0,1786051121778,STALE
2026-07-16 23:00:00+00:00,161.66385,161.69135,161.55245,161.55335,0,1786051120878,STALE
2026-07-16 23:15:00+00:00,161.55415,161.65995,161.51805,161.65025,0,1786051119978,STALE
2026-07-16 23:30:00+00:00,161.65055,161.77525,161.62945,161.77525,0,1786051119078,STALE
2026-07-16 23:45:00+00:00,161.77555,161.81045,161.73165,161.76685,0,1786051118178,STALE
2026-07-17 00:00:00+00:00,161.76695,161.82635,161.72235,161.77025,0,1786051117278,STALE
2026-07-17 00:15:00+00:00,161.77105,161.83035,161.76075,161.81205,0,1786051116378,STALE
2026-07-17 00:30:00+00:00,161.81125,161.89335,161.80195,161.83645,0,1786051115478,STALE
2026-07-17 00:45:00+00:00,161.83635,161.83995,161.68425,161.72255,0,1786051114578,STALE
2026-07-17 01:00:00+00:00,161.72275,161.75115,161.63485,161.67075,0,1786051113678,STALE
2026-07-17 01:15:00+00:00,161.67005,161.72485,161.65825,161.70205,0,1786051112778,STALE
2026-07-17 01:30:00+00:00,161.69795,161.71745,161.63875,161.64235,0,1786051111878,STALE
2026-07-17 01:45:00+00:00,161.64265,161.64805,161.58395,161.64025,0,1786051110978,STALE
2026-07-17 02:00:00+00:00,161.64015,161.65985,161.60605,161.62825,0,1786051110078,STALE
2026-07-17 02:15:00+00:00,161.62775,161.63405,161.57545,161.62905,0,1786051109178,STALE
2026-07-17 02:30:00+00:00,161.62925,161.63085,161.49735,161.51685,0,1786051108278,STALE
2026-07-17 02:45:00+00:00,161.51715,161.54325,161.41285,161.52745,0,1786051107378,STALE
2026-07-17 03:00:00+00:00,161.52725,161.56595,161.49655,161.54005,0,1786051106478,STALE
2026-07-17 03:15:00+00:00,161.53985,161.54565,161.45215,161.48425,0,1786051105578,STALE
2026-07-17 03:30:00+00:00,161.48595,161.52515,161.39085,161.39085,0,1786051104678,STALE
2026-07-17 03:45:00+00:00,161.39265,161.42165,161.35155,161.42165,0,1786051103778,STALE
2026-07-17 04:00:00+00:00,161.42135,161.42165,161.31305,161.33735,0,1786051102878,STALE
2026-07-17 04:15:00+00:00,161.33745,161.44985,161.32235,161.44025,0,1786051101978,STALE
2026-07-17 04:30:00+00:00,161.44245,161.51225,161.43195,161.49895,0,1786051101078,STALE
2026-07-17 04:45:00+00:00,161.49885,161.51885,161.44765,161.45495,0,1786051100178,STALE
2026-07-17 05:00:00+00:00,161.45535,161.47275,161.39475,161.41545,0,1786051099278,STALE
2026-07-17 05:15:00+00:00,161.41495,161.48825,161.38565,161.48515,0,1786051098378,STALE
2026-07-17 05:30:00+00:00,161.47935,161.47935,161.32655,161.36105,0,1786051097478,STALE
2026-07-17 05:45:00+00:00,161.36095,161.45695,161.34765,161.44715,0,1786051096578,STALE
2026-07-17 06:00:00+00:00,161.44725,161.48755,161.39305,161.46245,0,1786051095678,STALE
2026-07-17 06:15:00+00:00,161.46145,161.51135,161.44995,161.50665,0,1786051094778,STALE
2026-07-17 06:30:00+00:00,161.50685,161.56175,161.46795,161.55485,0,1786051093878,STALE
2026-07-17 06:45:00+00:00,161.55495,161.56305,161.43825,161.46645,0,1786051092978,STALE
2026-07-17 07:00:00+00:00,161.46665,161.47555,161.28205,161.29745,0,1786051092078,STALE
2026-07-17 07:15:00+00:00,161.29765,161.36135,161.24175,161.34015,0,1786051091178,STALE
2026-07-17 07:30:00+00:00,161.34255,161.36275,161.30245,161.32455,0,1786051090278,STALE
2026-07-17 07:45:00+00:00,161.32565,161.34615,161.20945,161.26405,0,1786051089378,STALE
2026-07-17 08:00:00+00:00,161.26375,161.35285,161.23345,161.34105,0,1786051088478,STALE
2026-07-17 08:15:00+00:00,161.34145,161.36895,161.30365,161.34415,0,1786051087578,STALE
2026-07-17 08:30:00+00:00,161.34435,161.49715,161.32555,161.44475,0,1786051086678,STALE
2026-07-17 08:45:00+00:00,161.44345,161.47975,161.37535,161.38375,0,1786051085778,STALE
2026-07-17 09:00:00+00:00,161.38425,161.39955,161.32285,161.39955,0,1786051084878,STALE
2026-07-17 09:15:00+00:00,161.39865,161.41905,161.32455,161.37385,0,1786051083978,STALE
2026-07-17 09:30:00+00:00,161.37395,161.38445,161.28765,161.30955,0,1786051083078,STALE
2026-07-17 09:45:00+00:00,161.30845,161.32195,161.22455,161.25175,0,1786051082178,STALE
2026-07-17 10:00:00+00:00,161.25055,161.32575,161.21035,161.21125,0,1786051081278,STALE
2026-07-17 10:15:00+00:00,161.20925,161.23755,161.15065,161.19145,0,1786051080378,STALE
2026-07-17 10:30:00+00:00,161.19135,161.27145,161.18075,161.19695,0,1786051079478,STALE
2026-07-17 10:45:00+00:00,161.19705,161.20845,161.13485,161.20325,0,1786051078578,STALE
2026-07-17 11:00:00+00:00,161.20305,161.20755,161.05285,161.12505,0,1786051077678,STALE
2026-07-17 11:15:00+00:00,161.12565,161.17285,161.06235,161.06445,0,1786051076778,STALE
2026-07-17 11:30:00+00:00,161.06465,161.06525,160.96455,160.97885,0,1786051075878,STALE
2026-07-17 11:45:00+00:00,160.97915,161.02085,160.86745,160.88015,0,1786051074978,STALE
2026-07-17 12:00:00+00:00,160.88025,160.94785,160.83935,160.94395,0,1786051074078,STALE
2026-07-17 12:15:00+00:00,160.94425,160.98305,160.86845,160.94955,0,1786051073178,STALE
2026-07-17 12:30:00+00:00,160.94915,161.02425,160.90605,160.92425,0,1786051072278,STALE
2026-07-17 12:45:00+00:00,160.92375,160.92575,160.85405,160.89145,0,1786051071378,STALE
2026-07-17 13:00:00+00:00,160.89285,161.01005,160.86475,160.99875,0,1786051070478,STALE
2026-07-17 13:15:00+00:00,160.99885,161.08125,160.99855,161.07745,0,1786051069578,STALE
2026-07-17 13:30:00+00:00,161.07695,161.17555,161.05965,161.15065,0,1786051068678,STALE
2026-07-17 13:45:00+00:00,161.15045,161.18935,161.04055,161.18125,0,1786051067778,STALE
2026-07-17 14:00:00+00:00,161.18205,161.23195,161.12975,161.14585,0,1786051066878,STALE
2026-07-17 14:15:00+00:00,161.14595,161.22925,161.13695,161.20875,0,1786051065978,STALE
2026-07-17 14:30:00+00:00,161.20865,161.23215,161.14965,161.20165,0,1786051065078,STALE
2026-07-17 14:45:00+00:00,161.20175,161.22935,161.10855,161.10935,0,1786051064178,STALE
2026-07-17 15:00:00+00:00,161.10905,161.34675,161.08455,161.31395,0,1786051063278,STALE
2026-07-17 15:15:00+00:00,161.31315,161.38515,161.30095,161.37935,0,1786051062378,STALE
2026-07-17 15:30:00+00:00,161.37915,161.41585,161.32555,161.33355,0,1786051061478,STALE
2026-07-17 15:45:00+00:00,161.33315,161.33415,161.21905,161.25445,0,1786051060578,STALE
2026-07-17 16:00:00+00:00,161.25405,161.30955,161.14425,161.22345,0,1786051059678,STALE
2026-07-17 16:15:00+00:00,161.22495,161.30205,161.21455,161.25075,0,1786051058778,STALE
2026-07-17 16:30:00+00:00,161.25275,161.26515,161.17475,161.18405,0,1786051057878,STALE
2026-07-17 16:45:00+00:00,161.18535,161.30125,161.18135,161.27555,0,1786051056978,STALE
2026-07-17 17:00:00+00:00,161.27615,161.28285,161.17625,161.22435,0,1786051056078,STALE
2026-07-17 17:15:00+00:00,161.22355,161.24765,161.15815,161.17915,0,1786051055178,STALE
2026-07-17 17:30:00+00:00,161.17885,161.26715,161.14955,161.25585,0,1786051054278,STALE
2026-07-17 17:45:00+00:00,161.25855,161.37135,161.22035,161.33635,0,1786051053378,STALE
2026-07-17 18:00:00+00:00,161.33595,161.35665,161.22965,161.26215,0,1786051052478,STALE
2026-07-17 18:15:00+00:00,161.26295,161.33915,161.25475,161.28265,0,1786051051578,STALE
2026-07-17 18:30:00+00:00,161.28275,161.39915,161.26785,161.39105,0,1786051050678,STALE
2026-07-17 18:45:00+00:00,161.39155,161.41255,161.26275,161.32105,0,1786051049778,STALE
2026-07-17 19:00:00+00:00,161.32055,161.34345,161.21405,161.34345,0,1786051048878,STALE
2026-07-17 19:15:00+00:00,161.34395,161.40495,161.31215,161.36115,0,1786051047978,STALE
2026-07-17 19:30:00+00:00,161.36085,161.38875,161.29975,161.32305,0,1786051047078,STALE
2026-07-17 19:45:00+00:00,161.32335,161.34485,161.21035,161.23985,0,1786051046178,STALE
2026-07-17 20:00:00+00:00,161.23815,161.28035,161.17025,161.25635,0,1786051045278,STALE
2026-07-17 20:15:00+00:00,161.25605,161.42015,161.25015,161.41415,0,1786051044378,STALE
2026-07-17 20:30:00+00:00,161.42145,161.45525,161.35965,161.39675,0,1786051043478,STALE
2026-07-17 20:45:00+00:00,161.39745,161.44405,161.31295,161.41645,0,1786051042578,STALE
2026-07-17 21:00:00+00:00,161.41665,161.50905,161.35325,161.39275,0,1786051041678,STALE
2026-07-17 21:15:00+00:00,161.39335,161.48915,161.35755,161.46895,0,1786051040778,STALE
2026-07-17 21:30:00+00:00,161.46905,161.48285,161.37645,161.38105,0,1786051039878,STALE
2026-07-17 21:45:00+00:00,161.38025,161.42755,161.34125,161.36075,0,1786051038978,STALE
2026-07-17 22:00:00+00:00,161.35915,161.43965,161.33485,161.43345,0,1786051038078,STALE
2026-07-17 22:15:00+00:00,161.43315,161.50425,161.43295,161.48645,0,1786051037178,STALE
2026-07-17 22:30:00+00:00,161.48615,161.59535,161.45175,161.58485,0,1786051036278,STALE
2026-07-17 22:45:00+00:00,161.58525,161.63705,161.55495,161.55805,0,1786051035378,STALE
2026-07-17 23:00:00+00:00,161.55935,161.61715,161.49325,161.50495,0,1786051034478,STALE
2026-07-17 23:15:00+00:00,161.50485,161.58355,161.49115,161.56205,0,1786051033578,STALE
2026-07-17 23:30:00+00:00,161.55975,161.63335,161.52205,161.52485,0,1786051032678,STALE
2026-07-17 23:45:00+00:00,161.52505,161.63505,161.51555,161.62005,0,1786051031778,STALE
2026-07-18 00:00:00+00:00,161.61855,161.62825,161.48695,161.49535,0,1786051030878,STALE
2026-07-18 00:15:00+00:00,161.49565,161.57955,161.49415,161.50055,0,1786051029978,STALE
2026-07-18 00:30:00+00:00,161.50015,161.56325,161.45655,161.47095,0,1786051029078,STALE
2026-07-18 00:45:00+00:00,161.47085,161.47635,161.39595,161.40345,0,1786051028178,STALE
2026-07-18 01:00:00+00:00,161.40245,161.40395,161.29945,161.35015,0,1786051027278,STALE
2026-07-18 01:15:00+00:00,161.35035,161.40045,161.29105,161.32905,0,1786051026378,STALE
2026-07-18 01:30:00+00:00,161.32875,161.36225,161.21935,161.25095,0,1786051025478,STALE
2026-07-18 01:45:00+00:00,161.25005,161.31265,161.22225,161.25515,0,1786051024578,STALE
2026-07-18 02:00:00+00:00,161.25495,161.31945,161.23715,161.28315,0,1786051023678,STALE
2026-07-18 02:15:00+00:00,161.28325,161.46345,161.28325,161.46265,0,1786051022778,STALE
2026-07-18 02:30:00+00:00,161.46235,161.54695,161.43405,161.44165,0,1786051021878,STALE
2026-07-18 02:45:00+00:00,161.43675,161.48235,161.40525,161.43985,0,1786051020978,STALE
2026-07-18 03:00:00+00:00,161.43835,161.49765,161.39385,161.42585,0,1786051020078,STALE
2026-07-18 03:15:00+00:00,161.42595,161.45875,161.38335,161.45415,0,1786051019178,STALE
2026-07-18 03:30:00+00:00,161.45375,161.58045,161.42355,161.55545,0,1786051018278,STALE
2026-07-18 03:45:00+00:00,161.55515,161.62025,161.49815,161.56345,0,1786051017378,STALE
2026-07-18 04:00:00+00:00,161.56235,161.58115,161.48885,161.52205,0,1786051016478,STALE
2026-07-18 04:15:00+00:00,161.52235,161.62525,161.50655,161.60835,0,1786051015578,STALE
2026-07-18 04:30:00+00:00,161.60645,161.65135,161.57835,161.62805,0,1786051014678,STALE
2026-07-18 04:45:00+00:00,161.62845,161.69505,161.60945,161.64885,0,1786051013778,STALE
2026-07-18 05:00:00+00:00,161.64905,161.74535,161.62265,161.71735,0,1786051012878,STALE
2026-07-18 05:15:00+00:00,161.71745,161.77225,161.66805,161.71645,0,1786051011978,STALE
2026-07-18 05:30:00+00:00,161.71655,161.78885,161.68605,161.76935,0,1786051011078,STALE
2026-07-18 05:45:00+00:00,161.76925,161.89225,161.76375,161.81345,0,1786051010178,STALE
2026-07-18 06:00:00+00:00,161.81375,161.85315,161.70245,161.76945,0,1786051009278,STALE
2026-07-18 06:15:00+00:00,161.76965,161.78185,161.66325,161.68945,0,1786051008378,STALE
2026-07-18 06:30:00+00:00,161.68965,161.74285,161.65415,161.73945,0,1786051007478,STALE
2026-07-18 06:45:00+00:00,161.73805,161.79395,161.70425,161.71905,0,1786051006578,STALE
2026-07-18 07:00:00+00:00,161.71935,161.80585,161.68645,161.75595,0,1786051005678,STALE
2026-07-18 07:15:00+00:00,161.75575,161.78035,161.64725,161.68075,0,1786051004778,STALE
2026-07-18 07:30:00+00:00,161.68045,161.70405,161.56805,161.59545,0,1786051003878,STALE
2026-07-18 07:45:00+00:00,161.59515,161.65155,161.58375,161.63735,0,1786051002978,STALE
2026-07-18 08:00:00+00:00,161.63645,161.64175,161.52305,161.58865,0,1786051002078,STALE
2026-07-18 08:15:00+00:00,161.58925,161.61245,161.50575,161.50975,0,1786051001178,STALE
2026-07-18 08:30:00+00:00,161.51005,161.58045,161.49245,161.58045,0,1786051000278,STALE
2026-07-18 08:45:00+00:00,161.58035,161.61365,161.47335,161.47605,0,1786050999378,STALE
2026-07-18 09:00:00+00:00,161.47595,161.51555,161.44125,161.50285,0,1786050998478,STALE
2026-07-18 09:15:00+00:00,161.50345,161.50345,161.34715,161.34745,0,1786050997578,STALE
2026-07-18 09:30:00+00:00,161.34795,161.46265,161.34525,161.40335,0,1786050996678,STALE
2026-07-18 09:45:00+00:00,161.40175,161.40995,161.31355,161.35755,0,1786050995778,STALE
2026-07-18 10:00:00+00:00,161.35785,161.36755,161.26575,161.36025,0,1786050994878,STALE
2026-07-18 10:15:00+00:00,161.35925,161.38915,161.30305,161.30325,0,1786050993978,STALE
2026-07-18 10:30:00+00:00,161.30135,161.33345,161.23515,161.25455,0,1786050993078,STALE
2026-07-18 10:45:00+00:00,161.25505,161.28745,161.20055,161.24305,0,1786050992178,STALE
2026-07-18 11:00:00+00:00,161.24355,161.44415,161.22805,161.42685,0,1786050991278,STALE
2026-07-18 11:15:00+00:00,161.42785,161.51745,161.38425,161.50635,0,1786050990378,STALE
2026-07-18 11:30:00+00:00,161.50675,161.59385,161.48585,161.53415,0,1786050989478,STALE
2026-07-18 11:45:00+00:00,161.53385,161.54705,161.43335,161.48495,0,1786050988578,STALE
2026-07-18 12:00:00+00:00,161.48575,161.51745,161.27235,161.28315,0,1786050987678,STALE
2026-07-18 12:15:00+00:00,161.28225,161.29625,161.19545,161.22645,0,1786050986778,STALE
2026-07-18 12:30:00+00:00,161.22595,161.23705,161.16305,161.20525,0,1786050985878,STALE
2026-07-18 12:45:00+00:00,161.20505,161.27605,161.17095,161.25825,0,1786050984978,STALE
2026-07-18 13:00:00+00:00,161.25755,161.38145,161.20455,161.37285,0,1786050984078,STALE
2026-07-18 13:15:00+00:00,161.37295,161.42175,161.32455,161.39845,0,1786050983178,STALE
2026-07-18 13:30:00+00:00,161.39925,161.40825,161.28425,161.31115,0,1786050982278,STALE
2026-07-18 13:45:00+00:00,161.31075,161.32245,161.23505,161.30025,0,1786050981378,STALE
2026-07-18 14:00:00+00:00,161.29915,161.35915,161.26255,161.32445,0,1786050980478,STALE
2026-07-18 14:15:00+00:00,161.32485,161.34805,161.24555,161.24555,0,1786050979578,STALE
2026-07-18 14:30:00+00:00,161.24615,161.30005,161.24015,161.24955,0,1786050978678,STALE
2026-07-18 14:45:00+00:00,161.24925,161.33885,161.23815,161.28665,0,1786050977778,STALE
2026-07-18 15:00:00+00:00,161.28635,161.31055,161.14555,161.18615,0,1786050976878,STALE
2026-07-18 15:15:00+00:00,161.17945,161.31455,161.17805,161.26205,0,1786050975978,STALE
2026-07-18 15:30:00+00:00,161.26355,161.39655,161.23555,161.36535,0,1786050975078,STALE
2026-07-18 15:45:00+00:00,161.36645,161.38215,161.32475,161.36755,0,1786050974178,STALE
2026-07-18 16:00:00+00:00,161.36785,161.45235,161.34615,161.35475,0,1786050973278,STALE
2026-07-18 16:15:00+00:00,161.35495,161.42875,161.33535,161.40025,0,1786050972378,STALE
2026-07-18 16:30:00+00:00,161.39985,161.44715,161.33905,161.34485,0,1786050971478,STALE
2026-07-18 16:45:00+00:00,161.34465,161.39015,161.27725,161.28945,0,1786050970578,STALE
2026-07-18 17:00:00+00:00,161.29025,161.34505,161.26255,161.26755,0,1786050969678,STALE
2026-07-18 17:15:00+00:00,161.26735,161.38025,161.26225,161.37415,0,1786050968778,STALE
2026-07-18 17:30:00+00:00,161.37585,161.48585,161.37585,161.48115,0,1786050967878,STALE
2026-07-18 17:45:00+00:00,161.47965,161.50095,161.40225,161.44635,0,1786050966978,STALE
2026-07-18 18:00:00+00:00,161.44685,161.46995,161.40995,161.41585,0,1786050966078,STALE
2026-07-18 18:15:00+00:00,161.41875,161.42255,161.24425,161.26005,0,1786050965178,STALE
2026-07-18 18:30:00+00:00,161.25915,161.31315,161.22025,161.22495,0,1786050964278,STALE
2026-07-18 18:45:00+00:00,161.22455,161.22835,161.08405,161.17405,0,1786050963378,STALE
2026-07-18 19:00:00+00:00,161.17435,161.17505,161.04555,161.04645,0,1786050962478,STALE
2026-07-18 19:15:00+00:00,161.04655,161.15745,161.02135,161.15505,0,1786050961578,STALE
2026-07-18 19:30:00+00:00,161.15465,161.23995,161.08445,161.09755,0,1786050960678,STALE
2026-07-18 19:45:00+00:00,161.09775,161.21325,161.06475,161.20425,0,1786050959778,STALE
2026-07-18 20:00:00+00:00,161.20445,161.24375,161.16805,161.22875,0,1786050958878,STALE
2026-07-18 20:15:00+00:00,161.22865,161.32065,161.21745,161.23545,0,1786050957978,STALE
2026-07-18 20:30:00+00:00,161.23525,161.38945,161.19785,161.36045,0,1786050957078,STALE
2026-07-18 20:45:00+00:00,161.36095,161.48115,161.35095,161.46195,0,1786050956178,STALE
2026-07-18 21:00:00+00:00,161.45875,161.51605,161.37875,161.38075,0,1786050955278,STALE
2026-07-18 21:15:00+00:00,161.38115,161.41575,161.21835,161.28865,0,1786050954378,STALE
2026-07-18 21:30:00+00:00,161.29015,161.35665,161.22865,161.25175,0,1786050953478,STALE
2026-07-18 21:45:00+00:00,161.25225,161.40965,161.23285,161.40965,0,1786050952578,STALE
2026-07-18 22:00:00+00:00,161.40915,161.55695,161.40655,161.54505,0,1786050951678,STALE
2026-07-18 22:15:00+00:00,161.54535,161.59365,161.47565,161.57585,0,1786050950778,STALE
2026-07-18 22:30:00+00:00,161.57635,161.65345,161.55465,161.65305,0,1786050949878,STALE
2026-07-18 22:45:00+00:00,161.65295,161.76245,161.61165,161.75805,0,1786050948978,STALE
2026-07-18 23:00:00+00:00,161.75915,161.76785,161.65455,161.68595,0,1786050948078,STALE
2026-07-18 23:15:00+00:00,161.68585,161.72515,161.60605,161.60765,0,1786050947178,STALE
2026-07-18 23:30:00+00:00,161.60825,161.68045,161.59445,161.62755,0,1786050946278,STALE
2026-07-18 23:45:00+00:00,161.62825,161.78305,161.58745,161.73545,0,1786050945378,STALE
2026-07-19 00:00:00+00:00,161.73505,161.76325,161.70545,161.73155,0,1786050944478,STALE
2026-07-19 00:15:00+00:00,161.73115,161.86325,161.72295,161.82875,0,1786050943578,STALE
2026-07-19 00:30:00+00:00,161.82735,161.95545,161.82155,161.92845,0,1786050942678,STALE
2026-07-19 00:45:00+00:00,161.92875,161.95295,161.86555,161.89765,0,1786050941778,STALE
2026-07-19 01:00:00+00:00,161.89725,161.96145,161.87535,161.94215,0,1786050940878,STALE
2026-07-19 01:15:00+00:00,161.94185,161.95895,161.85225,161.86915,0,1786050939978,STALE
2026-07-19 01:30:00+00:00,161.86875,161.89965,161.82765,161.88655,0,1786050939078,STALE
2026-07-19 01:45:00+00:00,161.88705,161.96315,161.87115,161.94885,0,1786050938178,STALE
2026-07-19 02:00:00+00:00,161.94975,162.00645,161.92585,161.99005,0,1786050937278,STALE
2026-07-19 02:15:00+00:00,161.99295,162.04105,161.96455,162.00105,0,1786050936378,STALE
2026-07-19 02:30:00+00:00,162.00095,162.05085,161.89765,161.90075,0,1786050935478,STALE
2026-07-19 02:45:00+00:00,161.90205,161.92285,161.79475,161.81625,0,1786050934578,STALE
2026-07-19 03:00:00+00:00,161.81635,161.84345,161.77845,161.82435,0,1786050933678,STALE
2026-07-19 03:15:00+00:00,161.82205,161.92735,161.79675,161.91845,0,1786050932778,STALE
2026-07-19 03:30:00+00:00,161.91905,161.96055,161.83985,161.89065,0,1786050931878,STALE
2026-07-19 03:45:00+00:00,161.89115,161.94335,161.83655,161.85885,0,1786050930978,STALE
2026-07-19 04:00:00+00:00,161.85835,161.95315,161.85725,161.92155,0,1786050930078,STALE
2026-07-19 04:15:00+00:00,161.92145,161.94265,161.82345,161.87635,0,1786050929178,STALE
2026-07-19 04:30:00+00:00,161.87615,161.99175,161.86055,161.95685,0,1786050928278,STALE
2026-07-19 04:45:00+00:00,161.95695,162.00685,161.92295,161.94405,0,1786050927378,STALE
2026-07-19 05:00:00+00:00,161.94365,162.04095,161.92775,162.03615,0,1786050926478,STALE
2026-07-19 05:15:00+00:00,162.03565,162.11685,162.00965,162.09215,0,1786050925578,STALE
2026-07-19 05:30:00+00:00,162.09175,162.11705,161.94095,161.95565,0,1786050924678,STALE
2026-07-19 05:45:00+00:00,161.95615,161.99395,161.89965,161.93915,0,1786050923778,STALE
2026-07-19 06:00:00+00:00,161.93975,162.05365,161.89275,162.05315,0,1786050922878,STALE
2026-07-19 06:15:00+00:00,162.05355,162.15445,162.04765,162.11645,0,1786050921978,STALE
2026-07-19 06:30:00+00:00,162.11725,162.15015,162.08165,162.11795,0,1786050921078,STALE
2026-07-19 06:45:00+00:00,162.11785,162.16235,162.08405,162.11455,0,1786050920178,STALE
2026-07-19 07:00:00+00:00,162.11485,162.21645,162.09055,162.09975,0,1786050919278,STALE
2026-07-19 07:15:00+00:00,162.09575,162.23985,162.07655,162.22725,0,1786050918378,STALE
2026-07-19 07:30:00+00:00,162.22715,162.27275,162.15855,162.25885,0,1786050917478,STALE
2026-07-19 07:45:00+00:00,162.25905,162.28555,162.21765,162.27375,0,1786050916578,STALE
2026-07-19 08:00:00+00:00,162.27335,162.33465,162.25735,162.30425,0,1786050915678,STALE
2026-07-19 08:15:00+00:00,162.30485,162.48555,162.28195,162.45885,0,1786050914778,STALE
2026-07-19 08:30:00+00:00,162.45855,162.48565,162.41285,162.43755,0,1786050913878,STALE
2026-07-19 08:45:00+00:00,162.43805,162.44885,162.34175,162.35165,0,1786050912978,STALE
2026-07-19 09:00:00+00:00,162.35325,162.42405,162.30035,162.33915,0,1786050912078,STALE
2026-07-19 09:15:00+00:00,162.34005,162.37915,162.29745,162.31865,0,1786050911178,STALE
2026-07-19 09:30:00+00:00,162.31875,162.36915,162.28105,162.28115,0,1786050910278,STALE
2026-07-19 09:45:00+00:00,162.28235,162.30765,162.24745,162.27455,0,1786050909378,STALE
2026-07-19 10:00:00+00:00,162.27475,162.27665,162.11575,162.16215,0,1786050908478,STALE
2026-07-19 10:15:00+00:00,162.16085,162.29935,162.13925,162.29395,0,1786050907578,STALE
2026-07-19 10:30:00+00:00,162.29515,162.38065,162.29415,162.35625,0,1786050906678,STALE
2026-07-19 10:45:00+00:00,162.35855,162.37415,162.22875,162.23835,0,1786050905778,STALE
2026-07-19 11:00:00+00:00,162.23845,162.40385,162.21145,162.39125,0,1786050904878,STALE
2026-07-19 11:15:00+00:00,162.39355,162.42975,162.34055,162.39685,0,1786050903978,STALE
2026-07-19 11:30:00+00:00,162.39655,162.45205,162.37975,162.43155,0,1786050903078,STALE
2026-07-19 11:45:00+00:00,162.43065,162.47425,162.39905,162.47205,0,1786050902178,STALE
2026-07-19 12:00:00+00:00,162.47125,162.51965,162.43885,162.48285,0,1786050901278,STALE
2026-07-19 12:15:00+00:00,162.48355,162.49245,162.28755,162.31535,0,1786050900378,STALE
2026-07-19 12:30:00+00:00,162.31575,162.34545,162.28285,162.28435,0,1786050899478,STALE
2026-07-19 12:45:00+00:00,162.28475,162.43455,162.27465,162.40265,0,1786050898578,STALE
2026-07-19 13:00:00+00:00,162.40345,162.41115,162.29105,162.31545,0,1786050897678,STALE
2026-07-19 13:15:00+00:00,162.31615,162.32215,162.16915,162.23405,0,1786050896778,STALE
2026-07-19 13:30:00+00:00,162.24155,162.30885,162.21695,162.27175,0,1786050895878,STALE
2026-07-19 13:45:00+00:00,162.27185,162.34185,162.22575,162.34115,0,1786050894978,STALE
2026-07-19 14:00:00+00:00,162.34045,162.47105,162.32415,162.42425,0,1786050894078,STALE
2026-07-19 14:15:00+00:00,162.42415,162.47185,162.37545,162.46725,0,1786050893178,STALE
2026-07-19 14:30:00+00:00,162.46715,162.54185,162.42655,162.51005,0,1786050892278,STALE
2026-07-19 14:45:00+00:00,162.50975,162.56285,162.49175,162.51245,0,1786050891378,STALE
2026-07-19 15:00:00+00:00,162.51145,162.54125,162.41255,162.48115,0,1786050890478,STALE
2026-07-19 15:15:00+00:00,162.48295,162.50445,162.42585,162.47435,0,1786050889578,STALE
2026-07-19 15:30:00+00:00,162.47475,162.50475,162.41805,162.46045,0,1786050888678,STALE
2026-07-19 15:45:00+00:00,162.46105,162.51165,162.41655,162.47655,0,1786050887778,STALE
2026-07-19 16:00:00+00:00,162.47705,162.51455,162.40565,162.42635,0,1786050886878,STALE
2026-07-19 16:15:00+00:00,162.42615,162.55295,162.42265,162.53455,0,1786050885978,STALE
2026-07-19 16:30:00+00:00,162.53305,162.58165,162.46485,162.46485,0,1786050885078,STALE
2026-07-19 16:45:00+00:00,162.46435,162.53545,162.42565,162.49575,0,1786050884178,STALE
2026-07-19 17:00:00+00:00,162.49555,162.63715,162.46295,162.62185,0,1786050883278,STALE
2026-07-19 17:15:00+00:00,162.62205,162.64195,162.53215,162.61695,0,1786050882378,STALE
2026-07-19 17:30:00+00:00,162.61615,162.76245,162.58275,162.76245,0,1786050881478,STALE
2026-07-19 17:45:00+00:00,162.76225,162.92165,162.76225,162.91835,0,1786050880578,STALE
2026-07-19 18:00:00+00:00,162.91805,162.93765,162.83505,162.86365,0,1786050879678,STALE
2026-07-19 18:15:00+00:00,162.86265,162.94265,162.81115,162.84845,0,1786050878778,STALE
2026-07-19 18:30:00+00:00,162.84795,162.92245,162.84385,162.89115,0,1786050877878,STALE
2026-07-19 18:45:00+00:00,162.89125,162.92205,162.83375,162.92055,0,1786050876978,STALE
2026-07-19 19:00:00+00:00,162.92015,162.94075,162.81565,162.81585,0,1786050876078,STALE
2026-07-19 19:15:00+00:00,162.81565,162.95915,162.79075,162.95195,0,1786050875178,STALE
2026-07-19 19:30:00+00:00,162.95225,162.98615,162.88605,162.98145,0,1786050874278,STALE
2026-07-19 19:45:00+00:00,162.98025,163.05205,162.94625,163.04405,0,1786050873378,STALE
2026-07-19 20:00:00+00:00,163.04445,163.07275,162.99525,163.04215,0,1786050872478,STALE
2026-07-19 20:15:00+00:00,163.04145,163.24605,163.02585,163.21275,0,1786050871578,STALE
2026-07-19 20:30:00+00:00,163.21205,163.35975,163.19135,163.31255,0,1786050870678,STALE
2026-07-19 20:45:00+00:00,163.31135,163.42365,163.30845,163.39815,0,1786050869778,STALE
2026-07-19 21:00:00+00:00,163.39775,163.41945,163.31925,163.40215,0,1786050868878,STALE
2026-07-19 21:15:00+00:00,163.40245,163.47715,163.38025,163.40995,0,1786050867978,STALE
2026-07-19 21:30:00+00:00,163.41045,163.43065,163.27725,163.34475,0,1786050867078,STALE
2026-07-19 21:45:00+00:00,163.34455,163.34675,163.13925,163.17795,0,1786050866178,STALE
2026-07-19 22:00:00+00:00,163.17815,163.22565,163.13565,163.18485,0,1786050865278,STALE
2026-07-19 22:15:00+00:00,163.18425,163.25545,163.16435,163.22745,0,1786050864378,STALE
2026-07-19 22:30:00+00:00,163.22755,163.30345,163.19205,163.28035,0,1786050863478,STALE
2026-07-19 22:45:00+00:00,163.28125,163.31615,163.24135,163.26865,0,1786050862578,STALE
2026-07-19 23:00:00+00:00,163.27025,163.36535,163.23045,163.29495,0,1786050861678,STALE
2026-07-19 23:15:00+00:00,163.29505,163.30305,163.17795,163.19405,0,1786050860778,STALE
2026-07-19 23:30:00+00:00,163.19485,163.25165,163.18105,163.19485,0,1786050859878,STALE
2026-07-19 23:45:00+00:00,163.19855,163.24295,163.15265,163.17005,0,1786050858978,STALE
2026-07-20 00:00:00+00:00,163.17045,163.23465,163.10795,163.14305,0,1786050858078,STALE
2026-07-20 00:15:00+00:00,163.14075,163.16285,163.06985,163.10725,0,1786050857178,STALE
2026-07-20 00:30:00+00:00,163.10745,163.23895,163.08565,163.23415,0,1786050856278,STALE
2026-07-20 00:45:00+00:00,163.23915,163.39265,163.20755,163.32505,0,1786050855378,STALE
2026-07-20 01:00:00+00:00,163.32415,163.41175,163.32415,163.38305,0,1786050854478,STALE
2026-07-20 01:15:00+00:00,163.38345,163.45515,163.35205,163.39335,0,1786050853578,STALE
2026-07-20 01:30:00+00:00,163.39315,163.45865,163.36585,163.45235,0,1786050852678,STALE
2026-07-20 01:45:00+00:00,163.45245,163.64495,163.41485,163.63845,0,1786050851778,STALE
2026-07-20 02:00:00+00:00,163.63645,163.69015,163.62005,163.67905,0,1786050850878,STALE
2026-07-20 02:15:00+00:00,163.67925,163.71635,163.61955,163.64145,0,1786050849978,STALE
2026-07-20 02:30:00+00:00,163.64135,163.72965,163.61575,163.64045,0,1786050849078,STALE
2026-07-20 02:45:00+00:00,163.63995,163.68765,163.60715,163.61965,0,1786050848178,STALE
2026-07-20 03:00:00+00:00,163.61945,163.65745,163.57775,163.60795,0,1786050847278,STALE
2026-07-20 03:15:00+00:00,163.60715,163.73535,163.60345,163.71045,0,1786050846378,STALE
2026-07-20 03:30:00+00:00,163.70845,163.84195,163.70345,163.83385,0,1786050845478,STALE
2026-07-20 03:45:00+00:00,163.83405,163.84495,163.73965,163.78875,0,1786050844578,STALE
2026-07-20 04:00:00+00:00,163.78925,163.86805,163.78625,163.85325,0,1786050843678,STALE
2026-07-20 04:15:00+00:00,163.85435,163.98655,163.85015,163.95665,0,1786050842778,STALE
2026-07-20 04:30:00+00:00,163.95855,163.99745,163.91795,163.98925,0,1786050841878,STALE
2026-07-20 04:45:00+00:00,163.98965,164.02155,163.90415,163.95885,0,1786050840978,STALE
2026-07-20 05:00:00+00:00,163.95845,163.98695,163.87275,163.96275,0,1786050840078,STALE
2026-07-20 05:15:00+00:00,163.96135,163.99955,163.88145,163.91285,0,1786050839178,STALE
2026-07-20 05:30:00+00:00,163.91275,163.95335,163.79015,163.81475,0,1786050838278,STALE
2026-07-20 05:45:00+00:00,163.81485,163.85235,163.77705,163.79685,0,1786050837378,STALE
2026-07-20 06:00:00+00:00,163.79715,163.84075,163.76105,163.83875,0,1786050836478,STALE
2026-07-20 06:15:00+00:00,163.83985,163.83985,163.67425,163.68435,0,1786050835578,STALE
2026-07-20 06:30:00+00:00,163.68445,163.76955,163.64955,163.75695,0,1786050834678,STALE
2026-07-20 06:45:00+00:00,163.75745,163.80885,163.70815,163.74785,0,1786050833778,STALE
2026-07-20 07:00:00+00:00,163.74635,163.76135,163.69845,163.70925,0,1786050832878,STALE
2026-07-20 07:15:00+00:00,163.70915,163.73275,163.54945,163.56645,0,1786050831978,STALE
2026-07-20 07:30:00+00:00,163.56655,163.73805,163.54775,163.67285,0,1786050831078,STALE
2026-07-20 07:45:00+00:00,163.67255,163.84095,163.64725,163.82555,0,1786050830178,STALE
2026-07-20 08:00:00+00:00,163.82575,163.84695,163.77095,163.80665,0,1786050829278,STALE
2026-07-20 08:15:00+00:00,163.80625,164.00065,163.79325,163.98765,0,1786050828378,STALE
2026-07-20 08:30:00+00:00,163.98755,164.09615,163.96745,164.07115,0,1786050827478,STALE
2026-07-20 08:45:00+00:00,164.07085,164.20535,164.04425,164.04705,0,1786050826578,STALE
2026-07-20 09:00:00+00:00,164.04215,164.14215,164.01445,164.12445,0,1786050825678,STALE
2026-07-20 09:15:00+00:00,164.12425,164.13965,163.95535,163.96935,0,1786050824778,STALE
2026-07-20 09:30:00+00:00,163.96955,164.04685,163.90325,164.02685,0,1786050823878,STALE
2026-07-20 09:45:00+00:00,164.02645,164.06805,163.98365,164.01395,0,1786050822978,STALE
2026-07-20 10:00:00+00:00,164.01375,164.09955,163.99925,164.05685,0,1786050822078,STALE
2026-07-20 10:15:00+00:00,164.05725,164.07085,163.94305,164.00465,0,1786050821178,STALE
2026-07-20 10:30:00+00:00,164.00415,164.10165,163.99995,164.08985,0,1786050820278,STALE
2026-07-20 10:45:00+00:00,164.09175,164.12245,164.02595,164.03405,0,1786050819378,STALE
2026-07-20 11:00:00+00:00,164.03425,164.14015,164.01765,164.11325,0,1786050818478,STALE
2026-07-20 11:15:00+00:00,164.11135,164.12175,163.91255,163.98155,0,1786050817578,STALE
2026-07-20 11:30:00+00:00,163.98045,164.16565,163.96925,164.14295,0,1786050816678,STALE
2026-07-20 11:45:00+00:00,164.14155,164.17695,164.07725,164.11275,0,1786050815778,STALE
2026-07-20 12:00:00+00:00,164.11235,164.21735,164.10035,164.17765,0,1786050814878,STALE
2026-07-20 12:15:00+00:00,164.17795,164.23635,164.14895,164.17445,0,1786050813978,STALE
2026-07-20 12:30:00+00:00,164.17555,164.25565,164.13385,164.22095,0,1786050813078,STALE
2026-07-20 12:45:00+00:00,164.22215,164.28395,164.16135,164.24505,0,1786050812178,STALE
2026-07-20 13:00:00+00:00,164.24435,164.29555,164.20795,164.23365,0,1786050811278,STALE
2026-07-20 13:15:00+00:00,164.23375,164.31565,164.23015,164.29465,0,1786050810378,STALE
2026-07-20 13:30:00+00:00,164.29415,164.36115,164.22495,164.35545,0,1786050809478,STALE
2026-07-20 13:45:00+00:00,164.35405,164.41645,164.32745,164.38705,0,1786050808578,STALE
2026-07-20 14:00:00+00:00,164.38735,164.44585,164.33815,164.38305,0,1786050807678,STALE
2026-07-20 14:15:00+00:00,164.38265,164.49455,164.38245,164.42205,0,1786050806778,STALE
2026-07-20 14:30:00+00:00,164.42225,164.52105,164.39795,164.50795,0,1786050805878,STALE
2026-07-20 14:45:00+00:00,164.50825,164.57375,164.45495,164.51625,0,1786050804978,STALE
2026-07-20 15:00:00+00:00,164.51495,164.64725,164.47125,164.64725,0,1786050804078,STALE
2026-07-20 15:15:00+00:00,164.64765,164.64845,164.53105,164.55465,0,1786050803178,STALE
2026-07-20 15:30:00+00:00,164.55485,164.69515,164.52725,164.67275,0,1786050802278,STALE
2026-07-20 15:45:00+00:00,164.67235,164.80525,164.66615,164.78775,0,1786050801378,STALE
2026-07-20 16:00:00+00:00,164.78735,164.92055,164.76025,164.87005,0,1786050800478,STALE
2026-07-20 16:15:00+00:00,164.87035,164.90425,164.81015,164.83005,0,1786050799578,STALE
2026-07-20 16:30:00+00:00,164.83045,164.88315,164.76625,164.79065,0,1786050798678,STALE
2026-07-20 16:45:00+00:00,164.79055,164.80155,164.71055,164.77625,0,1786050797778,STALE
2026-07-20 17:00:00+00:00,164.77785,164.79385,164.66795,164.67025,0,1786050796878,STALE
2026-07-20 17:15:00+00:00,164.67045,164.69675,164.55205,164.59235,0,1786050795978,STALE
2026-07-20 17:30:00+00:00,164.59285,164.63695,164.56545,164.61695,0,1786050795078,STALE
2026-07-20 17:45:00+00:00,164.61675,164.64515,164.56705,164.62225,0,1786050794178,STALE
2026-07-20 18:00:00+00:00,164.62145,164.65835,164.57555,164.59985,0,1786050793278,STALE
2026-07-20 18:15:00+00:00,164.59945,164.76315,164.59025,164.75125,0,1786050792378,STALE
2026-07-20 18:30:00+00:00,164.75115,164.86615,164.70165,164.84335,0,1786050791478,STALE
2026-07-20 18:45:00+00:00,164.84255,164.84255,164.74575,164.81015,0,1786050790578,STALE
2026-07-20 19:00:00+00:00,164.81055,164.91835,164.77105,164.90885,0,1786050789678,STALE
2026-07-20 19:15:00+00:00,164.91065,164.92025,164.79445,164.81155,0,1786050788778,STALE
2026-07-20 19:30:00+00:00,164.81125,164.90935,164.79085,164.90595,0,1786050787878,STALE
2026-07-20 19:45:00+00:00,164.90625,164.93695,164.85085,164.93595,0,1786050786978,STALE
2026-07-20 20:00:00+00:00,164.93315,164.94655,164.82235,164.89395,0,1786050786078,STALE
2026-07-20 20:15:00+00:00,164.89425,164.90655,164.78495,164.80165,0,1786050785178,STALE
2026-07-20 20:30:00+00:00,164.80175,164.84995,164.76605,164.83005,0,1786050784278,STALE
2026-07-20 20:45:00+00:00,164.83055,164.84465,164.73235,164.74285,0,1786050783378,STALE
2026-07-20 21:00:00+00:00,164.74445,164.74465,164.59685,164.59705,0,1786050782478,STALE
2026-07-20 21:15:00+00:00,164.59675,164.65445,164.56285,164.62885,0,1786050781578,STALE
2026-07-20 21:30:00+00:00,164.62895,164.71605,164.61235,164.71055,0,1786050780678,STALE
2026-07-20 21:45:00+00:00,164.71395,164.79505,164.68505,164.73375,0,1786050779778,STALE
2026-07-20 22:00:00+00:00,164.73285,164.74495,164.62005,164.62925,0,1786050778878,STALE
2026-07-20 22:15:00+00:00,164.62875,164.65295,164.58815,164.62195,0,1786050777978,STALE
2026-07-20 22:30:00+00:00,164.62275,164.69405,164.61175,164.63815,0,1786050777078,STALE
2026-07-20 22:45:00+00:00,164.63785,164.67025,164.56595,164.56595,0,1786050776178,STALE
2026-07-20 23:00:00+00:00,164.56565,164.67115,164.56485,164.59405,0,1786050775278,STALE
2026-07-20 23:15:00+00:00,164.59455,164.63755,164.52395,164.62775,0,1786050774378,STALE
2026-07-20 23:30:00+00:00,164.62755,164.76895,164.61395,164.71295,0,1786050773478,STALE
2026-07-20 23:45:00+00:00,164.71265,164.73305,164.54565,164.56005,0,1786050772578,STALE
2026-07-21 00:00:00+00:00,164.56445,164.59545,164.49205,164.56785,0,1786050771678,STALE
2026-07-21 00:15:00+00:00,164.56735,164.67775,164.56365,164.61815,0,1786050770778,STALE
2026-07-21 00:30:00+00:00,164.61715,164.63925,164.56925,164.62225,0,1786050769878,STALE
2026-07-21 00:45:00+00:00,164.62265,164.65075,164.56725,164.61755,0,1786050768978,STALE
2026-07-21 01:00:00+00:00,164.61875,164.61965,164.47725,164.50435,0,1786050768078,STALE
2026-07-21 01:15:00+00:00,164.50505,164.66125,164.50505,164.58765,0,1786050767178,STALE
2026-07-21 01:30:00+00:00,164.58815,164.65175,164.55465,164.60035,0,1786050766278,STALE
2026-07-21 01:45:00+00:00,164.59935,164.69345,164.56995,164.65055,0,1786050765378,STALE
2026-07-21 02:00:00+00:00,164.65105,164.71025,164.64085,164.68025,0,1786050764478,STALE
2026-07-21 02:15:00+00:00,164.68105,164.77065,164.67935,164.75985,0,1786050763578,STALE
2026-07-21 02:30:00+00:00,164.76165,164.91845,164.75595,164.84365,0,1786050762678,STALE
2026-07-21 02:45:00+00:00,164.84405,164.85305,164.74455,164.76165,0,1786050761778,STALE
2026-07-21 03:00:00+00:00,164.76095,164.79935,164.70825,164.75575,0,1786050760878,STALE
2026-07-21 03:15:00+00:00,164.75625,164.82955,164.69205,164.79265,0,1786050759978,STALE
2026-07-21 03:30:00+00:00,164.79455,164.87505,164.77185,164.86335,0,1786050759078,STALE
2026-07-21 03:45:00+00:00,164.86275,164.87115,164.76875,164.80395,0,1786050758178,STALE
2026-07-21 04:00:00+00:00,164.80395,164.80395,162.48625,162.54525,0,1786050757278,STALE
2026-07-21 04:15:00+00:00,162.54535,162.58995,162.45915,162.58575,0,1786050756378,STALE
2026-07-21 04:30:00+00:00,162.58645,162.72295,162.56495,162.57015,0,1786050755478,STALE
2026-07-21 04:45:00+00:00,162.57005,162.58605,162.49455,162.50865,0,1786050754578,STALE
2026-07-21 05:00:00+00:00,162.50875,162.57545,162.49135,162.56685,0,1786050753678,STALE
2026-07-21 05:15:00+00:00,162.56635,162.63495,162.56055,162.58625,0,1786050752778,STALE
2026-07-21 05:30:00+00:00,162.58595,162.58945,162.47475,162.50815,0,1786050751878,STALE
2026-07-21 05:45:00+00:00,162.50825,162.57575,162.50055,162.53425,0,1786050750978,STALE
2026-07-21 06:00:00+00:00,162.53455,162.60695,162.51355,162.52965,0,1786050750078,STALE
2026-07-21 06:15:00+00:00,162.53075,162.53475,162.38335,162.38465,0,1786050749178,STALE
2026-07-21 06:30:00+00:00,162.38535,162.45315,162.37655,162.44705,0,1786050748278,STALE
2026-07-21 06:45:00+00:00,162.44765,162.48405,162.31035,162.31165,0,1786050747378,STALE
2026-07-21 07:00:00+00:00,162.31025,162.36915,162.29905,162.36405,0,1786050746478,STALE
2026-07-21 07:15:00+00:00,162.36385,162.44925,162.35535,162.43005,0,1786050745578,STALE
2026-07-21 07:30:00+00:00,162.42995,162.43135,162.20925,162.27195,0,1786050744678,STALE
2026-07-21 07:45:00+00:00,162.27095,162.29565,162.22205,162.29325,0,1786050743778,STALE
2026-07-21 08:00:00+00:00,162.29255,162.34945,162.28115,162.33925,0,1786050742878,STALE
2026-07-21 08:15:00+00:00,162.33875,162.37735,162.29725,162.33545,0,1786050741978,STALE
2026-07-21 08:30:00+00:00,162.33505,162.41725,162.32205,162.40305,0,1786050741078,STALE
2026-07-21 08:45:00+00:00,162.40235,162.40355,162.31115,162.33525,0,1786050740178,STALE
2026-07-21 09:00:00+00:00,162.33515,162.33545,162.20835,162.29505,0,1786050739278,STALE
2026-07-21 09:15:00+00:00,162.29455,162.32505,162.27065,162.32325,0,1786050738378,STALE
2026-07-21 09:30:00+00:00,162.32305,162.37735,162.29145,162.37735,0,1786050737478,STALE
2026-07-21 09:45:00+00:00,162.37775,162.42365,162.28085,162.28805,0,1786050736578,STALE
2026-07-21 10:00:00+00:00,162.28775,162.40955,162.28175,162.34055,0,1786050735678,STALE
2026-07-21 10:15:00+00:00,162.34065,162.42095,162.32085,162.39685,0,1786050734778,STALE
2026-07-21 10:30:00+00:00,162.39595,162.40735,162.28105,162.39955,0,1786050733878,STALE
2026-07-21 10:45:00+00:00,162.40025,162.47675,162.35055,162.45295,0,1786050732978,STALE
2026-07-21 11:00:00+00:00,162.45345,162.48235,162.35105,162.41605,0,1786050732078,STALE
2026-07-21 11:15:00+00:00,162.41655,162.56915,162.40785,162.50625,0,1786050731178,STALE
2026-07-21 11:30:00+00:00,162.50605,162.51855,162.43305,162.46545,0,1786050730278,STALE
2026-07-21 11:45:00+00:00,162.46555,162.65265,162.46175,162.59795,0,1786050729378,STALE
2026-07-21 12:00:00+00:00,162.59705,162.62565,162.56745,162.60695,0,1786050728478,STALE
2026-07-21 12:15:00+00:00,162.60715,162.70225,162.57625,162.66815,0,1786050727578,STALE
2026-07-21 12:30:00+00:00,162.66765,162.72515,162.60225,162.67265,0,1786050726678,STALE
2026-07-21 12:45:00+00:00,162.66915,162.78895,162.65865,162.76625,0,1786050725778,STALE
2026-07-21 13:00:00+00:00,162.76525,162.77565,162.68435,162.72245,0,1786050724878,STALE
2026-07-21 13:15:00+00:00,162.72295,162.74785,162.60865,162.64535,0,1786050723978,STALE
2026-07-21 13:30:00+00:00,162.64495,162.69425,162.63155,162.63735,0,1786050723078,STALE
2026-07-21 13:45:00+00:00,162.63845,162.63925,162.52885,162.53985,0,1786050722178,STALE
2026-07-21 14:00:00+00:00,162.53945,162.55095,162.45525,162.48215,0,1786050721278,STALE
2026-07-21 14:15:00+00:00,162.48195,162.52855,162.46535,162.50855,0,1786050720378,STALE
2026-07-21 14:30:00+00:00,162.50705,162.59895,162.49115,162.54635,0,1786050719478,STALE
2026-07-21 14:45:00+00:00,162.54665,162.61655,162.48935,162.58405,0,1786050718578,STALE
2026-07-21 15:00:00+00:00,162.58265,162.59795,162.45705,162.46585,0,1786050717678,STALE
2026-07-21 15:15:00+00:00,162.46685,162.56915,162.46215,162.54145,0,1786050716778,STALE
2026-07-21 15:30:00+00:00,162.54135,162.59655,162.50885,162.52775,0,1786050715878,STALE
2026-07-21 15:45:00+00:00,162.52795,162.53655,162.38135,162.43215,0,1786050714978,STALE
2026-07-21 16:00:00+00:00,162.43175,162.48105,162.37655,162.38725,0,1786050714078,STALE
2026-07-21 16:15:00+00:00,162.38685,162.39645,162.25965,162.35705,0,1786050713178,STALE
2026-07-21 16:30:00+00:00,162.35735,162.47555,162.34905,162.42175,0,1786050712278,STALE
2026-07-21 16:45:00+00:00,162.42205,162.49275,162.39385,162.47545,0,1786050711378,STALE
2026-07-21 17:00:00+00:00,162.47555,162.47715,162.36755,162.37075,0,1786050710478,STALE
2026-07-21 17:15:00+00:00,162.37225,162.45915,162.33885,162.41505,0,1786050709578,STALE
2026-07-21 17:30:00+00:00,162.41475,162.46615,162.39785,162.44925,0,1786050708678,STALE
2026-07-21 17:45:00+00:00,162.44885,162.53985,162.43355,162.46465,0,1786050707778,STALE
2026-07-21 18:00:00+00:00,162.46495,162.57545,162.44975,162.54945,0,1786050706878,STALE
2026-07-21 18:15:00+00:00,162.54905,162.59545,162.51165,162.59065,0,1786050705978,STALE
2026-07-21 18:30:00+00:00,162.59035,162.60295,162.46165,162.46345,0,1786050705078,STALE
2026-07-21 18:45:00+00:00,162.46275,162.48245,162.39695,162.44975,0,1786050704178,STALE
2026-07-21 19:00:00+00:00,162.45155,162.65105,162.44755,162.65025,0,1786050703278,STALE
2026-07-21 19:15:00+00:00,162.65015,162.69755,162.61625,162.64325,0,1786050702378,STALE
2026-07-21 19:30:00+00:00,162.64215,162.65675,162.55815,162.62365,0,1786050701478,STALE
2026-07-21 19:45:00+00:00,162.62385,162.70095,162.60995,162.62565,0,1786050700578,STALE
2026-07-21 20:00:00+00:00,162.62525,162.65265,162.53595,162.57425,0,1786050699678,STALE
2026-07-21 20:15:00+00:00,162.57275,162.66195,162.52445,162.66195,0,1786050698778,STALE
2026-07-21 20:30:00+00:00,162.66325,162.69335,162.62345,162.68105,0,1786050697878,STALE
2026-07-21 20:45:00+00:00,162.68125,162.74235,162.65355,162.67495,0,1786050696978,STALE
2026-07-21 21:00:00+00:00,162.67435,162.72885,162.60905,162.67235,0,1786050696078,STALE
2026-07-21 21:15:00+00:00,162.67185,162.80735,162.65085,162.70435,0,1786050695178,STALE
2026-07-21 21:30:00+00:00,162.70605,162.73115,162.67465,162.68935,0,1786050694278,STALE
2026-07-21 21:45:00+00:00,162.68865,162.70325,162.51725,162.55215,0,1786050693378,STALE
2026-07-21 22:00:00+00:00,162.55165,162.66045,162.47555,162.65715,0,1786050692478,STALE
2026-07-21 22:15:00+00:00,162.65675,162.69585,162.57305,162.60285,0,1786050691578,STALE
2026-07-21 22:30:00+00:00,162.60215,162.62435,162.56725,162.57315,0,1786050690678,STALE
2026-07-21 22:45:00+00:00,162.57335,162.74005,162.56105,162.70015,0,1786050689778,STALE
2026-07-21 23:00:00+00:00,162.69955,162.73515,162.63365,162.66135,0,1786050688878,STALE
2026-07-21 23:15:00+00:00,162.66165,162.73435,162.64375,162.69695,0,1786050687978,STALE
2026-07-21 23:30:00+00:00,162.69705,162.69705,162.53595,162.55205,0,1786050687078,STALE
2026-07-21 23:45:00+00:00,162.55065,162.56325,162.51815,162.53495,0,1786050686178,STALE
2026-07-22 00:00:00+00:00,162.53455,162.56955,162.45025,162.56715,0,1786050685278,STALE
2026-07-22 00:15:00+00:00,162.56545,162.62305,162.52055,162.61515,0,1786050684378,STALE
2026-07-22 00:30:00+00:00,162.61175,162.69735,162.60865,162.69645,0,1786050683478,STALE
2026-07-22 00:45:00+00:00,162.69685,162.76975,162.69265,162.74835,0,1786050682578,STALE
2026-07-22 01:00:00+00:00,162.74845,162.79005,162.61845,162.62795,0,1786050681678,STALE
2026-07-22 01:15:00+00:00,162.63045,162.70415,162.59305,162.67975,0,1786050680778,STALE
2026-07-22 01:30:00+00:00,162.67995,162.70145,162.63195,162.64605,0,1786050679878,STALE
2026-07-22 01:45:00+00:00,162.64635,162.66625,162.55245,162.56545,0,1786050678978,STALE
2026-07-22 02:00:00+00:00,162.55805,162.62155,162.47465,162.51235,0,1786050678078,STALE
2026-07-22 02:15:00+00:00,162.51215,162.54245,162.42285,162.50995,0,1786050677178,STALE
2026-07-22 02:30:00+00:00,162.50955,162.51555,162.41565,162.46455,0,1786050676278,STALE
2026-07-22 02:45:00+00:00,162.46385,162.54145,162.40665,162.43635,0,1786050675378,STALE
2026-07-22 03:00:00+00:00,162.43615,162.44555,162.32855,162.34875,0,1786050674478,STALE
2026-07-22 03:15:00+00:00,162.34855,162.37425,162.27485,162.33355,0,1786050673578,STALE
2026-07-22 03:30:00+00:00,162.33385,162.42435,162.30585,162.37045,0,1786050672678,STALE
2026-07-22 03:45:00+00:00,162.37055,162.40615,162.32775,162.32895,0,1786050671778,STALE
2026-07-22 04:00:00+00:00,162.32795,162.46805,162.31005,162.44065,0,1786050670878,STALE
2026-07-22 04:15:00+00:00,162.44255,162.52475,162.42705,162.46655,0,1786050669978,STALE
2026-07-22 04:30:00+00:00,162.46665,162.52355,162.43315,162.47115,0,1786050669078,STALE
2026-07-22 04:45:00+00:00,162.47015,162.49145,162.35765,162.41365,0,1786050668178,STALE
2026-07-22 05:00:00+00:00,162.41465,162.46335,162.25935,162.26715,0,1786050667278,STALE
2026-07-22 05:15:00+00:00,162.26675,162.26675,162.15645,162.16315,0,1786050666378,STALE
2026-07-22 05:30:00+00:00,162.16465,162.17855,162.08315,162.16105,0,1786050665478,STALE
2026-07-22 05:45:00+00:00,162.16145,162.18345,162.08545,162.14855,0,1786050664578,STALE
2026-07-22 06:00:00+00:00,162.14535,162.27005,162.14305,162.25235,0,1786050663678,STALE
2026-07-22 06:15:00+00:00,162.25275,162.28075,162.18925,162.22535,0,1786050662778,STALE
2026-07-22 06:30:00+00:00,162.22505,162.29695,162.18965,162.19635,0,1786050661878,STALE
2026-07-22 06:45:00+00:00,162.19615,162.38455,162.19615,162.35895,0,1786050660978,STALE
2026-07-22 07:00:00+00:00,162.35795,162.38765,162.28365,162.35675,0,1786050660078,STALE
2026-07-22 07:15:00+00:00,162.35655,162.44475,162.32075,162.44415,0,1786050659178,STALE
2026-07-22 07:30:00+00:00,162.44505,162.49035,162.37075,162.46395,0,1786050658278,STALE
2026-07-22 07:45:00+00:00,162.46205,162.56665,162.43405,162.56125,0,1786050657378,STALE
2026-07-22 08:00:00+00:00,162.56175,162.58405,162.47535,162.48265,0,1786050656478,STALE
2026-07-22 08:15:00+00:00,162.48215,162.51015,162.37385,162.40255,0,1786050655578,STALE
2026-07-22 08:30:00+00:00,162.40205,162.42755,162.35615,162.39355,0,1786050654678,STALE
2026-07-22 08:45:00+00:00,162.39395,162.40275,162.30585,162.31685,0,1786050653778,STALE
2026-07-22 09:00:00+00:00,162.31695,162.33295,162.23095,162.31355,0,1786050652878,STALE
2026-07-22 09:15:00+00:00,162.31335,162.32395,162.26675,162.26965,0,1786050651978,STALE
2026-07-22 09:30:00+00:00,162.26915,162.38665,162.25345,162.38145,0,1786050651078,STALE
2026-07-22 09:45:00+00:00,162.38125,162.43765,162.34935,162.42655,0,1786050650178,STALE
2026-07-22 10:00:00+00:00,162.42465,162.46055,162.34905,162.35035,0,1786050649278,STALE
2026-07-22 10:15:00+00:00,162.34985,162.39605,162.31245,162.33265,0,1786050648378,STALE
2026-07-22 10:30:00+00:00,162.32735,162.43805,162.29205,162.43765,0,1786050647478,STALE
2026-07-22 10:45:00+00:00,162.43795,162.45965,162.37745,162.39505,0,1786050646578,STALE
2026-07-22 11:00:00+00:00,162.39715,162.51155,162.38315,162.46985,0,1786050645678,STALE
2026-07-22 11:15:00+00:00,162.47035,162.56395,162.45475,162.55775,0,1786050644778,STALE
2026-07-22 11:30:00+00:00,162.55545,162.61065,162.50875,162.51455,0,1786050643878,STALE
2026-07-22 11:45:00+00:00,162.51415,162.53715,162.44085,162.46575,0,1786050642978,STALE
2026-07-22 12:00:00+00:00,162.46015,162.47305,162.38985,162.41225,0,1786050642078,STALE
2026-07-22 12:15:00+00:00,162.40985,162.48535,162.40195,162.48535,0,1786050641178,STALE
2026-07-22 12:30:00+00:00,162.48545,162.49795,162.41795,162.42455,0,1786050640278,STALE
2026-07-22 12:45:00+00:00,162.42445,162.43025,162.31965,162.35045,0,1786050639378,STALE
2026-07-22 13:00:00+00:00,162.34985,162.42535,162.30935,162.34615,0,1786050638478,STALE
2026-07-22 13:15:00+00:00,162.34595,162.42365,162.31595,162.35115,0,1786050637578,STALE
2026-07-22 13:30:00+00:00,162.34995,162.37805,162.28515,162.36865,0,1786050636678,STALE
2026-07-22 13:45:00+00:00,162.36895,162.39775,162.29125,162.36345,0,1786050635778,STALE
2026-07-22 14:00:00+00:00,162.36415,162.46795,162.35715,162.37165,0,1786050634878,STALE
2026-07-22 14:15:00+00:00,162.37125,162.37565,162.24955,162.25615,0,1786050633978,STALE
2026-07-22 14:30:00+00:00,162.25635,162.33845,162.24945,162.26425,0,1786050633078,STALE
2026-07-22 14:45:00+00:00,162.26475,162.31195,162.17215,162.17565,0,1786050632178,STALE
2026-07-22 15:00:00+00:00,162.17555,162.20775,162.13555,162.15515,0,1786050631278,STALE
2026-07-22 15:15:00+00:00,162.15545,162.16825,162.05605,162.05835,0,1786050630378,STALE
2026-07-22 15:30:00+00:00,162.05515,162.05775,161.92875,162.03545,0,1786050629478,STALE
2026-07-22 15:45:00+00:00,162.03525,162.07315,161.94375,161.96825,0,1786050628578,STALE
2026-07-22 16:00:00+00:00,161.97025,162.06995,161.96395,162.01065,0,1786050627678,STALE
2026-07-22 16:15:00+00:00,162.00905,162.08975,161.97465,161.98735,0,1786050626778,STALE
2026-07-22 16:30:00+00:00,161.98755,162.06555,161.98095,162.04545,0,1786050625878,STALE
2026-07-22 16:45:00+00:00,162.04535,162.08955,162.00755,162.02885,0,1786050624978,STALE
2026-07-22 17:00:00+00:00,162.02905,162.07525,161.98145,162.04485,0,1786050624078,STALE
2026-07-22 17:15:00+00:00,162.04515,162.06075,161.96955,162.00145,0,1786050623178,STALE
2026-07-22 17:30:00+00:00,161.99975,162.00495,161.85955,161.89565,0,1786050622278,STALE
2026-07-22 17:45:00+00:00,161.89445,161.94925,161.85185,161.90065,0,1786050621378,STALE
2026-07-22 18:00:00+00:00,161.90155,161.90515,161.77565,161.86975,0,1786050620478,STALE
2026-07-22 18:15:00+00:00,161.86905,161.88855,161.80445,161.83015,0,1786050619578,STALE
2026-07-22 18:30:00+00:00,161.83025,161.83945,161.73305,161.80385,0,1786050618678,STALE
2026-07-22 18:45:00+00:00,161.80345,161.84885,161.74075,161.75325,0,1786050617778,STALE
2026-07-22 19:00:00+00:00,161.75275,161.80835,161.73285,161.75265,0,1786050616878,STALE
2026-07-22 19:15:00+00:00,161.75255,161.79145,161.64595,161.67925,0,1786050615978,STALE
2026-07-22 19:30:00+00:00,161.67985,161.74225,161.59485,161.74175,0,1786050615078,STALE
2026-07-22 19:45:00+00:00,161.74395,161.97095,161.71395,161.96495,0,1786050614178,STALE
2026-07-22 20:00:00+00:00,161.96515,162.02425,161.94605,161.95005,0,1786050613278,STALE
2026-07-22 20:15:00+00:00,161.95055,162.11485,161.93865,162.06205,0,1786050612378,STALE
2026-07-22 20:30:00+00:00,162.06175,162.08745,161.93345,161.95385,0,1786050611478,STALE
2026-07-22 20:45:00+00:00,161.95345,161.99735,161.89585,161.90545,0,1786050610578,STALE
2026-07-22 21:00:00+00:00,161.90895,162.07505,161.87975,162.02195,0,1786050609678,STALE
2026-07-22 21:15:00+00:00,162.02155,162.03735,161.96005,161.99205,0,1786050608778,STALE
2026-07-22 21:30:00+00:00,161.99155,162.04015,161.91525,162.01295,0,1786050607878,STALE
2026-07-22 21:45:00+00:00,162.02225,162.14805,161.99685,162.14045,0,1786050606978,STALE
2026-07-22 22:00:00+00:00,162.14115,162.17385,162.05315,162.16745,0,1786050606078,STALE
2026-07-22 22:15:00+00:00,162.16625,162.20305,162.04895,162.09225,0,1786050605178,STALE
2026-07-22 22:30:00+00:00,162.09205,162.09205,161.99205,162.00995,0,1786050604278,STALE
2026-07-22 22:45:00+00:00,162.01305,162.03215,161.91095,161.96695,0,1786050603378,STALE
2026-07-22 23:00:00+00:00,161.96655,161.98375,161.88035,161.88645,0,1786050602478,STALE
2026-07-22 23:15:00+00:00,161.88605,161.94465,161.86135,161.87825,0,1786050601578,STALE
2026-07-22 23:30:00+00:00,161.87865,161.89885,161.80695,161.83375,0,1786050600678,STALE
2026-07-22 23:45:00+00:00,161.83105,161.86925,161.68305,161.71675,0,1786050599778,STALE
2026-07-23 00:00:00+00:00,161.71685,161.78475,161.68295,161.78195,0,1786050598878,STALE
2026-07-23 00:15:00+00:00,161.78225,161.85315,161.70045,161.77505,0,1786050597978,STALE
2026-07-23 00:30:00+00:00,161.77465,161.79335,161.64785,161.72715,0,1786050597078,STALE
2026-07-23 00:45:00+00:00,161.72675,161.74575,161.57905,161.61375,0,1786050596178,STALE
2026-07-23 01:00:00+00:00,161.61325,161.67765,161.56275,161.58205,0,1786050595278,STALE
2026-07-23 01:15:00+00:00,161.58175,161.58765,161.47875,161.52785,0,1786050594378,STALE
2026-07-23 01:30:00+00:00,161.52675,161.58245,161.50615,161.51405,0,1786050593478,STALE
2026-07-23 01:45:00+00:00,161.51245,161.60055,161.48695,161.58495,0,1786050592578,STALE
2026-07-23 02:00:00+00:00,161.58465,161.59485,161.53245,161.53705,0,1786050591678,STALE
2026-07-23 02:15:00+00:00,161.53635,161.61345,161.53065,161.60895,0,1786050590778,STALE
2026-07-23 02:30:00+00:00,161.60885,161.66565,161.52175,161.58225,0,1786050589878,STALE
2026-07-23 02:45:00+00:00,161.58395,161.71085,161.56235,161.70365,0,1786050588978,STALE
2026-07-23 03:00:00+00:00,161.70045,161.77265,161.64935,161.64965,0,1786050588078,STALE
2026-07-23 03:15:00+00:00,161.64775,161.68485,161.58535,161.61175,0,1786050587178,STALE
2026-07-23 03:30:00+00:00,161.60855,161.72265,161.59975,161.65695,0,1786050586278,STALE
2026-07-23 03:45:00+00:00,161.65755,161.77485,161.65135,161.74415,0,1786050585378,STALE
2026-07-23 04:00:00+00:00,161.74415,163.17025,161.74415,163.16955,0,1786050584478,STALE
2026-07-23 04:15:00+00:00,163.16325,163.20605,163.12765,163.20545,0,1786050583578,STALE
2026-07-23 04:30:00+00:00,163.20455,163.31245,163.12755,163.18515,0,1786050582678,STALE
2026-07-23 04:45:00+00:00,163.18565,163.27145,163.14145,163.14145,0,1786050581778,STALE
2026-07-23 05:00:00+00:00,163.14125,163.15665,163.08015,163.11475,0,1786050580878,STALE
2026-07-23 05:15:00+00:00,163.11445,163.15565,163.04825,163.05475,0,1786050579978,STALE
2026-07-23 05:30:00+00:00,163.05495,163.17555,163.01425,163.02365,0,1786050579078,STALE
2026-07-23 05:45:00+00:00,163.02375,163.09175,162.98235,163.06335,0,1786050578178,STALE
2026-07-23 06:00:00+00:00,163.06385,163.08205,162.90105,162.92425,0,1786050577278,STALE
2026-07-23 06:15:00+00:00,162.92395,162.98145,162.90445,162.92875,0,1786050576378,STALE
2026-07-23 06:30:00+00:00,162.92895,162.99985,162.90085,162.99275,0,1786050575478,STALE
2026-07-23 06:45:00+00:00,162.99295,162.99295,162.86485,162.89955,0,1786050574578,STALE
2026-07-23 07:00:00+00:00,162.89915,162.90665,162.77875,162.78445,0,1786050573678,STALE
2026-07-23 07:15:00+00:00,162.78425,162.82745,162.71415,162.76305,0,1786050572778,STALE
2026-07-23 07:30:00+00:00,162.76195,162.88465,162.73025,162.81125,0,1786050571878,STALE
2026-07-23 07:45:00+00:00,162.81085,162.87195,162.76015,162.83685,0,1786050570978,STALE
2026-07-23 08:00:00+00:00,162.83755,162.88475,162.80475,162.84385,0,1786050570078,STALE
2026-07-23 08:15:00+00:00,162.84635,162.86085,162.75525,162.77545,0,1786050569178,STALE
2026-07-23 08:30:00+00:00,162.78025,162.85335,162.74665,162.84605,0,1786050568278,STALE
2026-07-23 08:45:00+00:00,162.84705,162.88775,162.81115,162.88075,0,1786050567378,STALE
2026-07-23 09:00:00+00:00,162.87835,162.89205,162.79215,162.83245,0,1786050566478,STALE
2026-07-23 09:15:00+00:00,162.83195,162.97025,162.83195,162.95795,0,1786050565578,STALE
2026-07-23 09:30:00+00:00,162.95715,162.96765,162.84105,162.86885,0,1786050564678,STALE
2026-07-23 09:45:00+00:00,162.86815,162.93865,162.79555,162.80145,0,1786050563778,STALE
2026-07-23 10:00:00+00:00,162.80155,162.80465,162.69455,162.74275,0,1786050562878,STALE
2026-07-23 10:15:00+00:00,162.74365,162.79235,162.68565,162.73245,0,1786050561978,STALE
2026-07-23 10:30:00+00:00,162.73325,162.80125,162.71465,162.79755,0,1786050561078,STALE
2026-07-23 10:45:00+00:00,162.79815,162.91375,162.75045,162.86975,0,1786050560178,STALE
2026-07-23 11:00:00+00:00,162.87005,162.88435,162.76755,162.79055,0,1786050559278,STALE
2026-07-23 11:15:00+00:00,162.79125,162.97675,162.74655,162.92975,0,1786050558378,STALE
2026-07-23 11:30:00+00:00,162.92845,163.00785,162.85375,162.91425,0,1786050557478,STALE
2026-07-23 11:45:00+00:00,162.91445,163.03915,162.90355,162.95505,0,1786050556578,STALE
2026-07-23 12:00:00+00:00,162.95095,163.09305,162.92505,163.03285,0,1786050555678,STALE
2026-07-23 12:15:00+00:00,163.03045,163.14395,163.00185,163.13185,0,1786050554778,STALE
2026-07-23 12:30:00+00:00,163.13145,163.18475,163.03825,163.06005,0,1786050553878,STALE
2026-07-23 12:45:00+00:00,163.06165,163.24265,163.05425,163.23235,0,1786050552978,STALE
2026-07-23 13:00:00+00:00,163.23065,163.35165,163.22045,163.31545,0,1786050552078,STALE
2026-07-23 13:15:00+00:00,163.31585,163.33475,163.24035,163.27505,0,1786050551178,STALE
2026-07-23 13:30:00+00:00,163.27465,163.29915,163.17165,163.17585,0,1786050550278,STALE
2026-07-23 13:45:00+00:00,163.17195,163.19425,163.02445,163.06215,0,1786050549378,STALE
2026-07-23 14:00:00+00:00,163.06195,163.07485,162.95775,163.02235,0,1786050548478,STALE
2026-07-23 14:15:00+00:00,163.02365,163.02815,162.85335,162.86365,0,1786050547578,STALE
2026-07-23 14:30:00+00:00,162.86315,162.87415,162.69785,162.70305,0,1786050546678,STALE
2026-07-23 14:45:00+00:00,162.70315,162.83085,162.66645,162.80725,0,1786050545778,STALE
2026-07-23 15:00:00+00:00,162.80935,162.84515,162.68965,162.71055,0,1786050544878,STALE
2026-07-23 15:15:00+00:00,162.70945,162.81435,162.69235,162.80645,0,1786050543978,STALE
2026-07-23 15:30:00+00:00,162.80665,162.82795,162.70205,162.72015,0,1786050543078,STALE
2026-07-23 15:45:00+00:00,162.72115,162.76235,162.68065,162.70125,0,1786050542178,STALE
2026-07-23 16:00:00+00:00,162.69985,162.74325,162.63825,162.68375,0,1786050541278,STALE
2026-07-23 16:15:00+00:00,162.68345,162.75835,162.67595,162.75595,0,1786050540378,STALE
2026-07-23 16:30:00+00:00,162.75625,162.81685,162.71785,162.74115,0,1786050539478,STALE
2026-07-23 16:45:00+00:00,162.74185,162.79935,162.72075,162.75655,0,1786050538578,STALE
2026-07-23 17:00:00+00:00,162.75775,162.80735,162.70505,162.80305,0,1786050537678,STALE
2026-07-23 17:15:00+00:00,162.80265,162.89335,162.79365,162.89105,0,1786050536778,STALE
2026-07-23 17:30:00+00:00,162.88845,162.88985,162.79885,162.82065,0,1786050535878,STALE
2026-07-23 17:45:00+00:00,162.81955,162.84415,162.76385,162.77265,0,1786050534978,STALE
2026-07-23 18:00:00+00:00,162.77195,162.80185,162.70675,162.73065,0,1786050534078,STALE
2026-07-23 18:15:00+00:00,162.73095,162.83785,162.72595,162.79795,0,1786050533178,STALE
2026-07-23 18:30:00+00:00,162.80125,162.88245,162.78395,162.87345,0,1786050532278,STALE
2026-07-23 18:45:00+00:00,162.87365,162.87565,162.78555,162.86305,0,1786050531378,STALE
2026-07-23 19:00:00+00:00,162.86415,162.87285,162.73345,162.79305,0,1786050530478,STALE
2026-07-23 19:15:00+00:00,162.79275,162.80885,162.66105,162.69575,0,1786050529578,STALE
2026-07-23 19:30:00+00:00,162.69475,162.81125,162.69185,162.81125,0,1786050528678,STALE
2026-07-23 19:45:00+00:00,162.81215,162.95445,162.76405,162.94525,0,1786050527778,STALE
2026-07-23 20:00:00+00:00,162.94545,163.03775,162.92235,162.94445,0,1786050526878,STALE
2026-07-23 20:15:00+00:00,162.94215,162.99125,162.90945,162.98205,0,1786050525978,STALE
2026-07-23 20:30:00+00:00,162.98215,163.04535,162.93395,163.00375,0,1786050525078,STALE
2026-07-23 20:45:00+00:00,163.00345,163.19165,162.97125,163.16475,0,1786050524178,STALE
2026-07-23 21:00:00+00:00,163.16675,163.17285,163.06135,163.10255,0,1786050523278,STALE
2026-07-23 21:15:00+00:00,163.10205,163.22335,163.10125,163.18645,0,1786050522378,STALE
2026-07-23 21:30:00+00:00,163.18315,163.19975,163.13265,163.16855,0,1786050521478,STALE
2026-07-23 21:45:00+00:00,163.16815,163.17635,163.02055,163.05225,0,1786050520578,STALE
2026-07-23 22:00:00+00:00,163.05295,163.17115,163.04365,163.09625,0,1786050519678,STALE
2026-07-23 22:15:00+00:00,163.09645,163.17405,163.06685,163.14085,0,1786050518778,STALE
2026-07-23 22:30:00+00:00,163.14065,163.22935,163.12355,163.14845,0,1786050517878,STALE
2026-07-23 22:45:00+00:00,163.14785,163.16685,163.09805,163.11385,0,1786050516978,STALE
2026-07-23 23:00:00+00:00,163.11295,163.11865,163.06175,163.09285,0,1786050516078,STALE
2026-07-23 23:15:00+00:00,163.09175,163.13635,163.05065,163.11705,0,1786050515178,STALE
2026-07-23 23:30:00+00:00,163.11495,163.22625,163.10585,163.20425,0,1786050514278,STALE
2026-07-23 23:45:00+00:00,163.20605,163.28945,163.18035,163.22525,0,1786050513378,STALE
2026-07-24 00:00:00+00:00,163.22705,163.24385,163.10595,163.11665,0,1786050512478,STALE
2026-07-24 00:15:00+00:00,163.11655,163.21365,163.11605,163.18915,0,1786050511578,STALE
2026-07-24 00:30:00+00:00,163.18825,163.21435,163.08505,163.09975,0,1786050510678,STALE
2026-07-24 00:45:00+00:00,163.10365,163.17165,163.07385,163.11135,0,1786050509778,STALE
2026-07-24 01:00:00+00:00,163.11095,163.12455,162.97185,162.99465,0,1786050508878,STALE
2026-07-24 01:15:00+00:00,162.99485,163.11215,162.99015,163.11085,0,1786050507978,STALE
2026-07-24 01:30:00+00:00,163.11065,163.21565,163.08985,163.15415,0,1786050507078,STALE
2026-07-24 01:45:00+00:00,163.15435,163.27395,163.10195,163.26075,0,1786050506178,STALE
2026-07-24 02:00:00+00:00,163.26085,163.36235,163.26045,163.32485,0,1786050505278,STALE
2026-07-24 02:15:00+00:00,163.32625,163.34775,163.18005,163.19535,0,1786050504378,STALE
2026-07-24 02:30:00+00:00,163.19505,163.28485,163.18825,163.28165,0,1786050503478,STALE
2026-07-24 02:45:00+00:00,163.28195,163.30805,163.23105,163.27005,0,1786050502578,STALE
2026-07-24 03:00:00+00:00,163.27235,163.30775,163.20185,163.27645,0,1786050501678,STALE
2026-07-24 03:15:00+00:00,163.27595,163.31205,163.18655,163.22045,0,1786050500778,STALE
2026-07-24 03:30:00+00:00,163.21915,163.24905,163.12105,163.16145,0,1786050499878,STALE
2026-07-24 03:45:00+00:00,163.16195,163.20375,163.10965,163.15425,0,1786050498978,STALE
2026-07-24 04:00:00+00:00,163.15085,163.17945,163.08045,163.08485,0,1786050498078,STALE
2026-07-24 04:15:00+00:00,163.08335,163.20475,163.06045,163.18285,0,1786050497178,STALE
2026-07-24 04:30:00+00:00,163.18185,163.28055,163.17685,163.24835,0,1786050496278,STALE
2026-07-24 04:45:00+00:00,163.24855,163.25705,163.18435,163.21515,0,1786050495378,STALE
2026-07-24 05:00:00+00:00,163.21485,163.24265,162.97905,163.00775,0,1786050494478,STALE
2026-07-24 05:15:00+00:00,163.00715,163.18955,162.99565,163.16875,0,1786050493578,STALE
2026-07-24 05:30:00+00:00,163.16775,163.24175,163.15695,163.17655,0,1786050492678,STALE
2026-07-24 05:45:00+00:00,163.17835,163.30195,163.16865,163.25255,0,1786050491778,STALE
2026-07-24 06:00:00+00:00,163.25265,163.30695,163.24905,163.29515,0,1786050490878,STALE
2026-07-24 06:15:00+00:00,163.29555,163.35375,163.28765,163.35015,0,1786050489978,STALE
2026-07-24 06:30:00+00:00,163.35035,163.35695,163.28575,163.30045,0,1786050489078,STALE
2026-07-24 06:45:00+00:00,163.30165,163.30185,163.23835,163.24505,0,1786050488178,STALE
2026-07-24 07:00:00+00:00,163.24525,163.31275,163.24395,163.28295,0,1786050487278,STALE
2026-07-24 07:15:00+00:00,163.28355,163.35625,163.27845,163.35165,0,1786050486378,STALE
2026-07-24 07:30:00+00:00,163.35415,163.39515,163.33425,163.34235,0,1786050485478,STALE
2026-07-24 07:45:00+00:00,163.34275,163.34475,163.18695,163.22505,0,1786050484578,STALE
2026-07-24 08:00:00+00:00,163.22435,163.26095,163.17665,163.17665,0,1786050483678,STALE
2026-07-24 08:15:00+00:00,163.17545,163.20945,163.13355,163.15595,0,1786050482778,STALE
2026-07-24 08:30:00+00:00,163.15655,163.16935,163.10065,163.13955,0,1786050481878,STALE
2026-07-24 08:45:00+00:00,163.13975,163.14455,163.08435,163.09325,0,1786050480978,STALE
2026-07-24 09:00:00+00:00,163.09365,163.15445,163.06425,163.07605,0,1786050480078,STALE
2026-07-24 09:15:00+00:00,163.07575,163.07635,162.94745,162.99415,0,1786050479178,STALE
2026-07-24 09:30:00+00:00,162.99395,163.02885,162.96685,162.96725,0,1786050478278,STALE
2026-07-24 09:45:00+00:00,162.96695,162.97835,162.89285,162.94425,0,1786050477378,STALE
2026-07-24 10:00:00+00:00,162.94385,162.94695,162.85835,162.86835,0,1786050476478,STALE
2026-07-24 10:15:00+00:00,162.86865,162.95765,162.86775,162.94795,0,1786050475578,STALE
2026-07-24 10:30:00+00:00,162.94805,162.95235,162.76675,162.77475,0,1786050474678,STALE
2026-07-24 10:45:00+00:00,162.77265,162.81055,162.73745,162.78345,0,1786050473778,STALE
2026-07-24 11:00:00+00:00,162.78395,162.85685,162.76705,162.85185,0,1786050472878,STALE
2026-07-24 11:15:00+00:00,162.85165,162.89145,162.82045,162.84275,0,1786050471978,STALE
2026-07-24 11:30:00+00:00,162.84295,162.85985,162.80595,162.83535,0,1786050471078,STALE
2026-07-24 11:45:00+00:00,162.83545,162.95725,162.83095,162.93815,0,1786050470178,STALE
2026-07-24 12:00:00+00:00,162.93785,163.00285,162.91175,162.98675,0,1786050469278,STALE
2026-07-24 12:15:00+00:00,162.98645,163.00015,162.94105,162.98195,0,1786050468378,STALE
2026-07-24 12:30:00+00:00,162.98385,162.98895,162.94195,162.97505,0,1786050467478,STALE
2026-07-24 12:45:00+00:00,162.97475,163.00905,162.90925,163.00735,0,1786050466578,STALE
2026-07-24 13:00:00+00:00,163.00775,163.10735,162.99795,163.05205,0,1786050465678,STALE
2026-07-24 13:15:00+00:00,163.05165,163.09965,163.03175,163.06325,0,1786050464778,STALE
2026-07-24 13:30:00+00:00,163.06225,163.09135,163.01865,163.06945,0,1786050463878,STALE
2026-07-24 13:45:00+00:00,163.06965,163.14375,163.04615,163.04855,0,1786050462978,STALE
2026-07-24 14:00:00+00:00,163.04815,163.11615,163.03095,163.03735,0,1786050462078,STALE
2026-07-24 14:15:00+00:00,163.03775,163.04715,162.97535,162.98565,0,1786050461178,STALE
2026-07-24 14:30:00+00:00,162.98575,163.05985,162.98265,163.05915,0,1786050460278,STALE
2026-07-24 14:45:00+00:00,163.05855,163.16815,163.05195,163.11895,0,1786050459378,STALE
2026-07-24 15:00:00+00:00,163.11925,163.16045,163.05325,163.15815,0,1786050458478,STALE
2026-07-24 15:15:00+00:00,163.15835,163.17885,163.08975,163.09125,0,1786050457578,STALE
2026-07-24 15:30:00+00:00,163.09105,163.12845,163.05685,163.07545,0,1786050456678,STALE
2026-07-24 15:45:00+00:00,163.07495,163.17485,163.07495,163.15355,0,1786050455778,STALE
2026-07-24 16:00:00+00:00,163.15335,163.17845,163.12285,163.14835,0,1786050454878,STALE
2026-07-24 16:15:00+00:00,163.14855,163.19245,163.12985,163.17235,0,1786050453978,STALE
2026-07-24 16:30:00+00:00,163.16945,163.32115,163.13805,163.32005,0,1786050453078,STALE
2026-07-24 16:45:00+00:00,163.32035,163.37235,163.30395,163.36135,0,1786050452178,STALE
2026-07-24 17:00:00+00:00,163.36115,163.39655,163.35345,163.36315,0,1786050451278,STALE
2026-07-24 17:15:00+00:00,163.36285,163.46225,163.35695,163.45335,0,1786050450378,STALE
2026-07-24 17:30:00+00:00,163.45315,163.49035,163.39985,163.42035,0,1786050449478,STALE
2026-07-24 17:45:00+00:00,163.42075,163.51445,163.42045,163.47025,0,1786050448578,STALE
2026-07-24 18:00:00+00:00,163.47075,163.53985,163.47075,163.49615,0,1786050447678,STALE
2026-07-24 18:15:00+00:00,163.49625,163.51195,163.43795,163.44145,0,1786050446778,STALE
2026-07-24 18:30:00+00:00,163.44065,163.51265,163.43685,163.44155,0,1786050445878,STALE
2026-07-24 18:45:00+00:00,163.44125,163.50215,163.43955,163.48375,0,1786050444978,STALE
2026-07-24 19:00:00+00:00,163.48395,163.55095,163.46205,163.53575,0,1786050444078,STALE
2026-07-24 19:15:00+00:00,163.53605,163.59075,163.53605,163.56595,0,1786050443178,STALE
2026-07-24 19:30:00+00:00,163.56575,163.58955,163.53135,163.55395,0,1786050442278,STALE
2026-07-24 19:45:00+00:00,163.55545,163.58615,163.53805,163.58225,0,1786050441378,STALE
2026-07-24 20:00:00+00:00,163.58195,163.59275,163.51265,163.52115,0,1786050440478,STALE
2026-07-24 20:15:00+00:00,163.52095,163.56235,163.51495,163.55915,0,1786050439578,STALE
2026-07-24 20:30:00+00:00,163.55895,163.58115,163.48955,163.48975,0,1786050438678,STALE
2026-07-24 20:45:00+00:00,163.48925,163.50355,163.46335,163.48565,0,1786050437778,STALE
2026-07-24 21:00:00+00:00,163.48615,163.51055,163.46005,163.48675,0,1786050436878,STALE
2026-07-24 21:15:00+00:00,163.48705,163.50575,163.46285,163.48075,0,1786050435978,STALE
2026-07-24 21:30:00+00:00,163.47845,163.51995,163.46105,163.49435,0,1786050435078,STALE
2026-07-24 21:45:00+00:00,163.49405,163.51055,163.46205,163.51015,0,1786050434178,STALE
2026-07-24 22:00:00+00:00,163.50975,163.54985,163.49375,163.52875,0,1786050433278,STALE
2026-07-24 22:15:00+00:00,163.52825,163.62305,163.52655,163.56895,0,1786050432378,STALE
2026-07-24 22:30:00+00:00,163.56865,163.63195,163.55465,163.61095,0,1786050431478,STALE
2026-07-24 22:45:00+00:00,163.61135,163.65585,163.60035,163.62205,0,1786050430578,STALE
2026-07-24 23:00:00+00:00,163.62105,163.65685,163.60395,163.63835,0,1786050429678,STALE
2026-07-24 23:15:00+00:00,163.63975,163.66665,163.62115,163.63925,0,1786050428778,STALE
2026-07-24 23:30:00+00:00,163.63815,163.66455,163.55925,163.56975,0,1786050427878,STALE
2026-07-24 23:45:00+00:00,163.57025,163.59135,163.51795,163.58675,0,1786050426978,STALE
2026-07-25 00:00:00+00:00,163.58725,163.62245,163.56335,163.61255,0,1786050426078,STALE
2026-07-25 00:15:00+00:00,163.61275,163.64225,163.58225,163.62555,0,1786050425178,STALE
2026-07-25 00:30:00+00:00,163.62605,163.64375,163.53455,163.54735,0,1786050424278,STALE
2026-07-25 00:45:00+00:00,163.54775,163.56845,163.48495,163.55165,0,1786050423378,STALE
2026-07-25 01:00:00+00:00,163.55215,163.61185,163.51665,163.51965,0,1786050422478,STALE
2026-07-25 01:15:00+00:00,163.51935,163.61125,163.51865,163.61085,0,1786050421578,STALE
2026-07-25 01:30:00+00:00,163.60985,163.62335,163.56685,163.57455,0,1786050420678,STALE
2026-07-25 01:45:00+00:00,163.57435,163.59415,163.53795,163.57655,0,1786050419778,STALE
2026-07-25 02:00:00+00:00,163.57645,163.59005,163.51265,163.52045,0,1786050418878,STALE
2026-07-25 02:15:00+00:00,163.52025,163.61705,163.48195,163.56625,0,1786050417978,STALE
2026-07-25 02:30:00+00:00,163.56575,163.57825,163.47145,163.47265,0,1786050417078,STALE
2026-07-25 02:45:00+00:00,163.47305,163.55425,163.46805,163.53715,0,1786050416178,STALE
2026-07-25 03:00:00+00:00,163.53705,163.56395,163.49375,163.51825,0,1786050415278,STALE
2026-07-25 03:15:00+00:00,163.51815,163.57515,163.50145,163.51015,0,1786050414378,STALE
2026-07-25 03:30:00+00:00,163.50985,163.53405,163.44755,163.48295,0,1786050413478,STALE
2026-07-25 03:45:00+00:00,163.48265,163.51755,163.42665,163.42915,0,1786050412578,STALE
2026-07-25 04:00:00+00:00,163.42945,163.44705,163.36255,163.36895,0,1786050411678,STALE
2026-07-25 04:15:00+00:00,163.36865,163.38815,163.33505,163.35235,0,1786050410778,STALE
2026-07-25 04:30:00+00:00,163.35195,163.41585,163.34065,163.40675,0,1786050409878,STALE
2026-07-25 04:45:00+00:00,163.40705,163.42435,163.37955,163.41485,0,1786050408978,STALE
2026-07-25 05:00:00+00:00,163.41545,163.49795,163.38635,163.48905,0,1786050408078,STALE
2026-07-25 05:15:00+00:00,163.48915,163.49825,163.44275,163.46105,0,1786050407178,STALE
2026-07-25 05:30:00+00:00,163.46045,163.46905,163.30805,163.32065,0,1786050406278,STALE
2026-07-25 05:45:00+00:00,163.32035,163.40715,163.31505,163.36165,0,1786050405378,STALE
2026-07-25 06:00:00+00:00,163.36145,163.45385,163.34745,163.43455,0,1786050404478,STALE
2026-07-25 06:15:00+00:00,163.43475,163.53865,163.41645,163.52525,0,1786050403578,STALE
2026-07-25 06:30:00+00:00,163.52415,163.52695,163.45445,163.46485,0,1786050402678,STALE
2026-07-25 06:45:00+00:00,163.46345,163.46525,163.34805,163.40395,0,1786050401778,STALE
2026-07-25 07:00:00+00:00,163.40325,163.41005,163.28275,163.33315,0,1786050400878,STALE
2026-07-25 07:15:00+00:00,163.33395,163.34215,163.29015,163.31775,0,1786050399978,STALE
2026-07-25 07:30:00+00:00,163.31725,163.40875,163.29995,163.39895,0,1786050399078,STALE
2026-07-25 07:45:00+00:00,163.39885,163.43755,163.35255,163.39255,0,1786050398178,STALE
2026-07-25 08:00:00+00:00,163.39275,163.53305,163.38175,163.52665,0,1786050397278,STALE
2026-07-25 08:15:00+00:00,163.52515,163.53295,163.45465,163.47675,0,1786050396378,STALE
2026-07-25 08:30:00+00:00,163.47785,163.49875,163.42375,163.46265,0,1786050395478,STALE
2026-07-25 08:45:00+00:00,163.46215,163.53465,163.46215,163.51855,0,1786050394578,STALE
2026-07-25 09:00:00+00:00,163.51815,163.57915,163.48505,163.57765,0,1786050393678,STALE
2026-07-25 09:15:00+00:00,163.57805,163.63465,163.55825,163.59655,0,1786050392778,STALE
2026-07-25 09:30:00+00:00,163.59515,163.67275,163.58605,163.63485,0,1786050391878,STALE
2026-07-25 09:45:00+00:00,163.63445,163.65385,163.58065,163.61175,0,1786050390978,STALE
2026-07-25 10:00:00+00:00,163.61185,163.61405,163.54995,163.61205,0,1786050390078,STALE
2026-07-25 10:15:00+00:00,163.61185,163.71455,163.61015,163.69005,0,1786050389178,STALE
2026-07-25 10:30:00+00:00,163.68885,163.70525,163.62265,163.63075,0,1786050388278,STALE
2026-07-25 10:45:00+00:00,163.63045,163.70965,163.62585,163.67495,0,1786050387378,STALE
2026-07-25 11:00:00+00:00,163.67725,163.72955,163.65005,163.65445,0,1786050386478,STALE
2026-07-25 11:15:00+00:00,163.65435,163.72485,163.61575,163.67845,0,1786050385578,STALE
2026-07-25 11:30:00+00:00,163.67855,163.68425,163.57475,163.57505,0,1786050384678,STALE
2026-07-25 11:45:00+00:00,163.57475,163.61815,163.55415,163.58575,0,1786050383778,STALE
2026-07-25 12:00:00+00:00,163.58605,163.62975,163.54395,163.57525,0,1786050382878,STALE
2026-07-25 12:15:00+00:00,163.57575,163.61075,163.54215,163.55615,0,1786050381978,STALE
2026-07-25 12:30:00+00:00,163.55645,163.63045,163.55105,163.62275,0,1786050381078,STALE
2026-07-25 12:45:00+00:00,163.62235,163.73775,163.61445,163.73565,0,1786050380178,STALE
2026-07-25 13:00:00+00:00,163.73615,163.79245,163.72145,163.74885,0,1786050379278,STALE
2026-07-25 13:15:00+00:00,163.74845,163.81775,163.73215,163.76595,0,1786050378378,STALE
2026-07-25 13:30:00+00:00,163.76635,163.84845,163.72665,163.82205,0,1786050377478,STALE
2026-07-25 13:45:00+00:00,163.82065,163.92785,163.78465,163.90885,0,1786050376578,STALE
2026-07-25 14:00:00+00:00,163.90945,163.99385,163.89195,163.97425,0,1786050375678,STALE
2026-07-25 14:15:00+00:00,163.97475,163.97475,163.88325,163.90785,0,1786050374778,STALE
2026-07-25 14:30:00+00:00,163.90865,163.96835,163.89145,163.93315,0,1786050373878,STALE
2026-07-25 14:45:00+00:00,163.93335,163.96525,163.92865,163.94235,0,1786050372978,STALE
2026-07-25 15:00:00+00:00,163.94245,163.94855,163.90875,163.92905,0,1786050372078,STALE
2026-07-25 15:15:00+00:00,163.92935,163.96645,163.91765,163.93785,0,1786050371178,STALE
2026-07-25 15:30:00+00:00,163.93745,163.96715,163.88235,163.91745,0,1786050370278,STALE
2026-07-25 15:45:00+00:00,163.91805,164.02495,163.91805,164.01465,0,1786050369378,STALE
2026-07-25 16:00:00+00:00,164.01415,164.03345,163.97615,164.01615,0,1786050368478,STALE
2026-07-25 16:15:00+00:00,164.01665,164.06075,164.00305,164.04425,0,1786050367578,STALE
2026-07-25 16:30:00+00:00,164.04385,164.09205,163.96845,163.99955,0,1786050366678,STALE
2026-07-25 16:45:00+00:00,164.00095,164.01135,163.93585,163.94365,0,1786050365778,STALE
2026-07-25 17:00:00+00:00,163.94335,163.97155,163.86205,163.93885,0,1786050364878,STALE
2026-07-25 17:15:00+00:00,163.93905,163.96515,163.89345,163.90385,0,1786050363978,STALE
2026-07-25 17:30:00+00:00,163.90365,163.96615,163.89415,163.91815,0,1786050363078,STALE
2026-07-25 17:45:00+00:00,163.91855,163.91855,163.82875,163.84515,0,1786050362178,STALE
2026-07-25 18:00:00+00:00,163.84465,163.86135,163.79295,163.80935,0,1786050361278,STALE
2026-07-25 18:15:00+00:00,163.81025,163.81295,163.73525,163.76775,0,1786050360378,STALE
2026-07-25 18:30:00+00:00,163.76755,163.77355,163.71455,163.73045,0,1786050359478,STALE
2026-07-25 18:45:00+00:00,163.73055,163.78255,163.70725,163.74215,0,1786050358578,STALE
2026-07-25 19:00:00+00:00,163.74255,163.75095,163.70955,163.70995,0,1786050357678,STALE
2026-07-25 19:15:00+00:00,163.71045,163.75045,163.69115,163.72405,0,1786050356778,STALE
2026-07-25 19:30:00+00:00,163.72375,163.75055,163.67265,163.74655,0,1786050355878,STALE
2026-07-25 19:45:00+00:00,163.74605,163.79235,163.73195,163.77965,0,1786050354978,STALE
2026-07-25 20:00:00+00:00,163.77975,163.81665,163.75575,163.80455,0,1786050354078,STALE
2026-07-25 20:15:00+00:00,163.80365,163.86055,163.79675,163.80195,0,1786050353178,STALE
2026-07-25 20:30:00+00:00,163.80225,163.81105,163.75235,163.79465,0,1786050352278,STALE
2026-07-25 20:45:00+00:00,163.79515,163.80955,163.76435,163.78745,0,1786050351378,STALE
2026-07-25 21:00:00+00:00,163.78785,163.80425,163.71055,163.74025,0,1786050350478,STALE
2026-07-25 21:15:00+00:00,163.74105,163.76415,163.70585,163.76055,0,1786050349578,STALE
2026-07-25 21:30:00+00:00,163.76085,163.79315,163.69055,163.76625,0,1786050348678,STALE
2026-07-25 21:45:00+00:00,163.76545,163.82105,163.74075,163.81525,0,1786050347778,STALE
2026-07-25 22:00:00+00:00,163.81485,163.84605,163.79955,163.83675,0,1786050346878,STALE
2026-07-25 22:15:00+00:00,163.83715,163.86135,163.78215,163.81245,0,1786050345978,STALE
2026-07-25 22:30:00+00:00,163.81285,163.89365,163.80245,163.84975,0,1786050345078,STALE
2026-07-25 22:45:00+00:00,163.85035,163.88795,163.77645,163.78235,0,1786050344178,STALE
2026-07-25 23:00:00+00:00,163.78195,163.81795,163.75025,163.79595,0,1786050343278,STALE
2026-07-25 23:15:00+00:00,163.79575,163.79975,163.71795,163.72225,0,1786050342378,STALE
2026-07-25 23:30:00+00:00,163.72575,163.72775,163.64725,163.66085,0,1786050341478,STALE
2026-07-25 23:45:00+00:00,163.66095,163.68405,163.61045,163.62565,0,1786050340578,STALE
2026-07-26 00:00:00+00:00,163.62575,163.66025,163.59145,163.59765,0,1786050339678,STALE
2026-07-26 00:15:00+00:00,163.59735,163.60425,163.53105,163.54185,0,1786050338778,STALE
2026-07-26 00:30:00+00:00,163.54235,163.59985,163.54205,163.57885,0,1786050337878,STALE
2026-07-26 00:45:00+00:00,163.57875,163.59545,163.53245,163.56535,0,1786050336978,STALE
2026-07-26 01:00:00+00:00,163.56565,163.63045,163.55485,163.62055,0,1786050336078,STALE
2026-07-26 01:15:00+00:00,163.62165,163.72285,163.61415,163.68305,0,1786050335178,STALE
2026-07-26 01:30:00+00:00,163.68295,163.70745,163.65895,163.68115,0,1786050334278,STALE
2026-07-26 01:45:00+00:00,163.68135,163.75525,163.68065,163.69955,0,1786050333378,STALE
2026-07-26 02:00:00+00:00,163.69915,163.78235,163.69745,163.76265,0,1786050332478,STALE
2026-07-26 02:15:00+00:00,163.76225,163.83785,163.74295,163.80895,0,1786050331578,STALE
2026-07-26 02:30:00+00:00,163.80875,163.91795,163.79105,163.91605,0,1786050330678,STALE
2026-07-26 02:45:00+00:00,163.91645,163.96855,163.91645,163.93685,0,1786050329778,STALE
2026-07-26 03:00:00+00:00,163.93655,163.96815,163.90105,163.94185,0,1786050328878,STALE
2026-07-26 03:15:00+00:00,163.94135,164.00305,163.91915,163.99575,0,1786050327978,STALE
2026-07-26 03:30:00+00:00,163.99535,164.03805,163.96365,163.98625,0,1786050327078,STALE
2026-07-26 03:45:00+00:00,163.98645,164.05975,163.98365,164.05785,0,1786050326178,STALE
2026-07-26 04:00:00+00:00,164.05865,164.09455,164.02775,164.04095,0,1786050325278,STALE
2026-07-26 04:15:00+00:00,164.04065,164.08395,164.01485,164.08225,0,1786050324378,STALE
2026-07-26 04:30:00+00:00,164.08365,164.11225,164.06635,164.10755,0,1786050323478,STALE
2026-07-26 04:45:00+00:00,164.10835,164.15505,164.07155,164.07865,0,1786050322578,STALE
2026-07-26 05:00:00+00:00,164.07825,164.12385,164.05745,164.07315,0,1786050321678,STALE
2026-07-26 05:15:00+00:00,164.07345,164.10015,164.03825,164.08985,0,1786050320778,STALE
2026-07-26 05:30:00+00:00,164.08955,164.12645,164.06465,164.09315,0,1786050319878,STALE
2026-07-26 05:45:00+00:00,164.09325,164.16895,164.06445,164.16525,0,1786050318978,STALE
2026-07-26 06:00:00+00:00,164.16395,164.21045,164.13505,164.16365,0,1786050318078,STALE
2026-07-26 06:15:00+00:00,164.16335,164.19445,164.13695,164.16075,0,1786050317178,STALE
2026-07-26 06:30:00+00:00,164.16085,164.23945,164.11185,164.11195,0,1786050316278,STALE
2026-07-26 06:45:00+00:00,164.11245,164.14465,164.07975,164.13855,0,1786050315378,STALE
2026-07-26 07:00:00+00:00,164.13805,164.14295,164.07285,164.10265,0,1786050314478,STALE
2026-07-26 07:15:00+00:00,164.10275,164.12865,164.08315,164.09195,0,1786050313578,STALE
2026-07-26 07:30:00+00:00,164.09185,164.09675,164.03505,164.04925,0,1786050312678,STALE
2026-07-26 07:45:00+00:00,164.05125,164.13365,164.04845,164.12335,0,1786050311778,STALE
2026-07-26 08:00:00+00:00,164.12305,164.16535,164.10365,164.13545,0,1786050310878,STALE
2026-07-26 08:15:00+00:00,164.13495,164.23475,164.10385,164.23205,0,1786050309978,STALE
2026-07-26 08:30:00+00:00,164.23185,164.31375,164.20385,164.29445,0,1786050309078,STALE
2026-07-26 08:45:00+00:00,164.29465,164.29895,164.25995,164.29875,0,1786050308178,STALE
2026-07-26 09:00:00+00:00,164.29775,164.42925,164.28155,164.42225,0,1786050307278,STALE
2026-07-26 09:15:00+00:00,164.42145,164.42185,164.32935,164.33595,0,1786050306378,STALE
2026-07-26 09:30:00+00:00,164.33445,164.42915,164.32895,164.42115,0,1786050305478,STALE
2026-07-26 09:45:00+00:00,164.42095,164.43655,164.38025,164.40195,0,1786050304578,STALE
2026-07-26 10:00:00+00:00,164.40175,164.49185,164.38605,164.47835,0,1786050303678,STALE
2026-07-26 10:15:00+00:00,164.47735,164.48175,164.38795,164.39055,0,1786050302778,STALE
2026-07-26 10:30:00+00:00,164.39115,164.44765,164.36025,164.42945,0,1786050301878,STALE
2026-07-26 10:45:00+00:00,164.42955,164.43875,164.36025,164.43855,0,1786050300978,STALE
2026-07-26 11:00:00+00:00,164.43935,164.56595,164.41815,164.56515,0,1786050300078,STALE
2026-07-26 11:15:00+00:00,164.56535,164.60185,164.52765,164.59695,0,1786050299178,STALE
2026-07-26 11:30:00+00:00,164.59645,164.62165,164.56995,164.57545,0,1786050298278,STALE
2026-07-26 11:45:00+00:00,164.57525,164.61205,164.53865,164.60515,0,1786050297378,STALE
2026-07-26 12:00:00+00:00,164.60495,164.66895,164.56335,164.58125,0,1786050296478,STALE
2026-07-26 12:15:00+00:00,164.58115,164.63295,164.55105,164.56115,0,1786050295578,STALE
2026-07-26 12:30:00+00:00,164.56105,164.56405,164.48825,164.54435,0,1786050294678,STALE
2026-07-26 12:45:00+00:00,164.54385,164.55455,164.44165,164.46735,0,1786050293778,STALE
2026-07-26 13:00:00+00:00,164.46925,164.48305,164.43375,164.45745,0,1786050292878,STALE
2026-07-26 13:15:00+00:00,164.45735,164.46815,164.38215,164.40425,0,1786050291978,STALE
2026-07-26 13:30:00+00:00,164.40395,164.46405,164.37105,164.46015,0,1786050291078,STALE
2026-07-26 13:45:00+00:00,164.45985,164.56105,164.45465,164.53575,0,1786050290178,STALE
2026-07-26 14:00:00+00:00,164.53825,164.61495,164.53395,164.58255,0,1786050289278,STALE
2026-07-26 14:15:00+00:00,164.58265,164.64235,164.58045,164.62785,0,1786050288378,STALE
2026-07-26 14:30:00+00:00,164.62775,164.65805,164.60685,164.65235,0,1786050287478,STALE
2026-07-26 14:45:00+00:00,164.65275,164.71845,164.63175,164.70945,0,1786050286578,STALE
2026-07-26 15:00:00+00:00,164.70925,164.71885,164.63665,164.64105,0,1786050285678,STALE
2026-07-26 15:15:00+00:00,164.64045,164.68655,164.61825,164.63395,0,1786050284778,STALE
2026-07-26 15:30:00+00:00,164.63435,164.66785,164.61635,164.63705,0,1786050283878,STALE
2026-07-26 15:45:00+00:00,164.63725,164.64385,164.59505,164.61875,0,1786050282978,STALE
2026-07-26 16:00:00+00:00,164.61845,164.63155,164.57035,164.61085,0,1786050282078,STALE
2026-07-26 16:15:00+00:00,164.61125,164.63345,164.57715,164.59725,0,1786050281178,STALE
2026-07-26 16:30:00+00:00,164.59625,164.64155,164.57505,164.59165,0,1786050280278,STALE
2026-07-26 16:45:00+00:00,164.59135,164.63285,164.57375,164.62615,0,1786050279378,STALE
2026-07-26 17:00:00+00:00,164.62605,164.66085,164.58525,164.64885,0,1786050278478,STALE
2026-07-26 17:15:00+00:00,164.64865,164.67495,164.61395,164.65545,0,1786050277578,STALE
2026-07-26 17:30:00+00:00,164.65575,164.67275,164.62215,164.62565,0,1786050276678,STALE
2026-07-26 17:45:00+00:00,164.62615,164.70025,164.61475,164.67505,0,1786050275778,STALE
2026-07-26 18:00:00+00:00,164.67535,164.74745,164.64695,164.64725,0,1786050274878,STALE
2026-07-26 18:15:00+00:00,164.64695,164.68985,164.63035,164.66605,0,1786050273978,STALE
2026-07-26 18:30:00+00:00,164.66615,164.68835,164.62715,164.64125,0,1786050273078,STALE
2026-07-26 18:45:00+00:00,164.64095,164.66085,164.60555,164.60665,0,1786050272178,STALE
2026-07-26 19:00:00+00:00,164.60635,164.68295,164.58895,164.67315,0,1786050271278,STALE
2026-07-26 19:15:00+00:00,164.67305,164.67655,164.59275,164.66555,0,1786050270378,STALE
2026-07-26 19:30:00+00:00,164.66605,164.70545,164.66085,164.68565,0,1786050269478,STALE
2026-07-26 19:45:00+00:00,164.68515,164.70955,164.66045,164.70325,0,1786050268578,STALE
2026-07-26 20:00:00+00:00,164.70365,164.77265,164.69355,164.74135,0,1786050267678,STALE
2026-07-26 20:15:00+00:00,164.74185,164.86315,164.74175,164.82115,0,1786050266778,STALE
2026-07-26 20:30:00+00:00,164.82065,164.83355,164.76635,164.81855,0,1786050265878,STALE
2026-07-26 20:45:00+00:00,164.81825,164.85735,164.75135,164.75415,0,1786050264978,STALE
2026-07-26 21:00:00+00:00,164.75095,164.77785,164.72495,164.77505,0,1786050264078,STALE
2026-07-26 21:15:00+00:00,164.77545,164.84575,164.77355,164.78635,0,1786050263178,STALE
2026-07-26 21:30:00+00:00,164.78675,164.82185,164.76995,164.81455,0,1786050262278,STALE
2026-07-26 21:45:00+00:00,164.81485,164.88385,164.78095,164.87755,0,1786050261378,STALE
2026-07-26 22:00:00+00:00,164.87935,164.87935,164.82055,164.86355,0,1786050260478,STALE
2026-07-26 22:15:00+00:00,164.86145,164.89245,164.84715,164.87565,0,1786050259578,STALE
2026-07-26 22:30:00+00:00,164.87475,164.90925,164.82115,164.82505,0,1786050258678,STALE
2026-07-26 22:45:00+00:00,164.82475,164.89195,164.80545,164.88805,0,1786050257778,STALE
2026-07-26 23:00:00+00:00,164.88845,164.91715,164.82565,164.82665,0,1786050256878,STALE
2026-07-26 23:15:00+00:00,164.82675,164.89565,164.81745,164.88475,0,1786050255978,STALE
2026-07-26 23:30:00+00:00,164.88425,164.90285,164.84215,164.85215,0,1786050255078,STALE
2026-07-26 23:45:00+00:00,164.85185,164.87255,164.74585,164.79165,0,1786050254178,STALE
2026-07-27 00:00:00+00:00,164.78485,164.80045,164.74605,164.78435,0,1786050253278,STALE
2026-07-27 00:15:00+00:00,164.78395,164.80785,164.74995,164.76485,0,1786050252378,STALE
2026-07-27 00:30:00+00:00,164.76365,164.78055,164.70205,164.73335,0,1786050251478,STALE
2026-07-27 00:45:00+00:00,164.73355,164.77495,164.72025,164.76345,0,1786050250578,STALE
2026-07-27 01:00:00+00:00,164.76395,164.81845,164.74445,164.80225,0,1786050249678,STALE
2026-07-27 01:15:00+00:00,164.80205,164.81395,164.70135,164.73035,0,1786050248778,STALE
2026-07-27 01:30:00+00:00,164.72985,164.75795,164.69685,164.74195,0,1786050247878,STALE
2026-07-27 01:45:00+00:00,164.74185,164.76045,164.69635,164.75435,0,1786050246978,STALE
2026-07-27 02:00:00+00:00,164.75395,164.81055,164.74465,164.78475,0,1786050246078,STALE
2026-07-27 02:15:00+00:00,164.78415,164.78445,164.68875,164.72255,0,1786050245178,STALE
2026-07-27 02:30:00+00:00,164.72305,164.77225,164.69395,164.69675,0,1786050244278,STALE
2026-07-27 02:45:00+00:00,164.69715,164.73345,164.67735,164.71735,0,1786050243378,STALE
2026-07-27 03:00:00+00:00,164.71695,164.75605,164.68795,164.70215,0,1786050242478,STALE
2026-07-27 03:15:00+00:00,164.70205,164.74185,164.65005,164.74045,0,1786050241578,STALE
2026-07-27 03:30:00+00:00,164.74085,164.76775,164.68575,164.70395,0,1786050240678,STALE
2026-07-27 03:45:00+00:00,164.70325,164.80965,164.69575,164.73695,0,1786050239778,STALE
2026-07-27 04:00:00+00:00,164.73655,164.75725,164.69455,164.69465,0,1786050238878,STALE
2026-07-27 04:15:00+00:00,164.69415,164.73055,164.66555,164.72855,0,1786050237978,STALE
2026-07-27 04:30:00+00:00,164.72825,164.81395,164.72415,164.75055,0,1786050237078,STALE
2026-07-27 04:45:00+00:00,164.74875,164.78775,164.73765,164.77785,0,1786050236178,STALE
2026-07-27 05:00:00+00:00,164.77765,164.78935,164.73375,164.75785,0,1786050235278,STALE
2026-07-27 05:15:00+00:00,164.75825,164.75855,164.69765,164.72105,0,1786050234378,STALE
2026-07-27 05:30:00+00:00,164.72215,164.77195,164.68855,164.73425,0,1786050233478,STALE
2026-07-27 05:45:00+00:00,164.73435,164.77205,164.70355,164.74345,0,1786050232578,STALE
2026-07-27 06:00:00+00:00,164.74325,164.84245,164.74315,164.79575,0,1786050231678,STALE
2026-07-27 06:15:00+00:00,164.79395,164.83615,164.75715,164.83125,0,1786050230778,STALE
2026-07-27 06:30:00+00:00,164.83075,164.84815,164.80235,164.83405,0,1786050229878,STALE
2026-07-27 06:45:00+00:00,164.83465,164.90445,164.82285,164.89845,0,1786050228978,STALE
2026-07-27 07:00:00+00:00,164.89835,164.98185,164.88525,164.95825,0,1786050228078,STALE
2026-07-27 07:15:00+00:00,164.95865,165.05995,164.94265,165.05695,0,1786050227178,STALE
2026-07-27 07:30:00+00:00,165.05685,165.08055,164.94955,164.96105,0,1786050226278,STALE
2026-07-27 07:45:00+00:00,164.96085,165.01015,164.95275,164.98155,0,1786050225378,STALE
2026-07-27 08:00:00+00:00,164.98485,164.99215,164.92235,164.95115,0,1786050224478,STALE
2026-07-27 08:15:00+00:00,164.95035,164.98165,164.90705,164.96885,0,1786050223578,STALE
2026-07-27 08:30:00+00:00,164.96905,165.01135,164.93235,164.93845,0,1786050222678,STALE
2026-07-27 08:45:00+00:00,164.93875,164.98745,164.91375,164.98315,0,1786050221778,STALE
2026-07-27 09:00:00+00:00,164.98305,164.99935,164.95055,164.97725,0,1786050220878,STALE
2026-07-27 09:15:00+00:00,164.97825,165.10055,164.96395,165.09825,0,1786050219978,STALE
2026-07-27 09:30:00+00:00,165.09905,165.14425,165.05895,165.11425,0,1786050219078,STALE
2026-07-27 09:45:00+00:00,165.11395,165.13835,165.08655,165.08755,0,1786050218178,STALE
2026-07-27 10:00:00+00:00,165.08675,165.11615,165.03725,165.05015,0,1786050217278,STALE
2026-07-27 10:15:00+00:00,165.04885,165.08175,164.99385,165.01345,0,1786050216378,STALE
2026-07-27 10:30:00+00:00,165.01355,165.01395,164.93685,164.94355,0,1786050215478,STALE
2026-07-27 10:45:00+00:00,164.94365,164.96205,164.91255,164.93845,0,1786050214578,STALE
2026-07-27 11:00:00+00:00,164.93825,164.94845,164.86625,164.87245,0,1786050213678,STALE
2026-07-27 11:15:00+00:00,164.87175,164.91435,164.85095,164.85445,0,1786050212778,STALE
2026-07-27 11:30:00+00:00,164.85395,164.95305,164.83675,164.95155,0,1786050211878,STALE
2026-07-27 11:45:00+00:00,164.95175,165.00005,164.94445,164.95825,0,1786050210978,STALE
2026-07-27 12:00:00+00:00,164.95785,164.96705,164.86885,164.89745,0,1786050210078,STALE
2026-07-27 12:15:00+00:00,164.89775,164.92705,164.83705,164.86245,0,1786050209178,STALE
2026-07-27 12:30:00+00:00,164.86275,164.88735,164.81775,164.87385,0,1786050208278,STALE
2026-07-27 12:45:00+00:00,164.87335,164.89915,164.84355,164.84435,0,1786050207378,STALE
2026-07-27 13:00:00+00:00,164.84465,164.93335,164.83445,164.88605,0,1786050206478,STALE
2026-07-27 13:15:00+00:00,164.88565,164.90975,164.83485,164.89865,0,1786050205578,STALE
2026-07-27 13:30:00+00:00,164.89855,164.95205,164.88595,164.91265,0,1786050204678,STALE
2026-07-27 13:45:00+00:00,164.91305,164.92745,164.86715,164.88505,0,1786050203778,STALE
2026-07-27 14:00:00+00:00,164.88585,164.88595,164.81935,164.85995,0,1786050202878,STALE
2026-07-27 14:15:00+00:00,164.85775,164.89595,164.82515,164.86965,0,1786050201978,STALE
2026-07-27 14:30:00+00:00,164.86985,164.87155,164.80615,164.85475,0,1786050201078,STALE
2026-07-27 14:45:00+00:00,164.85545,164.97775,164.85385,164.97665,0,1786050200178,STALE
2026-07-27 15:00:00+00:00,164.97755,164.99135,164.90105,164.92485,0,1786050199278,STALE
2026-07-27 15:15:00+00:00,164.92445,164.93525,164.84535,164.84985,0,1786050198378,STALE
2026-07-27 15:30:00+00:00,164.85075,164.89645,164.83035,164.85585,0,1786050197478,STALE
2026-07-27 15:45:00+00:00,164.85625,164.94495,164.85075,164.92735,0,1786050196578,STALE
2026-07-27 16:00:00+00:00,164.92685,164.99655,164.90955,164.97225,0,1786050195678,STALE
2026-07-27 16:15:00+00:00,164.97205,164.98495,164.88925,164.92875,0,1786050194778,STALE
2026-07-27 16:30:00+00:00,164.92895,164.95905,164.88215,164.92045,0,1786050193878,STALE
2026-07-27 16:45:00+00:00,164.92085,164.92195,164.87855,164.90805,0,1786050192978,STALE
2026-07-27 17:00:00+00:00,164.90815,164.91175,164.82385,164.84345,0,1786050192078,STALE
2026-07-27 17:15:00+00:00,164.84645,164.88915,164.83805,164.86635,0,1786050191178,STALE
2026-07-27 17:30:00+00:00,164.86595,164.93785,164.85695,164.89535,0,1786050190278,STALE
2026-07-27 17:45:00+00:00,164.89525,164.90865,164.83435,164.86405,0,1786050189378,STALE
2026-07-27 18:00:00+00:00,164.86325,164.91355,164.81075,164.90575,0,1786050188478,STALE
2026-07-27 18:15:00+00:00,164.90565,164.93435,164.87535,164.93225,0,1786050187578,STALE
2026-07-27 18:30:00+00:00,164.93335,165.00355,164.90975,164.99005,0,1786050186678,STALE
2026-07-27 18:45:00+00:00,164.98995,165.03995,164.96335,165.01925,0,1786050185778,STALE
2026-07-27 19:00:00+00:00,165.01935,165.05115,164.99235,165.04925,0,1786050184878,STALE
2026-07-27 19:15:00+00:00,165.04875,165.07855,165.00225,165.00795,0,1786050183978,STALE
2026-07-27 19:30:00+00:00,165.00835,165.03335,164.94815,164.96115,0,1786050183078,STALE
2026-07-27 19:45:00+00:00,164.96105,165.05565,164.94895,165.03395,0,1786050182178,STALE
2026-07-27 20:00:00+00:00,165.03465,165.04755,164.96755,164.97735,0,1786050181278,STALE
2026-07-27 20:15:00+00:00,164.97695,165.00075,164.93875,164.98885,0,1786050180378,STALE
2026-07-27 20:30:00+00:00,164.98915,165.02535,164.97315,165.01905,0,1786050179478,STALE
2026-07-27 20:45:00+00:00,165.01915,165.03795,164.96755,165.01625,0,1786050178578,STALE
2026-07-27 21:00:00+00:00,165.01585,165.10945,165.01205,165.10115,0,1786050177678,STALE
2026-07-27 21:15:00+00:00,165.10125,165.11055,165.05175,165.08725,0,1786050176778,STALE
2026-07-27 21:30:00+00:00,165.08835,165.24725,165.08715,165.24625,0,1786050175878,STALE
2026-07-27 21:45:00+00:00,165.24575,165.32405,165.23015,165.31645,0,1786050174978,STALE
2026-07-27 22:00:00+00:00,165.31665,165.36405,165.29975,165.33495,0,1786050174078,STALE
2026-07-27 22:15:00+00:00,165.33465,165.37985,165.31725,165.33735,0,1786050173178,STALE
2026-07-27 22:30:00+00:00,165.33715,165.40735,165.32065,165.37105,0,1786050172278,STALE
2026-07-27 22:45:00+00:00,165.37065,165.37105,165.28035,165.28415,0,1786050171378,STALE
2026-07-27 23:00:00+00:00,165.28455,165.37925,165.27215,165.32605,0,1786050170478,STALE
2026-07-27 23:15:00+00:00,165.32655,165.33235,165.25235,165.29435,0,1786050169578,STALE
2026-07-27 23:30:00+00:00,165.29355,165.32865,165.23025,165.31915,0,1786050168678,STALE
2026-07-27 23:45:00+00:00,165.32245,165.33205,165.27145,165.32505,0,1786050167778,STALE
2026-07-28 00:00:00+00:00,165.32495,165.37895,165.31695,165.34545,0,1786050166878,STALE
2026-07-28 00:15:00+00:00,165.34495,165.46085,165.33105,165.45925,0,1786050165978,STALE
2026-07-28 00:30:00+00:00,165.46025,165.46785,165.38025,165.40105,0,1786050165078,STALE
2026-07-28 00:45:00+00:00,165.40125,165.44065,165.36495,165.36495,0,1786050164178,STALE
2026-07-28 01:00:00+00:00,165.36475,165.38235,165.27145,165.29055,0,1786050163278,STALE
2026-07-28 01:15:00+00:00,165.29015,165.30335,165.17945,165.19505,0,1786050162378,STALE
2026-07-28 01:30:00+00:00,165.19555,165.24355,165.16265,165.18885,0,1786050161478,STALE
2026-07-28 01:45:00+00:00,165.18875,165.23715,165.16655,165.23355,0,1786050160578,STALE
2026-07-28 02:00:00+00:00,165.23375,165.31445,165.22245,165.31065,0,1786050159678,STALE
2026-07-28 02:15:00+00:00,165.31105,165.31105,165.21835,165.22715,0,1786050158778,STALE
2026-07-28 02:30:00+00:00,165.22855,165.33725,165.22255,165.32975,0,1786050157878,STALE
2026-07-28 02:45:00+00:00,165.33005,165.33945,165.28915,165.32285,0,1786050156978,STALE
2026-07-28 03:00:00+00:00,165.32325,165.39205,165.30325,165.38485,0,1786050156078,STALE
2026-07-28 03:15:00+00:00,165.38505,165.43445,165.37975,165.39295,0,1786050155178,STALE
2026-07-28 03:30:00+00:00,165.39275,165.41705,165.36575,165.41345,0,1786050154278,STALE
2026-07-28 03:45:00+00:00,165.41375,165.41605,165.36785,165.38425,0,1786050153378,STALE
2026-07-28 04:00:00+00:00,165.38425,165.38425,163.72505,163.72525,0,1786050152478,STALE
2026-07-28 04:15:00+00:00,163.72565,163.80375,163.69545,163.77825,0,1786050151578,STALE
2026-07-28 04:30:00+00:00,163.77835,163.82325,163.72965,163.76335,0,1786050150678,STALE
2026-07-28 04:45:00+00:00,163.76345,163.76875,163.68085,163.70115,0,1786050149778,STALE
2026-07-28 05:00:00+00:00,163.70065,163.77405,163.67135,163.72405,0,1786050148878,STALE
2026-07-28 05:15:00+00:00,163.72365,163.74355,163.67445,163.73815,0,1786050147978,STALE
2026-07-28 05:30:00+00:00,163.73785,163.74465,163.66705,163.68105,0,1786050147078,STALE
2026-07-28 05:45:00+00:00,163.68085,163.70975,163.65075,163.68895,0,1786050146178,STALE
2026-07-28 06:00:00+00:00,163.68865,163.71695,163.59565,163.61635,0,1786050145278,STALE
2026-07-28 06:15:00+00:00,163.61745,163.65045,163.59085,163.59845,0,1786050144378,STALE
2026-07-28 06:30:00+00:00,163.59895,163.62035,163.52345,163.60845,0,1786050143478,STALE
2026-07-28 06:45:00+00:00,163.60885,163.62195,163.54675,163.56315,0,1786050142578,STALE
2026-07-28 07:00:00+00:00,163.56305,163.58125,163.52185,163.54035,0,1786050141678,STALE
2026-07-28 07:15:00+00:00,163.53765,163.54585,163.48545,163.53345,0,1786050140778,STALE
2026-07-28 07:30:00+00:00,163.53425,163.64205,163.51945,163.60085,0,1786050139878,STALE
2026-07-28 07:45:00+00:00,163.60105,163.64735,163.57595,163.63265,0,1786050138978,STALE
2026-07-28 08:00:00+00:00,163.63245,163.65995,163.59845,163.64485,0,1786050138078,STALE
2026-07-28 08:15:00+00:00,163.64455,163.69855,163.64105,163.69475,0,1786050137178,STALE
2026-07-28 08:30:00+00:00,163.69465,163.74325,163.69075,163.72625,0,1786050136278,STALE
2026-07-28 08:45:00+00:00,163.72635,163.76035,163.68335,163.69365,0,1786050135378,STALE
2026-07-28 09:00:00+00:00,163.69465,163.75315,163.67785,163.71995,0,1786050134478,STALE
2026-07-28 09:15:00+00:00,163.72005,163.76585,163.70895,163.74365,0,1786050133578,STALE
2026-07-28 09:30:00+00:00,163.74275,163.75505,163.64855,163.65825,0,1786050132678,STALE
2026-07-28 09:45:00+00:00,163.65865,163.71455,163.65755,163.70055,0,1786050131778,STALE
2026-07-28 10:00:00+00:00,163.70015,163.72455,163.66795,163.70835,0,1786050130878,STALE
2026-07-28 10:15:00+00:00,163.70755,163.73385,163.64655,163.65685,0,1786050129978,STALE
2026-07-28 10:30:00+00:00,163.65655,163.69145,163.63945,163.68785,0,1786050129078,STALE
2026-07-28 10:45:00+00:00,163.68765,163.70295,163.66015,163.68245,0,1786050128178,STALE
2026-07-28 11:00:00+00:00,163.68295,163.70005,163.63475,163.67625,0,1786050127278,STALE
2026-07-28 11:15:00+00:00,163.67665,163.69865,163.60955,163.61095,0,1786050126378,STALE
2026-07-28 11:30:00+00:00,163.61085,163.61365,163.56475,163.59875,0,1786050125478,STALE
2026-07-28 11:45:00+00:00,163.59965,163.61075,163.51225,163.52305,0,1786050124578,STALE
2026-07-28 12:00:00+00:00,163.52335,163.56975,163.49925,163.56175,0,1786050123678,STALE
2026-07-28 12:15:00+00:00,163.56185,163.58015,163.48565,163.49045,0,1786050122778,STALE
2026-07-28 12:30:00+00:00,163.49065,163.53565,163.47005,163.50025,0,1786050121878,STALE
2026-07-28 12:45:00+00:00,163.49705,163.53345,163.46955,163.49375,0,1786050120978,STALE
2026-07-28 13:00:00+00:00,163.49325,163.55975,163.48735,163.52365,0,1786050120078,STALE
2026-07-28 13:15:00+00:00,163.52395,163.53115,163.45505,163.47245,0,1786050119178,STALE
2026-07-28 13:30:00+00:00,163.47175,163.48565,163.44185,163.47405,0,1786050118278,STALE
2026-07-28 13:45:00+00:00,163.47435,163.50585,163.44385,163.45195,0,1786050117378,STALE
2026-07-28 14:00:00+00:00,163.45205,163.46215,163.38845,163.42195,0,1786050116478,STALE
2026-07-28 14:15:00+00:00,163.42145,163.51985,163.41885,163.51305,0,1786050115578,STALE
2026-07-28 14:30:00+00:00,163.51345,163.55765,163.46325,163.47435,0,1786050114678,STALE
2026-07-28 14:45:00+00:00,163.47455,163.53735,163.47375,163.48645,0,1786050113778,STALE
2026-07-28 15:00:00+00:00,163.48655,163.50195,163.44265,163.48205,0,1786050112878,STALE
2026-07-28 15:15:00+00:00,163.48245,163.52295,163.46685,163.48905,0,1786050111978,STALE
2026-07-28 15:30:00+00:00,163.48935,163.61865,163.48405,163.58065,0,1786050111078,STALE
2026-07-28 15:45:00+00:00,163.58095,163.61405,163.56575,163.58605,0,1786050110178,STALE
2026-07-28 16:00:00+00:00,163.58565,163.59615,163.52285,163.57475,0,1786050109278,STALE
2026-07-28 16:15:00+00:00,163.57505,163.60405,163.53695,163.57425,0,1786050108378,STALE
2026-07-28 16:30:00+00:00,163.57445,163.58505,163.51965,163.55745,0,1786050107478,STALE
2026-07-28 16:45:00+00:00,163.55765,163.58145,163.52995,163.55935,0,1786050106578,STALE
2026-07-28 17:00:00+00:00,163.55925,163.56325,163.46825,163.47265,0,1786050105678,STALE
2026-07-28 17:15:00+00:00,163.47245,163.55085,163.44995,163.54995,0,1786050104778,STALE
2026-07-28 17:30:00+00:00,163.55235,163.58615,163.52285,163.53685,0,1786050103878,STALE
2026-07-28 17:45:00+00:00,163.53565,163.56755,163.51165,163.55755,0,1786050102978,STALE
2026-07-28 18:00:00+00:00,163.55745,163.58065,163.53115,163.57385,0,1786050102078,STALE
2026-07-28 18:15:00+00:00,163.57345,163.60885,163.56015,163.60865,0,1786050101178,STALE
2026-07-28 18:30:00+00:00,163.60905,163.65715,163.59145,163.60295,0,1786050100278,STALE
2026-07-28 18:45:00+00:00,163.60325,163.64355,163.58245,163.61485,0,1786050099378,STALE
2026-07-28 19:00:00+00:00,163.61335,163.66845,163.60485,163.64515,0,1786050098478,STALE
2026-07-28 19:15:00+00:00,163.64455,163.71875,163.64115,163.70155,0,1786050097578,STALE
2026-07-28 19:30:00+00:00,163.70425,163.74875,163.69725,163.73325,0,1786050096678,STALE
2026-07-28 19:45:00+00:00,163.73345,163.74145,163.64495,163.66675,0,1786050095778,STALE
2026-07-28 20:00:00+00:00,163.66705,163.73055,163.65955,163.71045,0,1786050094878,STALE
2026-07-28 20:15:00+00:00,163.71075,163.72305,163.66675,163.68475,0,1786050093978,STALE
2026-07-28 20:30:00+00:00,163.68495,163.70805,163.64095,163.69215,0,1786050093078,STALE
2026-07-28 20:45:00+00:00,163.69185,163.69445,163.62855,163.67145,0,1786050092178,STALE
2026-07-28 21:00:00+00:00,163.67125,163.69995,163.64845,163.65805,0,1786050091278,STALE
2026-07-28 21:15:00+00:00,163.65845,163.73565,163.63725,163.65355,0,1786050090378,STALE
2026-07-28 21:30:00+00:00,163.65015,163.71815,163.62065,163.70495,0,1786050089478,STALE
2026-07-28 21:45:00+00:00,163.70545,163.77065,163.70085,163.75695,0,1786050088578,STALE
2026-07-28 22:00:00+00:00,163.75845,163.81405,163.71865,163.79815,0,1786050087678,STALE
2026-07-28 22:15:00+00:00,163.79905,163.90225,163.79545,163.87995,0,1786050086778,STALE
2026-07-28 22:30:00+00:00,163.88045,163.88205,163.79315,163.80745,0,1786050085878,STALE
2026-07-28 22:45:00+00:00,163.80675,163.84305,163.75525,163.80285,0,1786050084978,STALE
2026-07-28 23:00:00+00:00,163.80335,163.90235,163.78705,163.89965,0,1786050084078,STALE
2026-07-28 23:15:00+00:00,163.89935,163.96245,163.86865,163.96135,0,1786050083178,STALE
2026-07-28 23:30:00+00:00,163.96145,163.96965,163.88615,163.90375,0,1786050082278,STALE
2026-07-28 23:45:00+00:00,163.90325,163.91015,163.85085,163.88085,0,1786050081378,STALE
2026-07-29 00:00:00+00:00,163.88125,163.93055,163.86045,163.88975,0,1786050080478,STALE
2026-07-29 00:15:00+00:00,163.89145,163.90455,163.83515,163.84175,0,1786050079578,STALE
2026-07-29 00:30:00+00:00,163.84225,163.84615,163.80155,163.81885,0,1786050078678,STALE
2026-07-29 00:45:00+00:00,163.81855,163.88465,163.79285,163.82035,0,1786050077778,STALE
2026-07-29 01:00:00+00:00,163.82065,163.85205,163.75725,163.76215,0,1786050076878,STALE
2026-07-29 01:15:00+00:00,163.76315,163.88035,163.74045,163.87705,0,1786050075978,STALE
2026-07-29 01:30:00+00:00,163.87725,163.91765,163.85325,163.87975,0,1786050075078,STALE
2026-07-29 01:45:00+00:00,163.88025,163.89355,163.84125,163.88205,0,1786050074178,STALE
2026-07-29 02:00:00+00:00,163.88245,163.94385,163.87395,163.91925,0,1786050073278,STALE
2026-07-29 02:15:00+00:00,163.91905,163.93225,163.79225,163.79395,0,1786050072378,STALE
2026-07-29 02:30:00+00:00,163.79485,163.82785,163.74825,163.76325,0,1786050071478,STALE
2026-07-29 02:45:00+00:00,163.76305,163.80845,163.75175,163.80715,0,1786050070578,STALE
2026-07-29 03:00:00+00:00,163.80745,163.81585,163.75525,163.79125,0,1786050069678,STALE
2026-07-29 03:15:00+00:00,163.79085,163.82925,163.74545,163.77665,0,1786050068778,STALE
2026-07-29 03:30:00+00:00,163.77645,163.79565,163.71045,163.71465,0,1786050067878,STALE
2026-07-29 03:45:00+00:00,163.71635,163.74965,163.69915,163.70365,0,1786050066978,STALE
2026-07-29 04:00:00+00:00,163.70315,163.71525,163.62315,163.65035,0,1786050066078,STALE
2026-07-29 04:15:00+00:00,163.65005,163.68205,163.57175,163.57995,0,1786050065178,STALE
2026-07-29 04:30:00+00:00,163.57945,163.60765,163.53965,163.53965,0,1786050064278,STALE
2026-07-29 04:45:00+00:00,163.53855,163.60335,163.53665,163.58895,0,1786050063378,STALE
2026-07-29 05:00:00+00:00,163.58935,163.61195,163.55085,163.60325,0,1786050062478,STALE
2026-07-29 05:15:00+00:00,163.60845,163.64235,163.58695,163.62735,0,1786050061578,STALE
2026-07-29 05:30:00+00:00,163.62705,163.66525,163.59405,163.64485,0,1786050060678,STALE
2026-07-29 05:45:00+00:00,163.64515,163.70245,163.59475,163.66255,0,1786050059778,STALE
2026-07-29 06:00:00+00:00,163.66335,163.78515,163.64135,163.78115,0,1786050058878,STALE
2026-07-29 06:15:00+00:00,163.78165,163.79595,163.72735,163.77185,0,1786050057978,STALE
2026-07-29 06:30:00+00:00,163.77155,163.84265,163.74875,163.80455,0,1786050057078,STALE
2026-07-29 06:45:00+00:00,163.80465,163.90355,163.80465,163.87405,0,1786050056178,STALE
2026-07-29 07:00:00+00:00,163.87435,163.92175,163.82735,163.83315,0,1786050055278,STALE
2026-07-29 07:15:00+00:00,163.83215,163.90715,163.82965,163.90235,0,1786050054378,STALE
2026-07-29 07:30:00+00:00,163.90285,163.96095,163.90005,163.94455,0,1786050053478,STALE
2026-07-29 07:45:00+00:00,163.94495,163.98815,163.93095,163.97745,0,1786050052578,STALE
2026-07-29 08:00:00+00:00,163.97765,164.03905,163.94625,163.95805,0,1786050051678,STALE
2026-07-29 08:15:00+00:00,163.95785,163.98465,163.93505,163.95615,0,1786050050778,STALE
2026-07-29 08:30:00+00:00,163.95555,163.95745,163.89395,163.95575,0,1786050049878,STALE
2026-07-29 08:45:00+00:00,163.95615,163.98545,163.90575,163.98375,0,1786050048978,STALE
2026-07-29 09:00:00+00:00,163.98225,163.99365,163.86735,163.86735,0,1786050048078,STALE
2026-07-29 09:15:00+00:00,163.86725,163.87735,163.80445,163.80955,0,1786050047178,STALE
2026-07-29 09:30:00+00:00,163.80975,163.86195,163.78805,163.85895,0,1786050046278,STALE
2026-07-29 09:45:00+00:00,163.85875,163.88955,163.83135,163.84265,0,1786050045378,STALE
2026-07-29 10:00:00+00:00,163.84225,163.84545,163.77795,163.84195,0,1786050044478,STALE
2026-07-29 10:15:00+00:00,163.84235,163.84495,163.77075,163.78165,0,1786050043578,STALE
2026-07-29 10:30:00+00:00,163.78095,163.85305,163.77935,163.83775,0,1786050042678,STALE
2026-07-29 10:45:00+00:00,163.83745,163.84295,163.77085,163.79825,0,1786050041778,STALE
2026-07-29 11:00:00+00:00,163.80235,163.85485,163.79345,163.84265,0,1786050040878,STALE
2026-07-29 11:15:00+00:00,163.84175,163.84705,163.76555,163.77045,0,1786050039978,STALE
2026-07-29 11:30:00+00:00,163.77065,163.78575,163.71005,163.74125,0,1786050039078,STALE
2026-07-29 11:45:00+00:00,163.74145,163.78225,163.69755,163.77775,0,1786050038178,STALE
2026-07-29 12:00:00+00:00,163.77715,163.88505,163.77225,163.88375,0,1786050037278,STALE
2026-07-29 12:15:00+00:00,163.88345,163.96605,163.88065,163.95115,0,1786050036378,STALE
2026-07-29 12:30:00+00:00,163.95095,163.96535,163.88775,163.88775,0,1786050035478,STALE
2026-07-29 12:45:00+00:00,163.88725,163.88725,163.81215,163.84385,0,1786050034578,STALE
2026-07-29 13:00:00+00:00,163.84375,163.86865,163.77235,163.79515,0,1786050033678,STALE
2026-07-29 13:15:00+00:00,163.79425,163.80875,163.71205,163.77275,0,1786050032778,STALE
2026-07-29 13:30:00+00:00,163.77235,163.77625,163.71285,163.72445,0,1786050031878,STALE
2026-07-29 13:45:00+00:00,163.72395,163.79585,163.71475,163.76985,0,1786050030978,STALE
2026-07-29 14:00:00+00:00,163.77045,163.80065,163.73705,163.76905,0,1786050030078,STALE
2026-07-29 14:15:00+00:00,163.76865,163.78475,163.69145,163.71865,0,1786050029178,STALE
2026-07-29 14:30:00+00:00,163.71845,163.83415,163.68515,163.82535,0,1786050028278,STALE
2026-07-29 14:45:00+00:00,163.82575,163.86955,163.79275,163.85515,0,1786050027378,STALE
2026-07-29 15:00:00+00:00,163.85365,163.94395,163.84265,163.92155,0,1786050026478,STALE
2026-07-29 15:15:00+00:00,163.92115,163.94705,163.89105,163.91405,0,1786050025578,STALE
2026-07-29 15:30:00+00:00,163.91385,163.95065,163.89495,163.90605,0,1786050024678,STALE
2026-07-29 15:45:00+00:00,163.90635,163.93055,163.85185,163.85185,0,1786050023778,STALE
2026-07-29 16:00:00+00:00,163.85175,163.88605,163.82005,163.87595,0,1786050022878,STALE
2026-07-29 16:15:00+00:00,163.87635,163.88485,163.80125,163.86775,0,1786050021978,STALE
2026-07-29 16:30:00+00:00,163.86755,163.89075,163.84595,163.85795,0,1786050021078,STALE
2026-07-29 16:45:00+00:00,163.85815,163.89335,163.80995,163.88135,0,1786050020178,STALE
2026-07-29 17:00:00+00:00,163.88095,163.91415,163.84685,163.90845,0,1786050019278,STALE
2026-07-29 17:15:00+00:00,163.90865,163.95505,163.87905,163.95255,0,1786050018378,STALE
2026-07-29 17:30:00+00:00,163.95305,163.99035,163.91065,163.98685,0,1786050017478,STALE
2026-07-29 17:45:00+00:00,163.98705,164.00915,163.94485,163.98385,0,1786050016578,STALE
2026-07-29 18:00:00+00:00,163.98315,164.03405,163.96495,163.99815,0,1786050015678,STALE
2026-07-29 18:15:00+00:00,163.99835,164.00335,163.94895,163.94895,0,1786050014778,STALE
2026-07-29 18:30:00+00:00,163.94855,164.05255,163.94165,164.04005,0,1786050013878,STALE
2026-07-29 18:45:00+00:00,164.03925,164.04315,163.90745,163.93165,0,1786050012978,STALE
2026-07-29 19:00:00+00:00,163.93065,163.97365,163.92045,163.95255,0,1786050012078,STALE
2026-07-29 19:15:00+00:00,163.95285,163.98805,163.92045,163.92715,0,1786050011178,STALE
2026-07-29 19:30:00+00:00,163.92885,163.95475,163.87565,163.94085,0,1786050010278,STALE
2026-07-29 19:45:00+00:00,163.94035,164.03265,163.91795,164.00025,0,1786050009378,STALE
2026-07-29 20:00:00+00:00,164.00125,164.05525,163.99715,164.03665,0,1786050008478,STALE
2026-07-29 20:15:00+00:00,164.03705,164.10225,164.00465,164.10155,0,1786050007578,STALE
2026-07-29 20:30:00+00:00,164.10095,164.12485,164.08185,164.11095,0,1786050006678,STALE
2026-07-29 20:45:00+00:00,164.11135,164.15515,164.10735,164.11605,0,1786050005778,STALE
2026-07-29 21:00:00+00:00,164.11645,164.13525,164.03295,164.06735,0,1786050004878,STALE
2026-07-29 21:15:00+00:00,164.06705,164.08035,163.94005,163.94045,0,1786050003978,STALE
2026-07-29 21:30:00+00:00,163.94035,163.96665,163.90425,163.95365,0,1786050003078,STALE
2026-07-29 21:45:00+00:00,163.95345,164.01245,163.94265,163.99495,0,1786050002178,STALE
2026-07-29 22:00:00+00:00,163.99535,164.01335,163.97415,163.99945,0,1786050001278,STALE
2026-07-29 22:15:00+00:00,163.99915,164.04655,163.97575,164.00635,0,1786050000378,STALE
2026-07-29 22:30:00+00:00,164.00785,164.05035,163.97625,164.02985,0,1786049999478,STALE
2026-07-29 22:45:00+00:00,164.03065,164.10835,164.02965,164.09485,0,1786049998578,STALE
2026-07-29 23:00:00+00:00,164.09495,164.11045,164.03895,164.04475,0,1786049997678,STALE
2026-07-29 23:15:00+00:00,164.04495,164.08385,164.01955,164.06445,0,1786049996778,STALE
2026-07-29 23:30:00+00:00,164.06405,164.12425,164.05525,164.08705,0,1786049995878,STALE
2026-07-29 23:45:00+00:00,164.08585,164.09645,164.02935,164.04885,0,1786049994978,STALE
2026-07-30 00:00:00+00:00,164.04845,164.06855,164.01165,164.05305,0,1786049994078,STALE
2026-07-30 00:15:00+00:00,164.05265,164.12945,164.04315,164.09575,0,1786049993178,STALE
2026-07-30 00:30:00+00:00,164.09425,164.10415,164.03375,164.04305,0,1786049992278,STALE
2026-07-30 00:45:00+00:00,164.04355,164.12735,164.02175,164.12045,0,1786049991378,STALE
2026-07-30 01:00:00+00:00,164.12025,164.14925,164.08895,164.11765,0,1786049990478,STALE
2026-07-30 01:15:00+00:00,164.11665,164.15065,164.09375,164.14045,0,1786049989578,STALE
2026-07-30 01:30:00+00:00,164.14075,164.17875,164.12895,164.17875,0,1786049988678,STALE
2026-07-30 01:45:00+00:00,164.16825,164.21245,164.13785,164.21215,0,1786049987778,STALE
2026-07-30 02:00:00+00:00,164.21145,164.21605,164.12465,164.15205,0,1786049986878,STALE
2026-07-30 02:15:00+00:00,164.15285,164.15925,164.01085,164.01885,0,1786049985978,STALE
2026-07-30 02:30:00+00:00,164.01905,164.03925,163.92465,163.93015,0,1786049985078,STALE
2026-07-30 02:45:00+00:00,163.93045,163.95545,163.89415,163.89525,0,1786049984178,STALE
2026-07-30 03:00:00+00:00,163.89505,163.90025,163.79515,163.83265,0,1786049983278,STALE
2026-07-30 03:15:00+00:00,163.83275,163.84955,163.81055,163.83865,0,1786049982378,STALE
2026-07-30 03:30:00+00:00,163.83875,163.85095,163.80915,163.82655,0,1786049981478,STALE
2026-07-30 03:45:00+00:00,163.82565,163.87465,163.82405,163.84895,0,1786049980578,STALE
2026-07-30 04:00:00+00:00,163.84895,163.84895,163.50655,163.58255,0,1786049979678,STALE
2026-07-30 04:15:00+00:00,163.58235,163.60475,163.54955,163.55715,0,1786049978778,STALE
2026-07-30 04:30:00+00:00,163.55685,163.56505,163.42925,163.43335,0,1786049977878,STALE
2026-07-30 04:45:00+00:00,163.43365,163.44635,163.36525,163.41115,0,1786049976978,STALE
2026-07-30 05:00:00+00:00,163.41085,163.45345,163.38485,163.42375,0,1786049976078,STALE
2026-07-30 05:15:00+00:00,163.42245,163.44035,163.35045,163.35775,0,1786049975178,STALE
2026-07-30 05:30:00+00:00,163.35785,163.39395,163.32545,163.38125,0,1786049974278,STALE
2026-07-30 05:45:00+00:00,163.38165,163.39535,163.32915,163.39195,0,1786049973378,STALE
2026-07-30 06:00:00+00:00,163.39225,163.48675,163.38185,163.44775,0,1786049972478,STALE
2026-07-30 06:15:00+00:00,163.44815,163.47205,163.40055,163.41775,0,1786049971578,STALE
2026-07-30 06:30:00+00:00,163.41755,163.48155,163.39715,163.47235,0,1786049970678,STALE
2026-07-30 06:45:00+00:00,163.47215,163.51285,163.45665,163.47775,0,1786049969778,STALE
2026-07-30 07:00:00+00:00,163.47745,163.49245,163.43565,163.43715,0,1786049968878,STALE
2026-07-30 07:15:00+00:00,163.43665,163.43685,163.36255,163.38485,0,1786049967978,STALE
2026-07-30 07:30:00+00:00,163.38455,163.43375,163.35915,163.40545,0,1786049967078,STALE
2026-07-30 07:45:00+00:00,163.40515,163.41785,163.35785,163.38185,0,1786049966178,STALE
2026-07-30 08:00:00+00:00,163.38105,163.38465,163.24175,163.25575,0,1786049965278,STALE
2026-07-30 08:15:00+00:00,163.25625,163.26255,163.18475,163.20365,0,1786049964378,STALE
2026-07-30 08:30:00+00:00,163.20555,163.22035,163.14735,163.21515,0,1786049963478,STALE
2026-07-30 08:45:00+00:00,163.21525,163.27365,163.21105,163.24115,0,1786049962578,STALE
2026-07-30 09:00:00+00:00,163.24155,163.30245,163.23555,163.29445,0,1786049961678,STALE
2026-07-30 09:15:00+00:00,163.29625,163.29825,163.23295,163.25815,0,1786049960778,STALE
2026-07-30 09:30:00+00:00,163.25855,163.27505,163.20185,163.24115,0,1786049959878,STALE
2026-07-30 09:45:00+00:00,163.24165,163.24635,163.18975,163.23105,0,1786049958978,STALE
2026-07-30 10:00:00+00:00,163.23095,163.24735,163.16705,163.16705,0,1786049958078,STALE
2026-07-30 10:15:00+00:00,163.16665,163.20945,163.15225,163.18065,0,1786049957178,STALE
2026-07-30 10:30:00+00:00,163.18055,163.21425,163.14145,163.14165,0,1786049956278,STALE
2026-07-30 10:45:00+00:00,163.14075,163.14185,163.08645,163.10175,0,1786049955378,STALE
2026-07-30 11:00:00+00:00,163.10165,163.15915,163.06275,163.14245,0,1786049954478,STALE
2026-07-30 11:15:00+00:00,163.14235,163.15835,163.09635,163.12675,0,1786049953578,STALE
2026-07-30 11:30:00+00:00,163.12665,163.14445,163.10545,163.12655,0,1786049952678,STALE
2026-07-30 11:45:00+00:00,163.12635,163.14005,163.08335,163.09985,0,1786049951778,STALE
2026-07-30 12:00:00+00:00,163.09815,163.11065,163.04165,163.11035,0,1786049950878,STALE
2026-07-30 12:15:00+00:00,163.10935,163.11725,163.05845,163.11655,0,1786049949978,STALE
2026-07-30 12:30:00+00:00,163.11535,163.16005,163.10775,163.11365,0,1786049949078,STALE
2026-07-30 12:45:00+00:00,163.11375,163.27215,163.10285,163.23725,0,1786049948178,STALE
2026-07-30 13:00:00+00:00,163.23655,163.26785,163.21225,163.24375,0,1786049947278,STALE
2026-07-30 13:15:00+00:00,163.24325,163.28835,163.23205,163.26045,0,1786049946378,STALE
2026-07-30 13:30:00+00:00,163.26055,163.35095,163.25695,163.31455,0,1786049945478,STALE
2026-07-30 13:45:00+00:00,163.31495,163.34175,163.26875,163.27435,0,1786049944578,STALE
2026-07-30 14:00:00+00:00,163.27475,163.28135,163.21055,163.24715,0,1786049943678,STALE
2026-07-30 14:15:00+00:00,163.24545,163.25525,163.19845,163.23055,0,1786049942778,STALE
2026-07-30 14:30:00+00:00,163.22995,163.24315,163.16175,163.23595,0,1786049941878,STALE
2026-07-30 14:45:00+00:00,163.23455,163.32525,163.22885,163.25495,0,1786049940978,STALE
2026-07-30 15:00:00+00:00,163.25535,163.31175,163.25535,163.30385,0,1786049940078,STALE
2026-07-30 15:15:00+00:00,163.30375,163.38885,163.28035,163.37395,0,1786049939178,STALE
2026-07-30 15:30:00+00:00,163.37445,163.41425,163.33735,163.41285,0,1786049938278,STALE
2026-07-30 15:45:00+00:00,163.41265,163.48975,163.38755,163.47715,0,1786049937378,STALE
2026-07-30 16:00:00+00:00,163.47755,163.58305,163.47405,163.58175,0,1786049936478,STALE
2026-07-30 16:15:00+00:00,163.58115,163.61415,163.54845,163.55125,0,1786049935578,STALE
2026-07-30 16:30:00+00:00,163.55095,163.59205,163.52135,163.54515,0,1786049934678,STALE
2026-07-30 16:45:00+00:00,163.54475,163.66465,163.54235,163.65355,0,1786049933778,STALE
2026-07-30 17:00:00+00:00,163.65325,163.67735,163.59245,163.61035,0,1786049932878,STALE
2026-07-30 17:15:00+00:00,163.61005,163.67265,163.60545,163.62655,0,1786049931978,STALE
2026-07-30 17:30:00+00:00,163.62675,163.67435,163.62425,163.66895,0,1786049931078,STALE
2026-07-30 17:45:00+00:00,163.66885,163.70925,163.66225,163.68425,0,1786049930178,STALE
2026-07-30 18:00:00+00:00,163.68415,163.78575,163.66815,163.77435,0,1786049929278,STALE
2026-07-30 18:15:00+00:00,163.77455,163.78205,163.73195,163.73205,0,1786049928378,STALE
2026-07-30 18:30:00+00:00,163.73195,163.83315,163.72845,163.81645,0,1786049927478,STALE
2026-07-30 18:45:00+00:00,163.81635,163.82995,163.76015,163.78195,0,1786049926578,STALE
2026-07-30 19:00:00+00:00,163.78175,163.80035,163.73875,163.75455,0,1786049925678,STALE
2026-07-30 19:15:00+00:00,163.75375,163.83465,163.73615,163.81485,0,1786049924778,STALE
2026-07-30 19:30:00+00:00,163.81445,163.84785,163.77365,163.81025,0,1786049923878,STALE
2026-07-30 19:45:00+00:00,163.80975,163.86125,163.78185,163.78495,0,1786049922978,STALE
2026-07-30 20:00:00+00:00,163.78535,163.78595,163.68615,163.70975,0,1786049922078,STALE
2026-07-30 20:15:00+00:00,163.70965,163.76235,163.70025,163.74825,0,1786049921178,STALE
2026-07-30 20:30:00+00:00,163.74795,163.74915,163.69175,163.71925,0,1786049920278,STALE
2026-07-30 20:45:00+00:00,163.72015,163.75865,163.69775,163.71445,0,1786049919378,STALE
2026-07-30 21:00:00+00:00,163.71495,163.73615,163.68945,163.70525,0,1786049918478,STALE
2026-07-30 21:15:00+00:00,163.70485,163.75905,163.69025,163.71865,0,1786049917578,STALE
2026-07-30 21:30:00+00:00,163.71915,163.75345,163.65765,163.66475,0,1786049916678,STALE
2026-07-30 21:45:00+00:00,163.66465,163.66905,163.61535,163.62305,0,1786049915778,STALE
2026-07-30 22:00:00+00:00,163.62275,163.63275,163.58695,163.61635,0,1786049914878,STALE
2026-07-30 22:15:00+00:00,163.61555,163.65335,163.57595,163.57825,0,1786049913978,STALE
2026-07-30 22:30:00+00:00,163.57785,163.65185,163.54925,163.64205,0,1786049913078,STALE
2026-07-30 22:45:00+00:00,163.64215,163.69625,163.62455,163.67015,0,1786049912178,STALE
2026-07-30 23:00:00+00:00,163.67035,163.68585,163.62045,163.62295,0,1786049911278,STALE
2026-07-30 23:15:00+00:00,163.62305,163.64775,163.54825,163.55275,0,1786049910378,STALE
2026-07-30 23:30:00+00:00,163.55315,163.59265,163.53325,163.54375,0,1786049909478,STALE
2026-07-30 23:45:00+00:00,163.54335,163.61835,163.51225,163.61315,0,1786049908578,STALE
2026-07-31 00:00:00+00:00,163.61355,163.67135,163.60125,163.65665,0,1786049907678,STALE
2026-07-31 00:15:00+00:00,163.65445,163.70655,163.65125,163.68925,0,1786049906778,STALE
2026-07-31 00:30:00+00:00,163.68885,163.70855,163.65885,163.69565,0,1786049905878,STALE
2026-07-31 00:45:00+00:00,163.69605,163.70095,163.63735,163.66205,0,1786049904978,STALE
2026-07-31 01:00:00+00:00,163.66215,163.73715,163.63965,163.72985,0,1786049904078,STALE
2026-07-31 01:15:00+00:00,163.73035,163.77455,163.72355,163.72575,0,1786049903178,STALE
2026-07-31 01:30:00+00:00,163.72565,163.77085,163.70745,163.71505,0,1786049902278,STALE
2026-07-31 01:45:00+00:00,163.71525,163.77535,163.70625,163.77155,0,1786049901378,STALE
2026-07-31 02:00:00+00:00,163.77235,163.83755,163.76745,163.80695,0,1786049900478,STALE
2026-07-31 02:15:00+00:00,163.80955,163.84265,163.76485,163.77155,0,1786049899578,STALE
2026-07-31 02:30:00+00:00,163.77185,163.77955,163.71685,163.72245,0,1786049898678,STALE
2026-07-31 02:45:00+00:00,163.72205,163.74735,163.68835,163.74325,0,1786049897778,STALE
2026-07-31 03:00:00+00:00,163.74505,163.79845,163.72185,163.79085,0,1786049896878,STALE
2026-07-31 03:15:00+00:00,163.79045,163.86735,163.75505,163.83185,0,1786049895978,STALE
2026-07-31 03:30:00+00:00,163.83215,163.86675,163.81075,163.85675,0,1786049895078,STALE
2026-07-31 03:45:00+00:00,163.85735,163.96395,163.84545,163.95835,0,1786049894178,STALE
2026-07-31 04:00:00+00:00,163.95845,163.99405,163.91605,163.99225,0,1786049893278,STALE
2026-07-31 04:15:00+00:00,163.99325,164.05125,163.97325,164.00235,0,1786049892378,STALE
2026-07-31 04:30:00+00:00,164.00305,164.03775,163.98015,164.00855,0,1786049891478,STALE
2026-07-31 04:45:00+00:00,164.00825,164.01665,163.94715,163.97345,0,1786049890578,STALE
2026-07-31 05:00:00+00:00,163.97415,163.98585,163.91535,163.91535,0,1786049889678,STALE
2026-07-31 05:15:00+00:00,163.91515,163.96705,163.91255,163.92375,0,1786049888778,STALE
2026-07-31 05:30:00+00:00,163.92305,163.96145,163.91405,163.94995,0,1786049887878,STALE
2026-07-31 05:45:00+00:00,163.95015,163.95785,163.87975,163.90185,0,1786049886978,STALE
2026-07-31 06:00:00+00:00,163.90135,163.97665,163.88765,163.91875,0,1786049886078,STALE
2026-07-31 06:15:00+00:00,163.91835,163.93945,163.78445,163.81625,0,1786049885178,STALE
2026-07-31 06:30:00+00:00,163.81705,163.91235,163.78595,163.89225,0,1786049884278,STALE
2026-07-31 06:45:00+00:00,163.90265,163.96335,163.87855,163.90255,0,1786049883378,STALE
2026-07-31 07:00:00+00:00,163.90895,163.99605,163.88395,163.98985,0,1786049882478,STALE
2026-07-31 07:15:00+00:00,163.98945,164.08155,163.96545,163.97225,0,1786049881578,STALE
2026-07-31 07:30:00+00:00,163.97055,163.97735,163.86305,163.89395,0,1786049880678,STALE
2026-07-31 07:45:00+00:00,163.89355,163.92335,163.79935,163.81525,0,1786049879778,STALE
2026-07-31 08:00:00+00:00,163.81545,163.81585,163.69395,163.73485,0,1786049878878,STALE
2026-07-31 08:15:00+00:00,163.73465,163.75325,163.67065,163.73455,0,1786049877978,STALE
2026-07-31 08:30:00+00:00,163.73405,163.76425,163.63315,163.69355,0,1786049877078,STALE
2026-07-31 08:45:00+00:00,163.69255,163.74575,163.61585,163.64585,0,1786049876178,STALE
2026-07-31 09:00:00+00:00,163.64545,163.71125,163.61675,163.66375,0,1786049875278,STALE
2026-07-31 09:15:00+00:00,163.66305,163.76205,163.62735,163.71875,0,1786049874378,STALE
2026-07-31 09:30:00+00:00,163.71905,163.77955,163.69295,163.74325,0,1786049873478,STALE
2026-07-31 09:45:00+00:00,163.74305,163.78695,163.71275,163.77245,0,1786049872578,STALE
2026-07-31 10:00:00+00:00,163.77275,163.78115,163.67035,163.67215,0,1786049871678,STALE
2026-07-31 10:15:00+00:00,163.67175,163.76185,163.65135,163.73085,0,1786049870778,STALE
2026-07-31 10:30:00+00:00,163.73045,163.75725,163.65025,163.65925,0,1786049869878,STALE
2026-07-31 10:45:00+00:00,163.65885,163.69255,163.59805,163.61085,0,1786049868978,STALE
2026-07-31 11:00:00+00:00,163.60575,163.61185,163.50445,163.51875,0,1786049868078,STALE
2026-07-31 11:15:00+00:00,163.51905,163.55545,163.45825,163.48115,0,1786049867178,STALE
2026-07-31 11:30:00+00:00,163.48085,163.56305,163.46325,163.55885,0,1786049866278,STALE
2026-07-31 11:45:00+00:00,163.56055,163.59285,163.48415,163.51845,0,1786049865378,STALE
2026-07-31 12:00:00+00:00,163.51865,163.57975,163.49845,163.51145,0,1786049864478,STALE
2026-07-31 12:15:00+00:00,163.51185,163.51405,163.33405,163.37115,0,1786049863578,STALE
2026-07-31 12:30:00+00:00,163.37095,163.38655,163.28365,163.36705,0,1786049862678,STALE
2026-07-31 12:45:00+00:00,163.36775,163.52715,163.35295,163.48155,0,1786049861778,STALE
2026-07-31 13:00:00+00:00,163.48095,163.50825,163.41945,163.44015,0,1786049860878,STALE
2026-07-31 13:15:00+00:00,163.43885,163.46855,163.35915,163.40665,0,1786049859978,STALE
2026-07-31 13:30:00+00:00,163.40605,163.47005,163.34625,163.45465,0,1786049859078,STALE
2026-07-31 13:45:00+00:00,163.46005,163.51315,163.43595,163.47175,0,1786049858178,STALE
2026-07-31 14:00:00+00:00,163.47405,163.56015,163.40745,163.41465,0,1786049857278,STALE
2026-07-31 14:15:00+00:00,163.41225,163.42455,163.33915,163.39225,0,1786049856378,STALE
2026-07-31 14:30:00+00:00,163.39205,163.46375,163.36385,163.45405,0,1786049855478,STALE
2026-07-31 14:45:00+00:00,163.45445,163.52255,163.38725,163.49165,0,1786049854578,STALE
2026-07-31 15:00:00+00:00,163.49215,163.61365,163.43665,163.60275,0,1786049853678,STALE
2026-07-31 15:15:00+00:00,163.60195,163.74645,163.58415,163.72105,0,1786049852778,STALE
2026-07-31 15:30:00+00:00,163.72115,163.76745,163.69895,163.73705,0,1786049851878,STALE
2026-07-31 15:45:00+00:00,163.73745,163.77145,163.70785,163.71715,0,1786049850978,STALE
2026-07-31 16:00:00+00:00,163.71795,163.73905,163.57225,163.59645,0,1786049850078,STALE
2026-07-31 16:15:00+00:00,163.59675,163.61575,163.54625,163.56615,0,1786049849178,STALE
2026-07-31 16:30:00+00:00,163.56595,163.63705,163.51495,163.62545,0,1786049848278,STALE
2026-07-31 16:45:00+00:00,163.61785,163.63105,163.45495,163.50955,0,1786049847378,STALE
2026-07-31 17:00:00+00:00,163.50905,163.52765,163.42525,163.45895,0,1786049846478,STALE
2026-07-31 17:15:00+00:00,163.46105,163.57985,163.44605,163.57255,0,1786049845578,STALE
2026-07-31 17:30:00+00:00,163.57385,163.59135,163.43025,163.44425,0,1786049844678,STALE
2026-07-31 17:45:00+00:00,163.44275,163.45885,163.35665,163.35755,0,1786049843778,STALE
2026-07-31 18:00:00+00:00,163.36215,163.38015,163.28445,163.34995,0,1786049842878,STALE
2026-07-31 18:15:00+00:00,163.34985,163.35675,163.27855,163.29865,0,1786049841978,STALE
2026-07-31 18:30:00+00:00,163.29825,163.32005,163.22585,163.31385,0,1786049841078,STALE
2026-07-31 18:45:00+00:00,163.31405,163.34355,163.25445,163.31505,0,1786049840178,STALE
2026-07-31 19:00:00+00:00,163.31515,163.33885,163.16655,163.20255,0,1786049839278,STALE
2026-07-31 19:15:00+00:00,163.20265,163.31455,163.19195,163.27315,0,1786049838378,STALE
2026-07-31 19:30:00+00:00,163.27365,163.37515,163.24315,163.26595,0,1786049837478,STALE
2026-07-31 19:45:00+00:00,163.26575,163.38795,163.25605,163.35105,0,1786049836578,STALE
2026-07-31 20:00:00+00:00,163.35115,163.40585,163.31815,163.40535,0,1786049835678,STALE
2026-07-31 20:15:00+00:00,163.40505,163.48325,163.36525,163.43915,0,1786049834778,STALE
2026-07-31 20:30:00+00:00,163.43585,163.52225,163.43305,163.44085,0,1786049833878,STALE
2026-07-31 20:45:00+00:00,163.44065,163.53785,163.39685,163.52055,0,1786049832978,STALE
2026-07-31 21:00:00+00:00,163.51945,163.55625,163.49525,163.50335,0,1786049832078,STALE
2026-07-31 21:15:00+00:00,163.50385,163.53525,163.46035,163.52935,0,1786049831178,STALE
2026-07-31 21:30:00+00:00,163.52945,163.53405,163.40625,163.43535,0,1786049830278,STALE
2026-07-31 21:45:00+00:00,163.43575,163.47565,163.35145,163.47305,0,1786049829378,STALE
2026-07-31 22:00:00+00:00,163.47325,163.50855,163.43655,163.49945,0,1786049828478,STALE
2026-07-31 22:15:00+00:00,163.50015,163.52105,163.37645,163.38325,0,1786049827578,STALE
2026-07-31 22:30:00+00:00,163.38365,163.40725,163.26275,163.31515,0,1786049826678,STALE
2026-07-31 22:45:00+00:00,163.31755,163.34875,163.24745,163.25365,0,1786049825778,STALE
2026-07-31 23:00:00+00:00,163.25465,163.35745,163.25395,163.28805,0,1786049824878,STALE
2026-07-31 23:15:00+00:00,163.28775,163.42225,163.27625,163.36145,0,1786049823978,STALE
2026-07-31 23:30:00+00:00,163.36155,163.38845,163.26065,163.27725,0,1786049823078,STALE
2026-07-31 23:45:00+00:00,163.27745,163.35115,163.26455,163.30975,0,1786049822178,STALE
2026-08-01 00:00:00+00:00,163.30995,163.32565,163.26265,163.29705,0,1786049821278,STALE
2026-08-01 00:15:00+00:00,163.29675,163.32265,163.21945,163.26185,0,1786049820378,STALE
2026-08-01 00:30:00+00:00,163.26205,163.38395,163.25615,163.37095,0,1786049819478,STALE
2026-08-01 00:45:00+00:00,163.37355,163.45665,163.36035,163.38005,0,1786049818578,STALE
2026-08-01 01:00:00+00:00,163.37965,163.43315,163.26715,163.27345,0,1786049817678,STALE
2026-08-01 01:15:00+00:00,163.27315,163.27895,163.17935,163.18685,0,1786049816778,STALE
2026-08-01 01:30:00+00:00,163.18655,163.19605,163.07405,163.11835,0,1786049815878,STALE
2026-08-01 01:45:00+00:00,163.11455,163.20225,163.10725,163.15515,0,1786049814978,STALE
2026-08-01 02:00:00+00:00,163.15545,163.20005,163.11425,163.15815,0,1786049814078,STALE
2026-08-01 02:15:00+00:00,163.15925,163.19385,163.03725,163.07725,0,1786049813178,STALE
2026-08-01 02:30:00+00:00,163.07695,163.10065,163.00235,163.01485,0,1786049812278,STALE
2026-08-01 02:45:00+00:00,163.01345,163.10905,163.00865,163.08215,0,1786049811378,STALE
2026-08-01 03:00:00+00:00,163.08225,163.13555,163.03865,163.10115,0,1786049810478,STALE
2026-08-01 03:15:00+00:00,163.10095,163.10735,162.93375,162.93635,0,1786049809578,STALE
2026-08-01 03:30:00+00:00,162.93625,163.05355,162.93415,162.95075,0,1786049808678,STALE
2026-08-01 03:45:00+00:00,162.95035,163.00355,162.88195,162.88265,0,1786049807778,STALE
2026-08-01 04:00:00+00:00,162.88165,162.91555,162.85015,162.87645,0,1786049806878,STALE
2026-08-01 04:15:00+00:00,162.87745,162.89495,162.83265,162.86325,0,1786049805978,STALE
2026-08-01 04:30:00+00:00,162.86355,162.87885,162.76385,162.80425,0,1786049805078,STALE
2026-08-01 04:45:00+00:00,162.80655,162.88815,162.80115,162.87725,0,1786049804178,STALE
2026-08-01 05:00:00+00:00,162.87795,163.04605,162.86975,163.03855,0,1786049803278,STALE
2026-08-01 05:15:00+00:00,163.03785,163.17785,163.02905,163.16215,0,1786049802378,STALE
2026-08-01 05:30:00+00:00,163.16285,163.28585,163.16055,163.24275,0,1786049801478,STALE
2026-08-01 05:45:00+00:00,163.24355,163.28365,163.18525,163.21225,0,1786049800578,STALE
2026-08-01 06:00:00+00:00,163.21195,163.23455,163.07245,163.12665,0,1786049799678,STALE
2026-08-01 06:15:00+00:00,163.12695,163.20515,163.11745,163.19915,0,1786049798778,STALE
2026-08-01 06:30:00+00:00,163.20035,163.20705,163.09135,163.12115,0,1786049797878,STALE
2026-08-01 06:45:00+00:00,163.11685,163.14925,163.07895,163.09515,0,1786049796978,STALE
2026-08-01 07:00:00+00:00,163.09495,163.11715,163.01595,163.08135,0,1786049796078,STALE
2026-08-01 07:15:00+00:00,163.08115,163.17635,163.07555,163.14845,0,1786049795178,STALE
2026-08-01 07:30:00+00:00,163.14835,163.19455,163.09255,163.16995,0,1786049794278,STALE
2026-08-01 07:45:00+00:00,163.16965,163.21095,163.14825,163.15645,0,1786049793378,STALE
2026-08-01 08:00:00+00:00,163.15685,163.19495,163.10705,163.17295,0,1786049792478,STALE
2026-08-01 08:15:00+00:00,163.17335,163.25855,163.14205,163.24715,0,1786049791578,STALE
2026-08-01 08:30:00+00:00,163.24745,163.31535,163.23665,163.30075,0,1786049790678,STALE
2026-08-01 08:45:00+00:00,163.30055,163.32745,163.20835,163.21175,0,1786049789778,STALE
2026-08-01 09:00:00+00:00,163.21225,163.25995,163.18705,163.24305,0,1786049788878,STALE
2026-08-01 09:15:00+00:00,163.24325,163.25295,163.14275,163.17845,0,1786049787978,STALE
2026-08-01 09:30:00+00:00,163.17825,163.31895,163.17095,163.30695,0,1786049787078,STALE
2026-08-01 09:45:00+00:00,163.30745,163.38185,163.29195,163.37305,0,1786049786178,STALE
2026-08-01 10:00:00+00:00,163.37335,163.40745,163.32715,163.32725,0,1786049785278,STALE
2026-08-01 10:15:00+00:00,163.32745,163.36545,163.29795,163.34515,0,1786049784378,STALE
2026-08-01 10:30:00+00:00,163.34535,163.38695,163.29095,163.37655,0,1786049783478,STALE
2026-08-01 10:45:00+00:00,163.37665,163.38285,163.24085,163.27115,0,1786049782578,STALE
2026-08-01 11:00:00+00:00,163.27325,163.34945,163.27025,163.34395,0,1786049781678,STALE
2026-08-01 11:15:00+00:00,163.34315,163.40435,163.32095,163.40185,0,1786049780778,STALE
2026-08-01 11:30:00+00:00,163.40285,163.56325,163.38575,163.55435,0,1786049779878,STALE
2026-08-01 11:45:00+00:00,163.55785,163.62925,163.49465,163.60785,0,1786049778978,STALE
2026-08-01 12:00:00+00:00,163.60765,163.61115,163.44945,163.50575,0,1786049778078,STALE
2026-08-01 12:15:00+00:00,163.50555,163.57955,163.48195,163.51595,0,1786049777178,STALE
2026-08-01 12:30:00+00:00,163.51585,163.52045,163.39105,163.48575,0,1786049776278,STALE
2026-08-01 12:45:00+00:00,163.48555,163.51475,163.44725,163.48675,0,1786049775378,STALE
2026-08-01 13:00:00+00:00,163.48645,163.59225,163.48235,163.54965,0,1786049774478,STALE
2026-08-01 13:15:00+00:00,163.55045,163.60165,163.51995,163.53825,0,1786049773578,STALE
2026-08-01 13:30:00+00:00,163.53785,163.56555,163.48255,163.49385,0,1786049772678,STALE
2026-08-01 13:45:00+00:00,163.49455,163.54265,163.38055,163.38735,0,1786049771778,STALE
2026-08-01 14:00:00+00:00,163.38915,163.49785,163.38865,163.40695,0,1786049770878,STALE
2026-08-01 14:15:00+00:00,163.40665,163.44795,163.33795,163.44275,0,1786049769978,STALE
2026-08-01 14:30:00+00:00,163.44245,163.56715,163.41905,163.45355,0,1786049769078,STALE
2026-08-01 14:45:00+00:00,163.45385,163.52425,163.38505,163.45585,0,1786049768178,STALE
2026-08-01 15:00:00+00:00,163.45635,163.49295,163.43665,163.46435,0,1786049767278,STALE
2026-08-01 15:15:00+00:00,163.46475,163.49595,163.33885,163.36775,0,1786049766378,STALE
2026-08-01 15:30:00+00:00,163.36815,163.50865,163.36225,163.48115,0,1786049765478,STALE
2026-08-01 15:45:00+00:00,163.48025,163.49835,163.41885,163.47815,0,1786049764578,STALE
2026-08-01 16:00:00+00:00,163.47865,163.50875,163.41295,163.42875,0,1786049763678,STALE
2026-08-01 16:15:00+00:00,163.42795,163.46185,163.38515,163.39085,0,1786049762778,STALE
2026-08-01 16:30:00+00:00,163.39105,163.39105,163.27765,163.31325,0,1786049761878,STALE
2026-08-01 16:45:00+00:00,163.31345,163.34055,163.19695,163.19905,0,1786049760978,STALE
2026-08-01 17:00:00+00:00,163.20015,163.20595,163.05695,163.07195,0,1786049760078,STALE
2026-08-01 17:15:00+00:00,163.07325,163.13045,163.03075,163.12295,0,1786049759178,STALE
2026-08-01 17:30:00+00:00,163.12305,163.18215,163.09105,163.14455,0,1786049758278,STALE
2026-08-01 17:45:00+00:00,163.14525,163.21935,163.12225,163.21935,0,1786049757378,STALE
2026-08-01 18:00:00+00:00,163.21955,163.25445,163.11975,163.13455,0,1786049756478,STALE
2026-08-01 18:15:00+00:00,163.13485,163.24505,163.09795,163.23505,0,1786049755578,STALE
2026-08-01 18:30:00+00:00,163.23515,163.24585,163.10965,163.17075,0,1786049754678,STALE
2026-08-01 18:45:00+00:00,163.17255,163.29495,163.13915,163.26765,0,1786049753778,STALE
2026-08-01 19:00:00+00:00,163.26785,163.34425,163.22015,163.22875,0,1786049752878,STALE
2026-08-01 19:15:00+00:00,163.22895,163.26505,163.20875,163.21035,0,1786049751978,STALE
2026-08-01 19:30:00+00:00,163.20915,163.25515,163.18595,163.21255,0,1786049751078,STALE
2026-08-01 19:45:00+00:00,163.21135,163.24815,163.17525,163.17915,0,1786049750178,STALE
2026-08-01 20:00:00+00:00,163.18405,163.23545,163.14435,163.18235,0,1786049749278,STALE
2026-08-01 20:15:00+00:00,163.18215,163.25345,163.14075,163.25005,0,1786049748378,STALE
2026-08-01 20:30:00+00:00,163.24955,163.25205,163.11245,163.11655,0,1786049747478,STALE
2026-08-01 20:45:00+00:00,163.11695,163.22225,163.09215,163.20605,0,1786049746578,STALE
2026-08-01 21:00:00+00:00,163.20655,163.29675,163.20155,163.28385,0,1786049745678,STALE
2026-08-01 21:15:00+00:00,163.28485,163.35845,163.27205,163.35615,0,1786049744778,STALE
2026-08-01 21:30:00+00:00,163.35605,163.48005,163.35605,163.46125,0,1786049743878,STALE
2026-08-01 21:45:00+00:00,163.46175,163.57315,163.45595,163.52325,0,1786049742978,STALE
2026-08-01 22:00:00+00:00,163.52265,163.59905,163.48955,163.50735,0,1786049742078,STALE
2026-08-01 22:15:00+00:00,163.50775,163.55795,163.47755,163.54935,0,1786049741178,STALE
2026-08-01 22:30:00+00:00,163.54965,163.55775,163.45505,163.48775,0,1786049740278,STALE
2026-08-01 22:45:00+00:00,163.48735,163.51315,163.41705,163.44365,0,1786049739378,STALE
2026-08-01 23:00:00+00:00,163.44375,163.47655,163.42065,163.43855,0,1786049738478,STALE
2026-08-01 23:15:00+00:00,163.43865,163.45815,163.35425,163.38455,0,1786049737578,STALE
2026-08-01 23:30:00+00:00,163.38505,163.45165,163.38195,163.38555,0,1786049736678,STALE
2026-08-01 23:45:00+00:00,163.38605,163.55225,163.38125,163.53705,0,1786049735778,STALE
2026-08-02 00:00:00+00:00,163.53695,163.55715,163.48575,163.53305,0,1786049734878,STALE
2026-08-02 00:15:00+00:00,163.53355,163.59155,163.46665,163.47475,0,1786049733978,STALE
2026-08-02 00:30:00+00:00,163.47515,163.55465,163.47275,163.52815,0,1786049733078,STALE
2026-08-02 00:45:00+00:00,163.52795,163.57185,163.48815,163.51995,0,1786049732178,STALE
2026-08-02 01:00:00+00:00,163.52005,163.55105,163.47005,163.50365,0,1786049731278,STALE
2026-08-02 01:15:00+00:00,163.50315,163.53725,163.38175,163.39235,0,1786049730378,STALE
2026-08-02 01:30:00+00:00,163.39295,163.45625,163.34055,163.41845,0,1786049729478,STALE
2026-08-02 01:45:00+00:00,163.41815,163.43645,163.36065,163.36255,0,1786049728578,STALE
2026-08-02 02:00:00+00:00,163.36235,163.37215,163.25885,163.32415,0,1786049727678,STALE
2026-08-02 02:15:00+00:00,163.32385,163.38355,163.28275,163.37575,0,1786049726778,STALE
2026-08-02 02:30:00+00:00,163.37525,163.40185,163.28435,163.29245,0,1786049725878,STALE
2026-08-02 02:45:00+00:00,163.29445,163.35455,163.23075,163.23105,0,1786049724978,STALE
2026-08-02 03:00:00+00:00,163.23075,163.25535,163.15555,163.24955,0,1786049724078,STALE
2026-08-02 03:15:00+00:00,163.25015,163.33005,163.22515,163.25505,0,1786049723178,STALE
2026-08-02 03:30:00+00:00,163.25435,163.26695,163.16915,163.19915,0,1786049722278,STALE
2026-08-02 03:45:00+00:00,163.19885,163.32465,163.15835,163.31075,0,1786049721378,STALE
2026-08-02 04:00:00+00:00,163.30995,163.50035,163.30835,163.47705,0,1786049720478,STALE
2026-08-02 04:15:00+00:00,163.47725,163.48625,163.35495,163.37965,0,1786049719578,STALE
2026-08-02 04:30:00+00:00,163.37945,163.39235,163.14035,163.16675,0,1786049718678,STALE
2026-08-02 04:45:00+00:00,163.16635,163.21735,163.12145,163.20665,0,1786049717778,STALE
2026-08-02 05:00:00+00:00,163.20635,163.29635,163.19085,163.24115,0,1786049716878,STALE
2026-08-02 05:15:00+00:00,163.24125,163.30715,163.20465,163.27215,0,1786049715978,STALE
2026-08-02 05:30:00+00:00,163.27185,163.34535,163.26525,163.33365,0,1786049715078,STALE
2026-08-02 05:45:00+00:00,163.33245,163.37055,163.30745,163.37005,0,1786049714178,STALE
2026-08-02 06:00:00+00:00,163.37015,163.38115,163.24965,163.33895,0,1786049713278,STALE
2026-08-02 06:15:00+00:00,163.33885,163.36015,163.30875,163.32855,0,1786049712378,STALE
2026-08-02 06:30:00+00:00,163.32945,163.37845,163.28565,163.33705,0,1786049711478,STALE
2026-08-02 06:45:00+00:00,163.33595,163.36055,163.23545,163.25005,0,1786049710578,STALE
2026-08-02 07:00:00+00:00,163.25105,163.27905,163.18695,163.27885,0,1786049709678,STALE
2026-08-02 07:15:00+00:00,163.27915,163.35245,163.26105,163.35155,0,1786049708778,STALE
2026-08-02 07:30:00+00:00,163.35165,163.40465,163.28445,163.39595,0,1786049707878,STALE
2026-08-02 07:45:00+00:00,163.39635,163.55325,163.39525,163.54985,0,1786049706978,STALE
2026-08-02 08:00:00+00:00,163.55015,163.57165,163.47095,163.51905,0,1786049706078,STALE
2026-08-02 08:15:00+00:00,163.52095,163.56025,163.47595,163.54615,0,1786049705178,STALE
2026-08-02 08:30:00+00:00,163.54595,163.60055,163.53935,163.59365,0,1786049704278,STALE
2026-08-02 08:45:00+00:00,163.59375,163.67565,163.58865,163.61565,0,1786049703378,STALE
2026-08-02 09:00:00+00:00,163.61605,163.65685,163.56885,163.57325,0,1786049702478,STALE
2026-08-02 09:15:00+00:00,163.57375,163.73855,163.57165,163.67945,0,1786049701578,STALE
2026-08-02 09:30:00+00:00,163.67965,163.69555,163.58465,163.59425,0,1786049700678,STALE
2026-08-02 09:45:00+00:00,163.59455,163.75495,163.57975,163.62595,0,1786049699778,STALE
2026-08-02 10:00:00+00:00,163.62475,163.62795,163.49585,163.50405,0,1786049698878,STALE
2026-08-02 10:15:00+00:00,163.50455,163.52425,163.44195,163.44905,0,1786049697978,STALE
2026-08-02 10:30:00+00:00,163.44865,163.51145,163.41075,163.48295,0,1786049697078,STALE
2026-08-02 10:45:00+00:00,163.48355,163.51245,163.43935,163.50045,0,1786049696178,STALE
2026-08-02 11:00:00+00:00,163.49965,163.61695,163.47665,163.58015,0,1786049695278,STALE
2026-08-02 11:15:00+00:00,163.57995,163.66775,163.57715,163.61085,0,1786049694378,STALE
2026-08-02 11:30:00+00:00,163.61045,163.61165,163.53845,163.59635,0,1786049693478,STALE
2026-08-02 11:45:00+00:00,163.59535,163.60015,163.44285,163.46515,0,1786049692578,STALE
2026-08-02 12:00:00+00:00,163.46695,163.46825,163.40115,163.44135,0,1786049691678,STALE
2026-08-02 12:15:00+00:00,163.44045,163.52555,163.39765,163.48755,0,1786049690778,STALE
2026-08-02 12:30:00+00:00,163.48735,163.69825,163.48345,163.68405,0,1786049689878,STALE
2026-08-02 12:45:00+00:00,163.68485,163.75885,163.65815,163.71755,0,1786049688978,STALE
2026-08-02 13:00:00+00:00,163.71725,163.72335,163.60265,163.66365,0,1786049688078,STALE
2026-08-02 13:15:00+00:00,163.66395,163.67095,163.56585,163.66465,0,1786049687178,STALE
2026-08-02 13:30:00+00:00,163.66515,163.76645,163.62305,163.74275,0,1786049686278,STALE
2026-08-02 13:45:00+00:00,163.74295,163.80785,163.73065,163.80205,0,1786049685378,STALE
2026-08-02 14:00:00+00:00,163.80185,163.81185,163.68795,163.73165,0,1786049684478,STALE
2026-08-02 14:15:00+00:00,163.73215,163.75045,163.67795,163.67935,0,1786049683578,STALE
2026-08-02 14:30:00+00:00,163.68085,163.68655,163.55685,163.58825,0,1786049682678,STALE
2026-08-02 14:45:00+00:00,163.58865,163.58865,163.44845,163.45145,0,1786049681778,STALE
2026-08-02 15:00:00+00:00,163.45165,163.51025,163.42175,163.49785,0,1786049680878,STALE
2026-08-02 15:15:00+00:00,163.49705,163.52225,163.38435,163.51435,0,1786049679978,STALE
2026-08-02 15:30:00+00:00,163.51405,163.56425,163.43205,163.46985,0,1786049679078,STALE
2026-08-02 15:45:00+00:00,163.46965,163.51325,163.41565,163.48265,0,1786049678178,STALE
2026-08-02 16:00:00+00:00,163.48245,163.54875,163.47255,163.54075,0,1786049677278,STALE
2026-08-02 16:15:00+00:00,163.53895,163.54185,163.40475,163.41425,0,1786049676378,STALE
2026-08-02 16:30:00+00:00,163.41275,163.66335,163.40855,163.65555,0,1786049675478,STALE
2026-08-02 16:45:00+00:00,163.65585,163.76495,163.64305,163.69585,0,1786049674578,STALE
2026-08-02 17:00:00+00:00,163.69565,163.72225,163.63965,163.71255,0,1786049673678,STALE
2026-08-02 17:15:00+00:00,163.71365,163.88665,163.69075,163.87445,0,1786049672778,STALE
2026-08-02 17:30:00+00:00,163.87475,163.90375,163.76905,163.79995,0,1786049671878,STALE
2026-08-02 17:45:00+00:00,163.79665,163.88495,163.77285,163.77605,0,1786049670978,STALE
2026-08-02 18:00:00+00:00,163.77615,163.85265,163.72665,163.82285,0,1786049670078,STALE
2026-08-02 18:15:00+00:00,163.82265,163.90235,163.81275,163.89655,0,1786049669178,STALE
2026-08-02 18:30:00+00:00,163.89615,163.96965,163.84935,163.95835,0,1786049668278,STALE
2026-08-02 18:45:00+00:00,163.95805,163.99765,163.91165,163.93335,0,1786049667378,STALE
2026-08-02 19:00:00+00:00,163.93385,163.95695,163.79775,163.85065,0,1786049666478,STALE
2026-08-02 19:15:00+00:00,163.85075,163.98425,163.85015,163.95795,0,1786049665578,STALE
2026-08-02 19:30:00+00:00,163.95935,164.00035,163.92055,163.97735,0,1786049664678,STALE
2026-08-02 19:45:00+00:00,163.97645,163.97835,163.81215,163.83235,0,1786049663778,STALE
2026-08-02 20:00:00+00:00,163.83205,163.88955,163.78185,163.78185,0,1786049662878,STALE
2026-08-02 20:15:00+00:00,163.78045,163.81005,163.74155,163.75955,0,1786049661978,STALE
2026-08-02 20:30:00+00:00,163.75965,163.83335,163.74825,163.80535,0,1786049661078,STALE
2026-08-02 20:45:00+00:00,163.80505,163.91375,163.80095,163.85745,0,1786049660178,STALE
2026-08-02 21:00:00+00:00,163.85715,163.86635,163.76705,163.80135,0,1786049659278,STALE
2026-08-02 21:15:00+00:00,163.80115,163.90555,163.73845,163.88845,0,1786049658378,STALE
2026-08-02 21:30:00+00:00,163.88825,163.95085,163.83415,163.86095,0,1786049657478,STALE
2026-08-02 21:45:00+00:00,163.86065,163.89355,163.79935,163.80865,0,1786049656578,STALE
2026-08-02 22:00:00+00:00,163.80905,163.87345,163.78115,163.80555,0,1786049655678,STALE
2026-08-02 22:15:00+00:00,163.80625,163.85105,163.75345,163.80885,0,1786049654778,STALE
2026-08-02 22:30:00+00:00,163.80775,163.87125,163.79275,163.85945,0,1786049653878,STALE
2026-08-02 22:45:00+00:00,163.85965,163.91085,163.80405,163.82505,0,1786049652978,STALE
2026-08-02 23:00:00+00:00,163.82455,163.92145,163.79955,163.92145,0,1786049652078,STALE
2026-08-02 23:15:00+00:00,163.92185,163.97645,163.89865,163.92925,0,1786049651178,STALE
2026-08-02 23:30:00+00:00,163.92895,163.98635,163.91085,163.94945,0,1786049650278,STALE
2026-08-02 23:45:00+00:00,163.94975,164.05725,163.94595,164.05335,0,1786049649378,STALE
2026-08-03 00:00:00+00:00,164.05325,164.06275,163.98365,163.98535,0,1786049648478,STALE
2026-08-03 00:15:00+00:00,163.98485,164.06825,163.94015,164.06825,0,1786049647578,STALE
2026-08-03 00:30:00+00:00,164.06895,164.07745,163.93915,163.98085,0,1786049646678,STALE
2026-08-03 00:45:00+00:00,163.98045,163.98975,163.81465,163.87115,0,1786049645778,STALE
2026-08-03 01:00:00+00:00,163.87005,163.87945,163.75735,163.77395,0,1786049644878,STALE
2026-08-03 01:15:00+00:00,163.77365,163.83995,163.75515,163.80075,0,1786049643978,STALE
2026-08-03 01:30:00+00:00,163.80035,163.81485,163.74045,163.80015,0,1786049643078,STALE
2026-08-03 01:45:00+00:00,163.80025,163.86935,163.78715,163.85435,0,1786049642178,STALE
2026-08-03 02:00:00+00:00,163.85415,163.88765,163.72695,163.86835,0,1786049641278,STALE
2026-08-03 02:15:00+00:00,163.86825,163.91095,163.84035,163.84765,0,1786049640378,STALE
2026-08-03 02:30:00+00:00,163.84775,163.89825,163.82715,163.87195,0,1786049639478,STALE
2026-08-03 02:45:00+00:00,163.87075,163.97295,163.85435,163.93875,0,1786049638578,STALE
2026-08-03 03:00:00+00:00,163.93925,163.94535,163.81645,163.83595,0,1786049637678,STALE
2026-08-03 03:15:00+00:00,163.83655,163.91645,163.82855,163.86615,0,1786049636778,STALE
2026-08-03 03:30:00+00:00,163.86595,163.88365,163.73545,163.76465,0,1786049635878,STALE
2026-08-03 03:45:00+00:00,163.76485,163.80155,163.70605,163.75885,0,1786049634978,STALE
2026-08-03 04:00:00+00:00,163.75845,163.88175,163.71975,163.87915,0,1786049634078,STALE
2026-08-03 04:15:00+00:00,163.87935,163.89695,163.81125,163.84835,0,1786049633178,STALE
2026-08-03 04:30:00+00:00,163.84805,163.88405,163.80405,163.87545,0,1786049632278,STALE
2026-08-03 04:45:00+00:00,163.87575,163.87815,163.76665,163.78555,0,1786049631378,STALE
2026-08-03 05:00:00+00:00,163.78515,163.78515,163.74685,163.75925,0,1786049630478,STALE
2026-08-03 05:15:00+00:00,163.75945,163.76695,163.68245,163.73605,0,1786049629578,STALE
2026-08-03 05:30:00+00:00,163.73555,163.73765,163.60065,163.64145,0,1786049628678,STALE
2026-08-03 05:45:00+00:00,163.64195,163.69675,163.62775,163.64765,0,1786049627778,STALE
2026-08-03 06:00:00+00:00,163.64735,163.68525,163.57275,163.57785,0,1786049626878,STALE
2026-08-03 06:15:00+00:00,163.57715,163.63065,163.52615,163.54125,0,1786049625978,STALE
2026-08-03 06:30:00+00:00,163.54225,163.55225,163.47295,163.51435,0,1786049625078,STALE
2026-08-03 06:45:00+00:00,163.51375,163.60285,163.47905,163.50035,0,1786049624178,STALE
2026-08-03 07:00:00+00:00,163.50015,163.57715,163.47395,163.55655,0,1786049623278,STALE
2026-08-03 07:15:00+00:00,163.55605,163.64265,163.55015,163.63445,0,1786049622378,STALE
2026-08-03 07:30:00+00:00,163.63565,163.66655,163.50835,163.57965,0,1786049621478,STALE
2026-08-03 07:45:00+00:00,163.57945,163.63825,163.50375,163.52065,0,1786049620578,STALE
2026-08-03 08:00:00+00:00,163.52015,163.60325,163.47255,163.59395,0,1786049619678,STALE
2026-08-03 08:15:00+00:00,163.59385,163.68475,163.56895,163.64245,0,1786049618778,STALE
2026-08-03 08:30:00+00:00,163.64265,163.64825,163.53525,163.55745,0,1786049617878,STALE
2026-08-03 08:45:00+00:00,163.55725,163.58025,163.42395,163.48475,0,1786049616978,STALE
2026-08-03 09:00:00+00:00,163.48495,163.56975,163.46735,163.52895,0,1786049616078,STALE
2026-08-03 09:15:00+00:00,163.52925,163.64125,163.52785,163.57295,0,1786049615178,STALE
2026-08-03 09:30:00+00:00,163.57235,163.61175,163.53675,163.57165,0,1786049614278,STALE
2026-08-03 09:45:00+00:00,163.57155,163.61825,163.48955,163.60815,0,1786049613378,STALE
2026-08-03 10:00:00+00:00,163.60845,163.61275,163.49855,163.52225,0,1786049612478,STALE
2026-08-03 10:15:00+00:00,163.52205,163.59505,163.48595,163.59065,0,1786049611578,STALE
2026-08-03 10:30:00+00:00,163.59055,163.59295,163.50705,163.54035,0,1786049610678,STALE
2026-08-03 10:45:00+00:00,163.54015,163.65365,163.43895,163.65305,0,1786049609778,STALE
2026-08-03 11:00:00+00:00,163.65345,163.77895,163.65005,163.72045,0,1786049608878,STALE
2026-08-03 11:15:00+00:00,163.71985,163.74145,163.66435,163.68025,0,1786049607978,STALE
2026-08-03 11:30:00+00:00,163.68115,163.72935,163.63525,163.64975,0,1786049607078,STALE
2026-08-03 11:45:00+00:00,163.64935,163.65245,163.40195,163.40195,0,1786049606178,STALE
2026-08-03 12:00:00+00:00,163.40215,163.40215,163.31785,163.36505,0,1786049605278,STALE
2026-08-03 12:15:00+00:00,163.36485,163.37215,163.28475,163.32745,0,1786049604378,STALE
2026-08-03 12:30:00+00:00,163.32695,163.35925,163.27405,163.31575,0,1786049603478,STALE
2026-08-03 12:45:00+00:00,163.31595,163.34445,163.25675,163.25965,0,1786049602578,STALE
2026-08-03 13:00:00+00:00,163.25955,163.29275,163.13345,163.13425,0,1786049601678,STALE
2026-08-03 13:15:00+00:00,163.12965,163.14625,163.06935,163.11655,0,1786049600778,STALE
2026-08-03 13:30:00+00:00,163.11575,163.21845,163.11455,163.18605,0,1786049599878,STALE
2026-08-03 13:45:00+00:00,163.18705,163.22915,163.09895,163.19475,0,1786049598978,STALE
2026-08-03 14:00:00+00:00,163.19005,163.31945,163.15295,163.31605,0,1786049598078,STALE
2026-08-03 14:15:00+00:00,163.31665,163.33955,163.24835,163.27175,0,1786049597178,STALE
2026-08-03 14:30:00+00:00,163.27195,163.35205,163.25215,163.29225,0,1786049596278,STALE
2026-08-03 14:45:00+00:00,163.29245,163.32765,163.23235,163.30615,0,1786049595378,STALE
2026-08-03 15:00:00+00:00,163.30435,163.34475,163.22785,163.23695,0,1786049594478,STALE
2026-08-03 15:15:00+00:00,163.23945,163.28605,163.17195,163.21585,0,1786049593578,STALE
2026-08-03 15:30:00+00:00,163.21575,163.25135,163.16505,163.19595,0,1786049592678,STALE
2026-08-03 15:45:00+00:00,163.19785,163.23855,163.06995,163.08855,0,1786049591778,STALE
2026-08-03 16:00:00+00:00,163.08825,163.11655,163.06235,163.07895,0,1786049590878,STALE
2026-08-03 16:15:00+00:00,163.07845,163.14425,163.03535,163.14095,0,1786049589978,STALE
2026-08-03 16:30:00+00:00,163.14255,163.16955,163.04405,163.11195,0,1786049589078,STALE
2026-08-03 16:45:00+00:00,163.11245,163.14475,163.05905,163.11445,0,1786049588178,STALE
2026-08-03 17:00:00+00:00,163.11395,163.19795,163.10685,163.14845,0,1786049587278,STALE
2026-08-03 17:15:00+00:00,163.14795,163.16485,163.10605,163.12375,0,1786049586378,STALE
2026-08-03 17:30:00+00:00,163.12425,163.18375,163.10645,163.17375,0,1786049585478,STALE
2026-08-03 17:45:00+00:00,163.17205,163.21735,163.07535,163.19435,0,1786049584578,STALE
2026-08-03 18:00:00+00:00,163.19485,163.28635,163.10645,163.28635,0,1786049583678,STALE
2026-08-03 18:15:00+00:00,163.28675,163.29365,163.20725,163.22915,0,1786049582778,STALE
2026-08-03 18:30:00+00:00,163.22935,163.27685,163.14955,163.15935,0,1786049581878,STALE
2026-08-03 18:45:00+00:00,163.15905,163.31065,163.15345,163.19485,0,1786049580978,STALE
2026-08-03 19:00:00+00:00,163.19735,163.22155,163.14935,163.15035,0,1786049580078,STALE
2026-08-03 19:15:00+00:00,163.14935,163.24765,163.13875,163.22355,0,1786049579178,STALE
2026-08-03 19:30:00+00:00,163.22445,163.29505,163.20885,163.26545,0,1786049578278,STALE
2026-08-03 19:45:00+00:00,163.26535,163.30845,163.21125,163.24605,0,1786049577378,STALE
2026-08-03 20:00:00+00:00,163.24625,163.25465,163.13485,163.16165,0,1786049576478,STALE
2026-08-03 20:15:00+00:00,163.16325,163.17785,163.12945,163.13995,0,1786049575578,STALE
2026-08-03 20:30:00+00:00,163.14055,163.29405,163.13115,163.27135,0,1786049574678,STALE
2026-08-03 20:45:00+00:00,163.27255,163.30375,163.22395,163.24955,0,1786049573778,STALE
2026-08-03 21:00:00+00:00,163.25005,163.27885,163.16525,163.24805,0,1786049572878,STALE
2026-08-03 21:15:00+00:00,163.24825,163.31875,163.22615,163.26055,0,1786049571978,STALE
2026-08-03 21:30:00+00:00,163.26095,163.35995,163.25285,163.31535,0,1786049571078,STALE
2026-08-03 21:45:00+00:00,163.31695,163.41055,163.30565,163.40195,0,1786049570178,STALE
2026-08-03 22:00:00+00:00,163.40095,163.41095,163.32685,163.33095,0,1786049569278,STALE
2026-08-03 22:15:00+00:00,163.33125,163.34805,163.28585,163.33325,0,1786049568378,STALE
2026-08-03 22:30:00+00:00,163.33295,163.40015,163.31235,163.31235,0,1786049567478,STALE
2026-08-03 22:45:00+00:00,163.31205,163.34285,163.16075,163.16325,0,1786049566578,STALE
2026-08-03 23:00:00+00:00,163.16695,163.27225,163.14085,163.15965,0,1786049565678,STALE
2026-08-03 23:15:00+00:00,163.16005,163.17235,163.11065,163.12975,0,1786049564778,STALE
2026-08-03 23:30:00+00:00,163.12955,163.14935,162.96615,163.01085,0,1786049563878,STALE
2026-08-03 23:45:00+00:00,163.01075,163.05215,162.96505,163.03975,0,1786049562978,STALE
2026-08-04 00:00:00+00:00,163.03995,163.10005,162.98175,163.07835,0,1786049562078,STALE
2026-08-04 00:15:00+00:00,163.07865,163.16125,163.05515,163.14815,0,1786049561178,STALE
2026-08-04 00:30:00+00:00,163.15035,163.17005,163.06425,163.07605,0,1786049560278,STALE
2026-08-04 00:45:00+00:00,163.07645,163.08145,162.98885,163.00735,0,1786049559378,STALE
2026-08-04 01:00:00+00:00,163.00695,163.01365,162.93705,162.98485,0,1786049558478,STALE
2026-08-04 01:15:00+00:00,162.98515,162.98915,162.84315,162.91865,0,1786049557578,STALE
2026-08-04 01:30:00+00:00,162.91855,162.92485,162.84485,162.86755,0,1786049556678,STALE
2026-08-04 01:45:00+00:00,162.86615,162.93915,162.85995,162.89035,0,1786049555778,STALE
2026-08-04 02:00:00+00:00,162.89205,162.98665,162.87755,162.98325,0,1786049554878,STALE
2026-08-04 02:15:00+00:00,162.98395,163.00585,162.88525,162.90665,0,1786049553978,STALE
2026-08-04 02:30:00+00:00,162.90675,162.92955,162.80625,162.80695,0,1786049553078,STALE
2026-08-04 02:45:00+00:00,162.80675,162.84985,162.74805,162.83225,0,1786049552178,STALE
2026-08-04 03:00:00+00:00,162.83185,162.95395,162.82775,162.89005,0,1786049551278,STALE
2026-08-04 03:15:00+00:00,162.88965,162.91325,162.82605,162.85795,0,1786049550378,STALE
2026-08-04 03:30:00+00:00,162.85715,162.92205,162.85495,162.92195,0,1786049549478,STALE
2026-08-04 03:45:00+00:00,162.92125,162.97565,162.90945,162.95025,0,1786049548578,STALE
2026-08-04 04:00:00+00:00,162.95025,162.95025,157.56305,157.61145,0,1786049547678,STALE
2026-08-04 04:15:00+00:00,157.61115,157.67875,157.60525,157.65565,0,1786049546778,STALE
2026-08-04 04:30:00+00:00,157.65525,157.65575,157.49765,157.50755,0,1786049545878,STALE
2026-08-04 04:45:00+00:00,157.50775,157.54375,157.44785,157.49145,0,1786049544978,STALE
2026-08-04 05:00:00+00:00,157.49065,157.49165,157.39155,157.46155,0,1786049544078,STALE
2026-08-04 05:15:00+00:00,157.46095,157.53335,157.42695,157.50715,0,1786049543178,STALE
2026-08-04 05:30:00+00:00,157.50755,157.56075,157.46365,157.48305,0,1786049542278,STALE
2026-08-04 05:45:00+00:00,157.48285,157.53695,157.43935,157.51195,0,1786049541378,STALE
2026-08-04 06:00:00+00:00,157.51285,157.52095,157.44215,157.44335,0,1786049540478,STALE
2026-08-04 06:15:00+00:00,157.44375,157.49085,157.38535,157.47705,0,1786049539578,STALE
2026-08-04 06:30:00+00:00,157.47865,157.49715,157.39105,157.44225,0,1786049538678,STALE
2026-08-04 06:45:00+00:00,157.44125,157.44125,157.36815,157.36935,0,1786049537778,STALE
2026-08-04 07:00:00+00:00,157.36905,157.39165,157.27965,157.30685,0,1786049536878,STALE
2026-08-04 07:15:00+00:00,157.30745,157.35315,157.26485,157.34235,0,1786049535978,STALE
2026-08-04 07:30:00+00:00,157.34215,157.37715,157.31575,157.34035,0,1786049535078,STALE
2026-08-04 07:45:00+00:00,157.34025,157.38185,157.23445,157.23865,0,1786049534178,STALE
2026-08-04 08:00:00+00:00,157.23825,157.26125,157.18435,157.24585,0,1786049533278,STALE
2026-08-04 08:15:00+00:00,157.24575,157.35325,157.24495,157.27755,0,1786049532378,STALE
2026-08-04 08:30:00+00:00,157.27785,157.35705,157.26675,157.29945,0,1786049531478,STALE
2026-08-04 08:45:00+00:00,157.29975,157.32745,157.18795,157.19075,0,1786049530578,STALE
2026-08-04 09:00:00+00:00,157.19025,157.28235,157.17945,157.28145,0,1786049529678,STALE
2026-08-04 09:15:00+00:00,157.28215,157.38075,157.25945,157.31255,0,1786049528778,STALE
2026-08-04 09:30:00+00:00,157.31285,157.33075,157.25735,157.27015,0,1786049527878,STALE
2026-08-04 09:45:00+00:00,157.26725,157.33675,157.25495,157.27725,0,1786049526978,STALE
2026-08-04 10:00:00+00:00,157.27745,157.29265,157.20375,157.21635,0,1786049526078,STALE
2026-08-04 10:15:00+00:00,157.21655,157.23135,157.11215,157.12765,0,1786049525178,STALE
2026-08-04 10:30:00+00:00,157.12735,157.19405,157.12735,157.17425,0,1786049524278,STALE
2026-08-04 10:45:00+00:00,157.17405,157.17765,157.08465,157.09885,0,1786049523378,STALE
2026-08-04 11:00:00+00:00,157.09865,157.12095,157.02575,157.05795,0,1786049522478,STALE
2026-08-04 11:15:00+00:00,157.05915,157.11135,156.97685,156.98685,0,1786049521578,STALE
2026-08-04 11:30:00+00:00,156.98035,157.01085,156.95045,156.97945,0,1786049520678,STALE
2026-08-04 11:45:00+00:00,156.97875,157.00625,156.92885,156.96835,0,1786049519778,STALE
2026-08-04 12:00:00+00:00,156.96825,156.99345,156.90765,156.95105,0,1786049518878,STALE
2026-08-04 12:15:00+00:00,156.95345,157.02965,156.94785,157.01715,0,1786049517978,STALE
2026-08-04 12:30:00+00:00,157.01695,157.06825,156.98715,157.05795,0,1786049517078,STALE
2026-08-04 12:45:00+00:00,157.05395,157.07655,157.00915,157.03895,0,1786049516178,STALE
2026-08-04 13:00:00+00:00,157.03885,157.10795,157.03375,157.05385,0,1786049515278,STALE
2026-08-04 13:15:00+00:00,157.05405,157.06825,156.96145,156.98235,0,1786049514378,STALE
2026-08-04 13:30:00+00:00,156.98205,157.07315,156.97275,156.97855,0,1786049513478,STALE
2026-08-04 13:45:00+00:00,156.97815,157.01375,156.95145,156.95255,0,1786049512578,STALE
2026-08-04 14:00:00+00:00,156.95185,157.03445,156.93955,157.03445,0,1786049511678,STALE
2026-08-04 14:15:00+00:00,157.03475,157.12435,157.01665,157.12435,0,1786049510778,STALE
2026-08-04 14:30:00+00:00,157.12555,157.14745,157.05225,157.10235,0,1786049509878,STALE
2026-08-04 14:45:00+00:00,157.10225,157.15655,157.07945,157.13125,0,1786049508978,STALE
2026-08-04 15:00:00+00:00,157.13095,157.26765,157.10905,157.21355,0,1786049508078,STALE
2026-08-04 15:15:00+00:00,157.21325,157.24895,157.16785,157.19345,0,1786049507178,STALE
2026-08-04 15:30:00+00:00,157.19335,157.20015,157.03615,157.03615,0,1786049506278,STALE
2026-08-04 15:45:00+00:00,157.03625,157.05835,156.99115,157.04525,0,1786049505378,STALE
2026-08-04 16:00:00+00:00,157.04395,157.13585,157.03905,157.08635,0,1786049504478,STALE
2026-08-04 16:15:00+00:00,157.08685,157.16475,157.08205,157.09885,0,1786049503578,STALE
2026-08-04 16:30:00+00:00,157.09905,157.09985,156.97175,156.98655,0,1786049502678,STALE
2026-08-04 16:45:00+00:00,156.98615,157.10875,156.94855,157.06005,0,1786049501778,STALE
2026-08-04 17:00:00+00:00,157.06225,157.06795,156.97745,157.04825,0,1786049500878,STALE
2026-08-04 17:15:00+00:00,157.04805,157.06165,156.98665,157.02295,0,1786049499978,STALE
2026-08-04 17:30:00+00:00,157.02325,157.05685,156.96805,157.03105,0,1786049499078,STALE
2026-08-04 17:45:00+00:00,157.03205,157.13055,157.03035,157.13055,0,1786049498178,STALE
2026-08-04 18:00:00+00:00,157.13025,157.18045,157.09835,157.09855,0,1786049497278,STALE
2026-08-04 18:15:00+00:00,157.09875,157.16695,157.07745,157.10045,0,1786049496378,STALE
2026-08-04 18:30:00+00:00,157.10055,157.21465,157.09575,157.18735,0,1786049495478,STALE
2026-08-04 18:45:00+00:00,157.18755,157.30045,157.10595,157.28015,0,1786049494578,STALE
2026-08-04 19:00:00+00:00,157.27865,157.33085,157.24945,157.32655,0,1786049493678,STALE
2026-08-04 19:15:00+00:00,157.32485,157.32485,157.15675,157.23095,0,1786049492778,STALE
2026-08-04 19:30:00+00:00,157.23125,157.29635,157.22725,157.27205,0,1786049491878,STALE
2026-08-04 19:45:00+00:00,157.27285,157.27365,157.14325,157.16625,0,1786049490978,STALE
2026-08-04 20:00:00+00:00,157.16665,157.16735,157.07765,157.10685,0,1786049490078,STALE
2026-08-04 20:15:00+00:00,157.10845,157.12205,157.02845,157.10915,0,1786049489178,STALE
2026-08-04 20:30:00+00:00,157.10755,157.20435,157.08985,157.16575,0,1786049488278,STALE
2026-08-04 20:45:00+00:00,157.16515,157.31355,157.16015,157.22115,0,1786049487378,STALE
2026-08-04 21:00:00+00:00,157.22165,157.23595,157.11645,157.13965,0,1786049486478,STALE
2026-08-04 21:15:00+00:00,157.14045,157.18085,157.09355,157.10315,0,1786049485578,STALE
2026-08-04 21:30:00+00:00,157.10355,157.18175,157.09705,157.14575,0,1786049484678,STALE
2026-08-04 21:45:00+00:00,157.14465,157.27315,157.13825,157.25745,0,1786049483778,STALE
2026-08-04 22:00:00+00:00,157.25775,157.30495,157.23985,157.24555,0,1786049482878,STALE
2026-08-04 22:15:00+00:00,157.24695,157.28135,157.21725,157.27195,0,1786049481978,STALE
2026-08-04 22:30:00+00:00,157.27125,157.28325,157.17565,157.17575,0,1786049481078,STALE
2026-08-04 22:45:00+00:00,157.17655,157.20045,157.12165,157.14425,0,1786049480178,STALE
2026-08-04 23:00:00+00:00,157.14225,157.17105,157.05235,157.07035,0,1786049479278,STALE
2026-08-04 23:15:00+00:00,157.07015,157.12195,157.05025,157.11335,0,1786049478378,STALE
2026-08-04 23:30:00+00:00,157.11555,157.16305,157.03495,157.04885,0,1786049477478,STALE
2026-08-04 23:45:00+00:00,157.04955,157.19265,157.04935,157.18325,0,1786049476578,STALE
2026-08-05 00:00:00+00:00,157.18385,157.18475,157.08285,157.11695,0,1786049475678,STALE
2026-08-05 00:15:00+00:00,157.11735,157.14105,156.98365,157.00395,0,1786049474778,STALE
2026-08-05 00:30:00+00:00,157.00415,157.10745,156.99055,157.09235,0,1786049473878,STALE
2026-08-05 00:45:00+00:00,157.09305,157.20255,157.07465,157.08385,0,1786049472978,STALE
2026-08-05 01:00:00+00:00,157.08405,157.10585,156.97705,157.05475,0,1786049472078,STALE
2026-08-05 01:15:00+00:00,157.05245,157.09085,157.00685,157.08845,0,1786049471178,STALE
2026-08-05 01:30:00+00:00,157.08705,157.14175,157.04205,157.10365,0,1786049470278,STALE
2026-08-05 01:45:00+00:00,157.10405,157.17965,157.06935,157.12765,0,1786049469378,STALE
2026-08-05 02:00:00+00:00,157.12775,157.21995,157.10105,157.21155,0,1786049468478,STALE
2026-08-05 02:15:00+00:00,157.21265,157.28605,157.19895,157.24255,0,1786049467578,STALE
2026-08-05 02:30:00+00:00,157.24225,157.26525,157.17405,157.24745,0,1786049466678,STALE
2026-08-05 02:45:00+00:00,157.24725,157.34025,157.23065,157.28075,0,1786049465778,STALE
2026-08-05 03:00:00+00:00,157.28125,157.33325,157.20935,157.26135,0,1786049464878,STALE
2026-08-05 03:15:00+00:00,157.26125,157.33965,157.22735,157.28735,0,1786049463978,STALE
2026-08-05 03:30:00+00:00,157.28745,157.34835,157.25585,157.28505,0,1786049463078,STALE
2026-08-05 03:45:00+00:00,157.28415,157.34495,157.28025,157.30215,0,1786049462178,STALE
2026-08-05 04:00:00+00:00,157.30045,157.40185,157.27945,157.34225,0,1786049461278,STALE
2026-08-05 04:15:00+00:00,157.34575,157.35395,157.24145,157.30165,0,1786049460378,STALE
2026-08-05 04:30:00+00:00,157.30085,157.30985,157.23455,157.26905,0,1786049459478,STALE
2026-08-05 04:45:00+00:00,157.26855,157.29395,157.23085,157.24685,0,1786049458578,STALE
2026-08-05 05:00:00+00:00,157.24725,157.27445,157.19095,157.27125,0,1786049457678,STALE
2026-08-05 05:15:00+00:00,157.27105,157.37395,157.26615,157.32855,0,1786049456778,STALE
2026-08-05 05:30:00+00:00,157.32885,157.35235,157.27015,157.28305,0,1786049455878,STALE
2026-08-05 05:45:00+00:00,157.28285,157.36705,157.27615,157.34825,0,1786049454978,STALE
2026-08-05 06:00:00+00:00,157.34915,157.36625,157.22775,157.22935,0,1786049454078,STALE
2026-08-05 06:15:00+00:00,157.22905,157.24295,157.06955,157.09575,0,1786049453178,STALE
2026-08-05 06:30:00+00:00,157.09595,157.11865,156.98475,157.06835,0,1786049452278,STALE
2026-08-05 06:45:00+00:00,157.06515,157.10515,156.98935,157.05635,0,1786049451378,STALE
2026-08-05 07:00:00+00:00,157.05605,157.10815,157.01305,157.06565,0,1786049450478,STALE
2026-08-05 07:15:00+00:00,157.06635,157.17715,157.04045,157.16735,0,1786049449578,STALE
2026-08-05 07:30:00+00:00,157.16755,157.25305,157.16365,157.25095,0,1786049448678,STALE
2026-08-05 07:45:00+00:00,157.25055,157.26165,157.17335,157.19075,0,1786049447778,STALE
2026-08-05 08:00:00+00:00,157.19055,157.27905,157.18635,157.26405,0,1786049446878,STALE
2026-08-05 08:15:00+00:00,157.26365,157.34435,157.23825,157.30355,0,1786049445978,STALE
2026-08-05 08:30:00+00:00,157.30385,157.39305,157.27815,157.37775,0,1786049445078,STALE
2026-08-05 08:45:00+00:00,157.37705,157.43895,157.31175,157.40905,0,1786049444178,STALE
2026-08-05 09:00:00+00:00,157.40975,157.45905,157.29075,157.30265,0,1786049443278,STALE
2026-08-05 09:15:00+00:00,157.30225,157.33635,157.25015,157.25485,0,1786049442378,STALE
2026-08-05 09:30:00+00:00,157.25445,157.27495,157.19355,157.22325,0,1786049441478,STALE
2026-08-05 09:45:00+00:00,157.22265,157.24805,157.05525,157.06175,0,1786049440578,STALE
2026-08-05 10:00:00+00:00,157.06115,157.12805,157.05055,157.09395,0,1786049439678,STALE
2026-08-05 10:15:00+00:00,157.09165,157.15065,157.07145,157.14475,0,1786049438778,STALE
2026-08-05 10:30:00+00:00,157.14345,157.23085,157.10675,157.14765,0,1786049437878,STALE
2026-08-05 10:45:00+00:00,157.14845,157.17305,157.11925,157.16035,0,1786049436978,STALE
2026-08-05 11:00:00+00:00,157.16025,157.24145,157.14875,157.23915,0,1786049436078,STALE
2026-08-05 11:15:00+00:00,157.24075,157.32615,157.23485,157.28735,0,1786049435178,STALE
2026-08-05 11:30:00+00:00,157.28715,157.37735,157.27805,157.34075,0,1786049434278,STALE
2026-08-05 11:45:00+00:00,157.34115,157.42005,157.33005,157.41755,0,1786049433378,STALE
2026-08-05 12:00:00+00:00,157.41805,157.47495,157.38605,157.43445,0,1786049432478,STALE
2026-08-05 12:15:00+00:00,157.43415,157.45045,157.37045,157.38805,0,1786049431578,STALE
2026-08-05 12:30:00+00:00,157.38845,157.39625,157.34225,157.38235,0,1786049430678,STALE
2026-08-05 12:45:00+00:00,157.38225,157.51965,157.36085,157.51805,0,1786049429778,STALE
2026-08-05 13:00:00+00:00,157.51545,157.62775,157.50385,157.60085,0,1786049428878,STALE
2026-08-05 13:15:00+00:00,157.60115,157.63245,157.55925,157.57035,0,1786049427978,STALE
2026-08-05 13:30:00+00:00,157.57015,157.61175,157.54105,157.60395,0,1786049427078,STALE
2026-08-05 13:45:00+00:00,157.60415,157.63155,157.49875,157.51015,0,1786049426178,STALE
2026-08-05 14:00:00+00:00,157.50995,157.66165,157.50985,157.56225,0,1786049425278,STALE
2026-08-05 14:15:00+00:00,157.56305,157.57485,157.51125,157.56755,0,1786049424378,STALE
2026-08-05 14:30:00+00:00,157.56775,157.59175,157.51585,157.53165,0,1786049423478,STALE
2026-08-05 14:45:00+00:00,157.53195,157.57935,157.47275,157.50455,0,1786049422578,STALE
2026-08-05 15:00:00+00:00,157.50505,157.53585,157.43125,157.49175,0,1786049421678,STALE
2026-08-05 15:15:00+00:00,157.49245,157.56535,157.48055,157.55995,0,1786049420778,STALE
2026-08-05 15:30:00+00:00,157.55865,157.60655,157.49855,157.57205,0,1786049419878,STALE
2026-08-05 15:45:00+00:00,157.57345,157.71275,157.57345,157.69325,0,1786049418978,STALE
2026-08-05 16:00:00+00:00,157.69435,157.81775,157.68835,157.78885,0,1786049418078,STALE
2026-08-05 16:15:00+00:00,157.78935,157.80255,157.70595,157.73935,0,1786049417178,STALE
2026-08-05 16:30:00+00:00,157.73925,157.87715,157.72245,157.83005,0,1786049416278,STALE
2026-08-05 16:45:00+00:00,157.83015,157.94125,157.79795,157.93275,0,1786049415378,STALE
2026-08-05 17:00:00+00:00,157.93295,157.93995,157.77595,157.79115,0,1786049414478,STALE
2026-08-05 17:15:00+00:00,157.79095,157.84325,157.76135,157.83855,0,1786049413578,STALE
2026-08-05 17:30:00+00:00,157.83915,157.91665,157.81815,157.88695,0,1786049412678,STALE
2026-08-05 17:45:00+00:00,157.88655,157.97285,157.87685,157.97235,0,1786049411778,STALE
2026-08-05 18:00:00+00:00,157.97215,158.02455,157.93195,158.01195,0,1786049410878,STALE
2026-08-05 18:15:00+00:00,158.01335,158.04345,157.95515,158.00235,0,1786049409978,STALE
2026-08-05 18:30:00+00:00,158.00205,158.09845,157.98685,158.06245,0,1786049409078,STALE
2026-08-05 18:45:00+00:00,158.06205,158.08455,157.95455,157.96205,0,1786049408178,STALE
2026-08-05 19:00:00+00:00,157.96275,158.04495,157.93135,158.00605,0,1786049407278,STALE
2026-08-05 19:15:00+00:00,158.00545,158.04255,157.87635,157.88415,0,1786049406378,STALE
2026-08-05 19:30:00+00:00,157.88455,157.90575,157.76765,157.78375,0,1786049405478,STALE
2026-08-05 19:45:00+00:00,157.78355,157.79325,157.70195,157.73175,0,1786049404578,STALE
2026-08-05 20:00:00+00:00,157.73215,157.75215,157.64165,157.73105,0,1786049403678,STALE
2026-08-05 20:15:00+00:00,157.73145,157.93515,157.73005,157.90705,0,1786049402778,STALE
2026-08-05 20:30:00+00:00,157.90695,157.92935,157.85345,157.90535,0,1786049401878,STALE
2026-08-05 20:45:00+00:00,157.90595,157.91775,157.83045,157.86705,0,1786049400978,STALE
2026-08-05 21:00:00+00:00,157.86695,157.90535,157.84025,157.84315,0,1786049400078,STALE
2026-08-05 21:15:00+00:00,157.84285,157.96295,157.81045,157.94955,0,1786049399178,STALE
2026-08-05 21:30:00+00:00,157.94965,158.00595,157.92785,158.00185,0,1786049398278,STALE
2026-08-05 21:45:00+00:00,158.00125,158.13465,157.97955,158.10205,0,1786049397378,STALE
2026-08-05 22:00:00+00:00,158.10065,158.25485,158.10065,158.23765,0,1786049396478,STALE
2026-08-05 22:15:00+00:00,158.23725,158.27155,158.18895,158.20325,0,1786049395578,STALE
2026-08-05 22:30:00+00:00,158.20305,158.23435,158.10785,158.13585,0,1786049394678,STALE
2026-08-05 22:45:00+00:00,158.13405,158.18345,158.05555,158.06855,0,1786049393778,STALE
2026-08-05 23:00:00+00:00,158.06875,158.12525,158.02095,158.02625,0,1786049392878,STALE
2026-08-05 23:15:00+00:00,158.02655,158.13555,158.02365,158.12805,0,1786049391978,STALE
2026-08-05 23:30:00+00:00,158.12765,158.20075,158.10865,158.16215,0,1786049391078,STALE
2026-08-05 23:45:00+00:00,158.16185,158.19965,158.14315,158.16385,0,1786049390178,STALE
2026-08-06 00:00:00+00:00,158.16755,158.16965,158.06525,158.13215,0,1786049389278,STALE
2026-08-06 00:15:00+00:00,158.13255,158.15835,157.99665,158.00955,0,1786049388378,STALE
2026-08-06 00:30:00+00:00,158.00965,158.03565,157.95655,158.00275,0,1786049387478,STALE
2026-08-06 00:45:00+00:00,158.00285,158.03005,157.95085,158.00275,0,1786049386578,STALE
2026-08-06 01:00:00+00:00,158.00245,158.01365,157.91265,157.95375,0,1786049385678,STALE
2026-08-06 01:15:00+00:00,157.95415,157.96935,157.88705,157.90055,0,1786049384778,STALE
2026-08-06 01:30:00+00:00,157.90075,157.97125,157.88745,157.96885,0,1786049383878,STALE
2026-08-06 01:45:00+00:00,157.96915,158.18555,157.96185,158.16985,0,1786049382978,STALE
2026-08-06 02:00:00+00:00,158.16925,158.26395,158.16925,158.21955,0,1786049382078,STALE
2026-08-06 02:15:00+00:00,158.21985,158.31145,158.20305,158.30935,0,1786049381178,STALE
2026-08-06 02:30:00+00:00,158.31005,158.35755,158.26895,158.28715,0,1786049380278,STALE
2026-08-06 02:45:00+00:00,158.28665,158.47305,158.28545,158.46805,0,1786049379378,STALE
2026-08-06 03:00:00+00:00,158.46785,158.68445,158.45195,158.67735,0,1786049378478,STALE
2026-08-06 03:15:00+00:00,158.67645,158.68995,158.55695,158.56315,0,1786049377578,STALE
2026-08-06 03:30:00+00:00,158.56335,158.60975,158.44725,158.47595,0,1786049376678,STALE
2026-08-06 03:45:00+00:00,158.47545,158.51995,158.41745,158.46045,0,1786049375778,STALE
2026-08-06 04:00:00+00:00,158.46045,158.46045,157.69605,157.72585,0,1786049374878,STALE
2026-08-06 04:15:00+00:00,157.72555,157.80985,157.68505,157.77105,0,1786049373978,STALE
2026-08-06 04:30:00+00:00,157.77125,157.86165,157.72655,157.86165,0,1786049373078,STALE
2026-08-06 04:45:00+00:00,157.86175,157.94555,157.85435,157.90815,0,1786049372178,STALE
2026-08-06 05:00:00+00:00,157.90805,157.96595,157.86945,157.90995,0,1786049371278,STALE
2026-08-06 05:15:00+00:00,157.90885,158.00085,157.88845,157.99625,0,1786049370378,STALE
2026-08-06 05:30:00+00:00,157.99605,158.02125,157.88715,157.89685,0,1786049369478,STALE
2026-08-06 05:45:00+00:00,157.89675,157.91275,157.80705,157.85945,0,1786049368578,STALE
2026-08-06 06:00:00+00:00,157.85985,157.89915,157.82065,157.82895,0,1786049367678,STALE
2026-08-06 06:15:00+00:00,157.82855,157.90445,157.81485,157.86635,0,1786049366778,STALE
2026-08-06 06:30:00+00:00,157.86605,157.98625,157.85685,157.93395,0,1786049365878,STALE
2026-08-06 06:45:00+00:00,157.93445,157.93945,157.86035,157.88695,0,1786049364978,STALE
2026-08-06 07:00:00+00:00,157.88785,157.98635,157.86655,157.95725,0,1786049364078,STALE
2026-08-06 07:15:00+00:00,157.96065,157.98845,157.88475,157.92835,0,1786049363178,STALE
2026-08-06 07:30:00+00:00,157.92815,158.01155,157.91945,157.99735,0,1786049362278,STALE
2026-08-06 07:45:00+00:00,157.99655,158.07675,157.98975,158.05555,0,1786049361378,STALE
2026-08-06 08:00:00+00:00,158.05855,158.14125,158.05155,158.08025,0,1786049360478,STALE
2026-08-06 08:15:00+00:00,158.07985,158.14435,158.06415,158.08565,0,1786049359578,STALE
2026-08-06 08:30:00+00:00,158.08525,158.11825,158.02785,158.06515,0,1786049358678,STALE
2026-08-06 08:45:00+00:00,158.07135,158.15775,158.06435,158.14315,0,1786049357778,STALE
2026-08-06 09:00:00+00:00,158.14285,158.15925,158.04515,158.04595,0,1786049356878,STALE
2026-08-06 09:15:00+00:00,158.04615,158.07165,157.99125,158.00035,0,1786049355978,STALE
2026-08-06 09:30:00+00:00,158.00005,158.13885,157.98385,158.13635,0,1786049355078,STALE
2026-08-06 09:45:00+00:00,158.13655,158.21515,158.12685,158.16085,0,1786049354178,STALE
2026-08-06 10:00:00+00:00,158.16265,158.20195,158.10065,158.19235,0,1786049353278,STALE
2026-08-06 10:15:00+00:00,158.19195,158.24415,158.17175,158.22645,0,1786049352378,STALE
2026-08-06 10:30:00+00:00,158.22655,158.27965,158.16295,158.20835,0,1786049351478,STALE
2026-08-06 10:45:00+00:00,158.20605,158.20665,158.11505,158.13415,0,1786049350578,STALE
2026-08-06 11:00:00+00:00,158.13405,158.15065,158.07945,158.08805,0,1786049349678,STALE
2026-08-06 11:15:00+00:00,158.08795,158.15015,158.02185,158.02185,0,1786049348778,STALE
2026-08-06 11:30:00+00:00,158.02045,158.04715,157.96255,157.97405,0,1786049347878,STALE
2026-08-06 11:45:00+00:00,157.97335,158.00785,157.93165,157.97295,0,1786049346978,STALE
2026-08-06 12:00:00+00:00,157.97265,158.01365,157.93935,158.00435,0,1786049346078,STALE
2026-08-06 12:15:00+00:00,158.00475,158.08955,157.96925,158.05145,0,1786049345178,STALE
2026-08-06 12:30:00+00:00,158.05175,158.12395,157.99945,158.10495,0,1786049344278,STALE
2026-08-06 12:45:00+00:00,158.10485,158.14395,158.07125,158.08925,0,1786049343378,STALE
2026-08-06 13:00:00+00:00,158.08835,158.16725,158.07995,158.12335,0,1786049342478,STALE
2026-08-06 13:15:00+00:00,158.12355,158.14085,158.04905,158.06495,0,1786049341578,STALE
2026-08-06 13:30:00+00:00,158.06405,158.08845,157.98865,158.02915,0,1786049340678,STALE
2026-08-06 13:45:00+00:00,158.02895,158.14635,158.00605,158.13835,0,1786049339778,STALE
2026-08-06 14:00:00+00:00,158.13955,158.14995,158.07615,158.11815,0,1786049338878,STALE
2026-08-06 14:15:00+00:00,158.11845,158.18575,158.09475,158.16955,0,1786049337978,STALE
2026-08-06 14:30:00+00:00,158.16945,158.21525,158.13225,158.19855,0,1786049337078,STALE
2026-08-06 14:45:00+00:00,158.19905,158.33405,158.19435,158.31045,0,1786049336178,STALE
2026-08-06 15:00:00+00:00,158.30995,158.32155,158.19705,158.23545,0,1786049335278,STALE
2026-08-06 15:15:00+00:00,158.23415,158.23675,158.09565,158.11755,0,1786049334378,STALE
2026-08-06 15:30:00+00:00,158.11725,158.14795,158.01075,158.01365,0,1786049333478,STALE
2026-08-06 15:45:00+00:00,158.01325,158.01685,157.88865,157.91115,0,1786049332578,STALE
2026-08-06 16:00:00+00:00,157.91065,158.00745,157.91065,157.92885,0,1786049331678,STALE
2026-08-06 16:15:00+00:00,157.92735,157.96215,157.89115,157.95525,0,1786049330778,STALE
2026-08-06 16:30:00+00:00,157.95505,157.97965,157.88875,157.95075,0,1786049329878,STALE
2026-08-06 16:45:00+00:00,157.95145,158.05105,157.93245,158.01145,0,1786049328978,STALE
2026-08-06 17:00:00+00:00,158.01215,158.01955,157.95915,157.96005,0,1786049328078,STALE
2026-08-06 17:15:00+00:00,157.95925,157.99875,157.84765,157.86835,0,1786049327178,STALE
2026-08-06 17:30:00+00:00,157.86705,157.90305,157.76395,157.77685,0,1786049326278,STALE
2026-08-06 17:45:00+00:00,157.77635,157.82245,157.74075,157.80595,0,1786049325378,STALE
2026-08-06 18:00:00+00:00,157.80585,157.88095,157.78145,157.88055,0,1786049324478,STALE
2026-08-06 18:15:00+00:00,157.87995,157.94405,157.82875,157.83895,0,1786049323578,STALE
2026-08-06 18:30:00+00:00,157.84035,157.84035,157.74745,157.77375,0,1786049322678,STALE
2026-08-06 18:45:00+00:00,157.77365,157.83595,157.75385,157.75995,0,1786049321778,STALE
2026-08-06 19:00:00+00:00,157.76115,157.78585,157.67795,157.70435,0,1786049320878,STALE
2026-08-06 19:15:00+00:00,157.70445,157.78715,157.69495,157.71365,0,1786049319978,STALE
2026-08-06 19:30:00+00:00,157.71405,157.75725,157.68345,157.74265,0,1786049319078,STALE
2026-08-06 19:45:00+00:00,157.74195,157.82665,157.73225,157.73685,0,1786049318178,STALE
2026-08-06 20:00:00+00:00,157.73645,157.80905,157.67895,157.68515,0,1786049317278,STALE
2026-08-06 20:15:00+00:00,157.68565,157.69585,157.60255,157.67495,0,1786049316378,STALE
2026-08-06 20:30:00+00:00,157.67515,157.69945,157.60265,157.61185,0,1786049315478,STALE
2026-08-06 20:45:00+00:00,157.60525,157.61715,157.45375,157.48245,0,1786049314578,STALE
2026-08-06 21:00:00+00:00,157.48215,157.59245,157.47885,157.57665,0,1786049313678,STALE
2026-08-06 21:15:00+00:00,157.57625,157.65585,157.57405,157.57545,0,1786049312778,STALE
2026-08-06 21:30:00+00:00,157.57605,157.59675,157.46125,157.47025,0,1786049311878,STALE
2026-08-06 21:45:00+00:00,157.46945,157.47185,157.37545,157.38495,0,1786049310978,STALE
2026-08-06 22:00:00+00:00,157.38575,157.44005,157.30835,157.43905,0,1786049310078,STALE
2026-08-06 22:15:00+00:00,157.43875,157.44955,157.39165,157.41085,0,1786049309178,STALE
2026-08-06 22:30:00+00:00,157.40575,157.41435,157.34895,157.36165,0,1786049308278,STALE
2026-08-06 22:45:00+00:00,157.35985,157.42775,157.32075,157.42775,0,1786049307378,STALE
2026-08-06 23:00:00+00:00,157.42725,157.51035,157.42375,157.49755,0,1786049306478,STALE
2026-08-06 23:15:00+00:00,157.49765,157.58085,157.47505,157.57035,0,1786049305578,STALE
2026-08-06 23:30:00+00:00,157.56945,157.63735,157.54235,157.60255,0,1786049304678,STALE
2026-08-06 23:45:00+00:00,157.60325,157.61705,157.47225,157.48905,0,1786049303778,STALE
2026-08-07 00:00:00+00:00,157.48915,157.52585,157.43755,157.46785,0,1786049302878,STALE
2026-08-07 00:15:00+00:00,157.46735,157.56475,157.45955,157.53045,0,1786049301978,STALE
2026-08-07 00:30:00+00:00,157.53105,157.53865,157.42405,157.45165,0,1786049301078,STALE
2026-08-07 00:45:00+00:00,157.45065,157.46865,157.38355,157.39195,0,1786049300178,STALE
2026-08-07 01:00:00+00:00,157.39605,157.45075,157.32645,157.32855,0,1786049299278,STALE
2026-08-07 01:15:00+00:00,157.32865,157.32865,157.23715,157.23715,0,1786049298378,STALE
2026-08-07 01:30:00+00:00,157.23945,157.30005,157.16735,157.23295,0,1786049297478,STALE
2026-08-07 01:45:00+00:00,157.23285,157.26225,157.16875,157.21755,0,1786049296578,STALE
2026-08-07 02:00:00+00:00,157.21695,157.26635,157.16265,157.24915,0,1786049295678,STALE
2026-08-07 02:15:00+00:00,157.24885,157.33195,157.21735,157.33035,0,1786049294778,STALE
2026-08-07 02:30:00+00:00,157.33045,157.43565,157.31575,157.37945,0,1786049293878,STALE
2026-08-07 02:45:00+00:00,157.37905,157.46375,157.37185,157.45035,0,1786049292978,STALE
2026-08-07 03:00:00+00:00,157.44455,157.44455,157.33185,157.33715,0,1786049292078,STALE
2026-08-07 03:15:00+00:00,157.33745,157.47435,157.31005,157.46805,0,1786049291178,STALE
2026-08-07 03:30:00+00:00,157.46675,157.49475,157.40295,157.49475,0,1786049290278,STALE
2026-08-07 03:45:00+00:00,157.49535,157.52405,157.46245,157.48565,0,1786049289378,STALE
2026-08-07 04:00:00+00:00,157.48755,157.50525,157.44005,157.45155,0,1786049288478,STALE
2026-08-07 04:15:00+00:00,157.45195,157.51335,157.35665,157.39675,0,1786049287578,STALE
2026-08-07 04:30:00+00:00,157.39635,157.51595,157.39145,157.49575,0,1786049286678,STALE
2026-08-07 04:45:00+00:00,157.49605,157.55575,157.45795,157.50035,0,1786049285778,STALE
2026-08-07 05:00:00+00:00,157.50045,157.57605,157.49235,157.52655,0,1786049284878,STALE
2026-08-07 05:15:00+00:00,157.52685,157.53765,157.43805,157.48305,0,1786049283978,STALE
2026-08-07 05:30:00+00:00,157.48325,157.51055,157.41745,157.49245,0,1786049283078,STALE
2026-08-07 05:45:00+00:00,157.49235,157.50205,157.40885,157.45495,0,1786049282178,STALE
2026-08-07 06:00:00+00:00,157.45425,157.46275,157.35375,157.39265,0,1786049281278,STALE
2026-08-07 06:15:00+00:00,157.39325,157.47735,157.37025,157.40885,0,1786049280378,STALE
2026-08-07 06:30:00+00:00,157.40855,157.49795,157.35185,157.45615,0,1786049279478,STALE
2026-08-07 06:45:00+00:00,157.45665,157.49525,157.20765,157.28255,0,1786049278578,STALE
2026-08-07 07:00:00+00:00,157.28435,157.31285,157.08785,157.10115,0,1786049277678,STALE
2026-08-07 07:15:00+00:00,157.10165,157.13215,157.00815,157.12405,0,1786049276778,STALE
2026-08-07 07:30:00+00:00,157.12375,157.18755,157.09225,157.10525,0,1786049275878,STALE
2026-08-07 07:45:00+00:00,157.10555,157.18795,157.03595,157.14155,0,1786049274978,STALE
2026-08-07 08:00:00+00:00,157.14455,157.20575,157.11585,157.12465,0,1786049274078,STALE
2026-08-07 08:15:00+00:00,157.12665,157.20525,157.06235,157.20385,0,1786049273178,STALE
2026-08-07 08:30:00+00:00,157.20345,157.27115,157.16465,157.19125,0,1786049272278,STALE
2026-08-07 08:45:00+00:00,157.19205,157.31315,157.16455,157.29295,0,1786049271378,STALE
2026-08-07 09:00:00+00:00,157.29335,157.35475,157.20105,157.34255,0,1786049270478,STALE
2026-08-07 09:15:00+00:00,157.34195,157.49555,157.30425,157.48715,0,1786049269578,STALE
2026-08-07 09:30:00+00:00,157.48765,157.55435,157.48515,157.49475,0,1786049268678,STALE
2026-08-07 09:45:00+00:00,157.49445,157.49475,157.29785,157.33565,0,1786049267778,STALE
2026-08-07 10:00:00+00:00,157.33395,157.39745,157.27665,157.31065,0,1786049266878,STALE
2026-08-07 10:15:00+00:00,157.31155,157.35585,157.26425,157.27475,0,1786049265978,STALE
2026-08-07 10:30:00+00:00,157.27675,157.33795,157.20885,157.22525,0,1786049265078,STALE
2026-08-07 10:45:00+00:00,157.22535,157.22535,157.00225,157.05545,0,1786049264178,STALE
2026-08-07 11:00:00+00:00,157.05555,157.13475,157.00265,157.01655,0,1786049263278,STALE
2026-08-07 11:15:00+00:00,157.01725,157.09095,156.92045,157.07285,0,1786049262378,STALE
2026-08-07 11:30:00+00:00,157.07315,157.15585,157.06095,157.10465,0,1786049261478,STALE
2026-08-07 11:45:00+00:00,157.10815,157.12985,157.04335,157.10565,0,1786049260578,STALE
2026-08-07 12:00:00+00:00,157.10555,157.14605,157.05335,157.08995,0,1786049259678,STALE
2026-08-07 12:15:00+00:00,157.08885,157.10185,156.98075,157.02805,0,1786049258778,STALE
2026-08-07 12:30:00+00:00,157.02815,157.05255,156.91545,157.01985,0,1786049257878,STALE
2026-08-07 12:45:00+00:00,157.01975,157.02135,156.90305,156.94265,0,1786049256978,STALE
2026-08-07 13:00:00+00:00,156.94305,156.96835,156.80785,156.83295,0,1786049256078,STALE
2026-08-07 13:15:00+00:00,156.83255,156.89595,156.75245,156.76635,0,1786049255178,STALE
2026-08-07 13:30:00+00:00,156.76665,156.93505,156.76415,156.90465,0,1786049254278,STALE
2026-08-07 13:45:00+00:00,156.90535,157.02845,156.89505,157.01105,0,1786049253378,STALE
2026-08-07 14:00:00+00:00,157.01075,157.08935,156.93715,156.97725,0,1786049252478,STALE
2026-08-07 14:15:00+00:00,156.97695,157.02955,156.87565,156.87615,0,1786049251578,STALE
2026-08-07 14:30:00+00:00,156.87675,157.08615,156.87155,157.05225,0,1786049250678,STALE
2026-08-07 14:45:00+00:00,157.05185,157.14635,157.04705,157.10835,0,1786049249778,STALE
2026-08-07 15:00:00+00:00,157.11255,157.17075,157.05915,157.16215,0,1786049248878,STALE
2026-08-07 15:15:00+00:00,157.16235,157.21325,157.06455,157.11845,0,1786049247978,STALE
2026-08-07 15:30:00+00:00,157.11855,157.17405,157.05525,157.09135,0,1786049247078,STALE
2026-08-07 15:45:00+00:00,157.09125,157.23465,157.07415,157.23225,0,1786049246178,STALE
2026-08-07 16:00:00+00:00,157.23365,157.31715,157.20185,157.30045,0,1786049245278,STALE
2026-08-07 16:15:00+00:00,157.30115,157.44015,157.29045,157.34035,0,1786049244378,STALE
2026-08-07 16:30:00+00:00,157.34045,157.35405,157.20045,157.20885,0,1786049243478,STALE
2026-08-07 16:45:00+00:00,157.20905,157.23365,157.07435,157.12555,0,1786049242578,STALE
2026-08-07 17:00:00+00:00,157.12545,157.12905,156.97395,156.98295,0,1786049241678,STALE
2026-08-07 17:15:00+00:00,156.98085,157.14365,156.98025,157.12705,0,1786049240778,STALE
2026-08-07 17:30:00+00:00,157.12535,157.25345,157.12465,157.22225,0,1786049239878,STALE
2026-08-07 17:45:00+00:00,157.22195,157.24295,157.09795,157.17145,0,1786049238978,STALE
2026-08-07 18:00:00+00:00,157.17185,157.31025,157.15215,157.22795,0,1786049238078,STALE
2026-08-07 18:15:00+00:00,157.22755,157.35525,157.22755,157.28055,0,1786049237178,STALE
2026-08-07 18:30:00+00:00,157.28015,157.39395,157.27955,157.34595,0,1786049236278,STALE
2026-08-07 18:45:00+00:00,157.34565,157.47845,157.33275,157.41955,0,1786049235378,STALE
2026-08-07 19:00:00+00:00,157.41995,157.54705,157.36705,157.53735,0,1786049234478,STALE
2026-08-07 19:15:00+00:00,157.53745,157.58655,157.40835,157.42305,0,1786049233578,STALE
2026-08-07 19:30:00+00:00,157.42355,157.45915,157.33405,157.42575,0,1786049232678,STALE
2026-08-07 19:45:00+00:00,157.42375,157.47615,157.33755,157.35455,0,1786049231778,STALE
2026-08-07 20:00:00+00:00,157.35415,157.39165,157.29555,157.37135,0,1786049230878,STALE
2026-08-07 20:15:00+00:00,157.37025,157.45365,157.34085,157.36995,0,1786049229978,STALE
2026-08-07 20:30:00+00:00,157.36955,157.39855,157.28985,157.38125,0,1786049229078,STALE
2026-08-07 20:45:00+00:00,157.38045,157.44185,157.33785,157.36975,0,1786049228178,STALE
2026-08-07 21:00:00+00:00,157.36925,157.41655,157.29535,157.32845,0,1786049227278,STALE
2026-08-07 21:15:00+00:00,157.32815,157.38155,157.25685,157.26155,0,1786049226378,STALE
2026-08-07 21:30:00+00:00,157.26195,157.45185,157.24355,157.39545,0,1786049225478,STALE
2026-08-07 21:45:00+00:00,157.39535,157.39605,157.18665,157.31295,0,1786049224578,STALE
2026-08-07 22:00:00+00:00,157.31135,157.38845,157.23785,157.35065,0,1786049223678,STALE
2026-08-07 22:15:00+00:00,157.35045,157.38625,157.26025,157.26035,0,1786049222778,STALE
2026-08-07 22:30:00+00:00,157.26135,157.31875,157.16595,157.21905,0,1786049221878,STALE
2026-08-07 22:45:00+00:00,157.21795,157.40105,157.21465,157.40015,0,1786049220978,STALE
2026-08-07 23:00:00+00:00,157.39985,157.40825,157.18295,157.24625,0,1786049220078,STALE
2026-08-07 23:15:00+00:00,157.24665,157.30095,157.19045,157.28835,0,1786049219178,STALE
2026-08-07 23:30:00+00:00,157.28825,157.50315,157.25675,157.48195,0,1786049218278,STALE
2026-08-07 23:45:00+00:00,157.48105,157.55835,157.45625,157.51195,0,1786049217378,STALE
2026-08-08 00:00:00+00:00,157.51125,157.62875,157.49335,157.62805,0,1786049216478,STALE
2026-08-08 00:15:00+00:00,157.62815,157.73965,157.60055,157.67485,0,1786049215578,STALE
2026-08-08 00:30:00+00:00,157.67345,157.81725,157.64305,157.77715,0,1786049214678,STALE
2026-08-08 00:45:00+00:00,157.77805,157.89215,157.73965,157.89175,0,1786049213778,STALE
2026-08-08 01:00:00+00:00,157.89145,157.99645,157.85785,157.92865,0,1786049212878,STALE
2026-08-08 01:15:00+00:00,157.92875,158.00635,157.91215,157.98055,0,1786049211978,STALE
2026-08-08 01:30:00+00:00,157.98135,158.03025,157.90065,157.98385,0,1786049211078,STALE
2026-08-08 01:45:00+00:00,157.97965,157.99325,157.74595,157.84265,0,1786049210178,STALE
2026-08-08 02:00:00+00:00,157.84295,157.91575,157.80495,157.86815,0,1786049209278,STALE
2026-08-08 02:15:00+00:00,157.86865,157.91945,157.79015,157.91655,0,1786049208378,STALE
2026-08-08 02:30:00+00:00,157.91565,158.00105,157.89435,157.99265,0,1786049207478,STALE
2026-08-08 02:45:00+00:00,157.99365,158.11985,157.98675,158.11935,0,1786049206578,STALE
2026-08-08 03:00:00+00:00,158.11635,158.15885,158.05095,158.07795,0,1786049205678,STALE
2026-08-08 03:15:00+00:00,158.07845,158.10465,157.99445,158.07465,0,1786049204778,STALE
2026-08-08 03:30:00+00:00,158.07365,158.09755,157.99825,158.05935,0,1786049203878,STALE
2026-08-08 03:45:00+00:00,158.05905,158.12565,158.01185,158.08595,0,1786049202978,STALE
2026-08-08 04:00:00+00:00,158.08315,158.14825,158.03845,158.08685,0,1786049202078,STALE
2026-08-08 04:15:00+00:00,158.08815,158.18925,158.03775,158.16405,0,1786049201178,STALE
2026-08-08 04:30:00+00:00,158.16425,158.22845,158.11075,158.19425,0,1786049200278,STALE
2026-08-08 04:45:00+00:00,158.19455,158.25065,158.09425,158.14405,0,1786049199378,STALE
2026-08-08 05:00:00+00:00,158.14415,158.14615,157.99215,158.08735,0,1786049198478,STALE
2026-08-08 05:15:00+00:00,158.08655,158.10935,158.00395,158.01785,0,1786049197578,STALE
2026-08-08 05:30:00+00:00,158.01435,158.05985,157.93335,157.95905,0,1786049196678,STALE
2026-08-08 05:45:00+00:00,157.95885,158.17955,157.89075,158.06625,0,1786049195778,STALE
2026-08-08 06:00:00+00:00,158.06525,158.09625,157.82755,157.82895,0,1786049194878,STALE
2026-08-08 06:15:00+00:00,157.82915,157.90855,157.80245,157.88445,0,1786049193978,STALE
2026-08-08 06:30:00+00:00,157.88475,157.91095,157.77785,157.86935,0,1786049193078,STALE
2026-08-08 06:45:00+00:00,157.86955,157.95475,157.81835,157.94445,0,1786049192178,STALE
2026-08-08 07:00:00+00:00,157.94475,157.96885,157.89125,157.92165,0,1786049191278,STALE
2026-08-08 07:15:00+00:00,157.92275,158.03175,157.90245,158.01015,0,1786049190378,STALE
2026-08-08 07:30:00+00:00,158.00985,158.03925,157.90205,157.90335,0,1786049189478,STALE
2026-08-08 07:45:00+00:00,157.90295,158.03445,157.85445,157.91775,0,1786049188578,STALE
2026-08-08 08:00:00+00:00,157.91685,158.08155,157.89975,158.07795,0,1786049187678,STALE
2026-08-08 08:15:00+00:00,158.07765,158.15655,158.06275,158.12585,0,1786049186778,STALE
2026-08-08 08:30:00+00:00,158.12555,158.16535,157.94845,157.95285,0,1786049185878,STALE
2026-08-08 08:45:00+00:00,157.95295,158.12715,157.94635,158.09555,0,1786049184978,STALE
2026-08-08 09:00:00+00:00,158.09695,158.11285,158.00465,158.10685,0,1786049184078,STALE
2026-08-08 09:15:00+00:00,158.10705,158.31725,158.10595,158.28935,0,1786049183178,STALE
2026-08-08 09:30:00+00:00,158.28945,158.31185,158.16615,158.17955,0,1786049182278,STALE
2026-08-08 09:45:00+00:00,158.18225,158.25035,158.12405,158.14015,0,1786049181378,STALE
2026-08-08 10:00:00+00:00,158.14115,158.25305,158.12775,158.21635,0,1786049180478,STALE
2026-08-08 10:15:00+00:00,158.21835,158.25255,158.18605,158.21825,0,1786049179578,STALE
2026-08-08 10:30:00+00:00,158.21795,158.34655,158.18635,158.20655,0,1786049178678,STALE
2026-08-08 10:45:00+00:00,158.20795,158.30365,158.17035,158.26325,0,1786049177778,STALE
2026-08-08 11:00:00+00:00,158.26335,158.29365,158.21225,158.27425,0,1786049176878,STALE
2026-08-08 11:15:00+00:00,158.27475,158.31385,158.20375,158.28205,0,1786049175978,STALE
2026-08-08 11:30:00+00:00,158.28315,158.55525,158.25405,158.54835,0,1786049175078,STALE
2026-08-08 11:45:00+00:00,158.54845,158.62165,158.51785,158.57295,0,1786049174178,STALE
2026-08-08 12:00:00+00:00,158.57605,158.60385,158.51835,158.55815,0,1786049173278,STALE
2026-08-08 12:15:00+00:00,158.55805,158.75525,158.49325,158.73855,0,1786049172378,STALE
2026-08-08 12:30:00+00:00,158.73865,158.81825,158.67215,158.80005,0,1786049171478,STALE
2026-08-08 12:45:00+00:00,158.80105,158.81395,158.62455,158.63125,0,1786049170578,STALE
2026-08-08 13:00:00+00:00,158.62995,158.72265,158.57495,158.63665,0,1786049169678,STALE
2026-08-08 13:15:00+00:00,158.63925,158.70105,158.55165,158.55585,0,1786049168778,STALE
2026-08-08 13:30:00+00:00,158.55615,158.61345,158.51285,158.58295,0,1786049167878,STALE
2026-08-08 13:45:00+00:00,158.58215,158.71255,158.57895,158.64575,0,1786049166978,STALE
2026-08-08 14:00:00+00:00,158.64585,158.66135,158.54445,158.60575,0,1786049166078,STALE
2026-08-08 14:15:00+00:00,158.60675,158.78595,158.58005,158.78505,0,1786049165178,STALE
2026-08-08 14:30:00+00:00,158.78475,158.78855,158.58775,158.62995,0,1786049164278,STALE
2026-08-08 14:45:00+00:00,158.63125,158.74435,158.60545,158.64475,0,1786049163378,STALE
2026-08-08 15:00:00+00:00,158.65045,158.67935,158.50515,158.51055,0,1786049162478,STALE
2026-08-08 15:15:00+00:00,158.51005,158.54185,158.36985,158.36985,0,1786049161578,STALE
2026-08-08 15:30:00+00:00,158.36715,158.47755,158.31745,158.44135,0,1786049160678,STALE
2026-08-08 15:45:00+00:00,158.44095,158.48325,158.32095,158.39335,0,1786049159778,STALE
2026-08-08 16:00:00+00:00,158.39395,158.48465,158.36675,158.47715,0,1786049158878,STALE
2026-08-08 16:15:00+00:00,158.47735,158.52235,158.43285,158.50475,0,1786049157978,STALE
2026-08-08 16:30:00+00:00,158.50445,158.62135,158.43655,158.62125,0,1786049157078,STALE
2026-08-08 16:45:00+00:00,158.62145,158.72135,158.61275,158.69395,0,1786049156178,STALE
2026-08-08 17:00:00+00:00,158.69375,158.69375,158.46755,158.48555,0,1786049155278,STALE
2026-08-08 17:15:00+00:00,158.48695,158.67275,158.47875,158.62975,0,1786049154378,STALE
2026-08-08 17:30:00+00:00,158.63045,158.68215,158.61695,158.66275,0,1786049153478,STALE
2026-08-08 17:45:00+00:00,158.66215,158.68255,158.54535,158.66165,0,1786049152578,STALE
2026-08-08 18:00:00+00:00,158.66135,158.69635,158.57465,158.61835,0,1786049151678,STALE
2026-08-08 18:15:00+00:00,158.61825,158.63975,158.37495,158.37645,0,1786049150778,STALE
2026-08-08 18:30:00+00:00,158.37725,158.43585,158.33245,158.42195,0,1786049149878,STALE
2026-08-08 18:45:00+00:00,158.41965,158.54345,158.37605,158.54175,0,1786049148978,STALE
2026-08-08 19:00:00+00:00,158.54205,158.71865,158.51425,158.71255,0,1786049148078,STALE
2026-08-08 19:15:00+00:00,158.71245,158.75195,158.53315,158.53905,0,1786049147178,STALE
2026-08-08 19:30:00+00:00,158.53775,158.55805,158.47175,158.49875,0,1786049146278,STALE
2026-08-08 19:45:00+00:00,158.49865,158.55885,158.45465,158.54885,0,1786049145378,STALE
2026-08-08 20:00:00+00:00,158.54975,158.68685,158.50825,158.65825,0,1786049144478,STALE
2026-08-08 20:15:00+00:00,158.65775,158.69535,158.55825,158.64755,0,1786049143578,STALE
2026-08-08 20:30:00+00:00,158.64565,158.78485,158.62795,158.75575,0,1786049142678,STALE
2026-08-08 20:45:00+00:00,158.75605,158.79745,158.69055,158.74405,0,1786049141778,STALE
2026-08-08 21:00:00+00:00,158.74455,158.74655,158.47485,158.48385,0,1786049140878,STALE
2026-08-08 21:15:00+00:00,158.48285,158.61215,158.47285,158.58565,0,1786049139978,STALE
2026-08-08 21:30:00+00:00,158.58555,158.60875,158.49985,158.50945,0,1786049139078,STALE
2026-08-08 21:45:00+00:00,158.50905,158.53785,158.41415,158.48435,0,1786049138178,STALE
2026-08-08 22:00:00+00:00,158.48595,158.58225,158.46485,158.57485,0,1786049137278,STALE
2026-08-08 22:15:00+00:00,158.57455,158.59005,158.42595,158.55045,0,1786049136378,STALE
2026-08-08 22:30:00+00:00,158.55075,158.65525,158.54385,158.62155,0,1786049135478,STALE
2026-08-08 22:45:00+00:00,158.62135,158.62185,158.44145,158.47735,0,1786049134578,STALE
2026-08-08 23:00:00+00:00,158.47935,158.56095,158.44065,158.49245,0,1786049133678,STALE
2026-08-08 23:15:00+00:00,158.49295,158.51525,158.41655,158.43705,0,1786049132778,STALE
2026-08-08 23:30:00+00:00,158.43715,158.70885,158.42555,158.67405,0,1786049131878,STALE
2026-08-08 23:45:00+00:00,158.67415,158.74545,158.58865,158.73185,0,1786049130978,STALE
2026-08-09 00:00:00+00:00,158.73155,158.80135,158.68515,158.70075,0,1786049130078,STALE
2026-08-09 00:15:00+00:00,158.70015,158.80795,158.65645,158.75795,0,1786049129178,STALE
2026-08-09 00:30:00+00:00,158.75835,158.89205,158.74825,158.87475,0,1786049128278,STALE
2026-08-09 00:45:00+00:00,158.87495,159.00025,158.84795,158.98625,0,1786049127378,STALE
2026-08-09 01:00:00+00:00,158.98615,159.08125,158.94885,159.01855,0,1786049126478,STALE
2026-08-09 01:15:00+00:00,159.01995,159.19995,158.97715,159.19015,0,1786049125578,STALE
2026-08-09 01:30:00+00:00,159.19055,159.23135,159.11025,159.20575,0,1786049124678,STALE
2026-08-09 01:45:00+00:00,159.20505,159.34355,159.18465,159.29975,0,1786049123778,STALE
2026-08-09 02:00:00+00:00,159.29845,159.35895,159.21805,159.35855,0,1786049122878,STALE
2026-08-09 02:15:00+00:00,159.36005,159.48445,159.30895,159.46905,0,1786049121978,STALE
2026-08-09 02:30:00+00:00,159.46875,159.48705,159.28915,159.31555,0,1786049121078,STALE
2026-08-09 02:45:00+00:00,159.31595,159.40865,159.27145,159.28105,0,1786049120178,STALE
2026-08-09 03:00:00+00:00,159.28045,159.39715,159.22625,159.38835,0,1786049119278,STALE
2026-08-09 03:15:00+00:00,159.38875,159.49935,159.34525,159.49895,0,1786049118378,STALE
2026-08-09 03:30:00+00:00,159.49935,159.63395,159.47945,159.56085,0,1786049117478,STALE
2026-08-09 03:45:00+00:00,159.56045,159.58325,159.37025,159.39245,0,1786049116578,STALE
2026-08-09 04:00:00+00:00,159.39225,159.39685,159.24605,159.35975,0,1786049115678,STALE
2026-08-09 04:15:00+00:00,159.36135,159.40235,159.27395,159.38635,0,1786049114778,STALE
2026-08-09 04:30:00+00:00,159.38675,159.39835,159.31205,159.38385,0,1786049113878,STALE
2026-08-09 04:45:00+00:00,159.38435,159.46605,159.20615,159.23195,0,1786049112978,STALE
2026-08-09 05:00:00+00:00,159.22045,159.29605,159.19825,159.22725,0,1786049112078,STALE
2026-08-09 05:15:00+00:00,159.22625,159.28945,159.16105,159.25435,0,1786049111178,STALE
2026-08-09 05:30:00+00:00,159.25445,159.34815,159.20925,159.26495,0,1786049110278,STALE
2026-08-09 05:45:00+00:00,159.26525,159.46815,159.22985,159.38205,0,1786049109378,STALE
2026-08-09 06:00:00+00:00,159.38295,159.43885,159.30845,159.32255,0,1786049108478,STALE
2026-08-09 06:15:00+00:00,159.32235,159.39585,159.28565,159.30465,0,1786049107578,STALE
2026-08-09 06:30:00+00:00,159.30435,159.38285,159.26525,159.31145,0,1786049106678,STALE
2026-08-09 06:45:00+00:00,159.31055,159.32075,159.00945,159.01075,0,1786049105778,STALE
2026-08-09 07:00:00+00:00,159.01035,159.09035,158.92995,159.04265,0,1786049104878,STALE
2026-08-09 07:15:00+00:00,159.04215,159.10145,158.97945,159.07085,0,1786049103978,STALE
2026-08-09 07:30:00+00:00,159.07155,159.11195,158.95915,158.99985,0,1786049103078,STALE
2026-08-09 07:45:00+00:00,158.99955,159.01965,158.89855,158.98355,0,1786049102178,STALE
2026-08-09 08:00:00+00:00,158.98335,159.12165,158.97855,159.03925,0,1786049101278,STALE
2026-08-09 08:15:00+00:00,159.03935,159.20145,159.03875,159.13335,0,1786049100378,STALE
2026-08-09 08:30:00+00:00,159.13285,159.18435,159.06165,159.08165,0,1786049099478,STALE
2026-08-09 08:45:00+00:00,159.08235,159.20395,159.02845,159.18915,0,1786049098578,STALE
2026-08-09 09:00:00+00:00,159.18955,159.18955,159.01425,159.02575,0,1786049097678,STALE
2026-08-09 09:15:00+00:00,159.02625,159.13335,158.96925,159.04875,0,1786049096778,STALE
2026-08-09 09:30:00+00:00,159.04885,159.07665,158.95115,159.03435,0,1786049095878,STALE
2026-08-09 09:45:00+00:00,159.03415,159.14625,159.01545,159.13445,0,1786049094978,STALE
2026-08-09 10:00:00+00:00,159.13595,159.20605,159.05695,159.08515,0,1786049094078,STALE
2026-08-09 10:15:00+00:00,159.08625,159.14465,159.03245,159.05045,0,1786049093178,STALE
2026-08-09 10:30:00+00:00,159.05065,159.24155,158.98835,159.17555,0,1786049092278,STALE
2026-08-09 10:45:00+00:00,159.17575,159.19915,159.10795,159.10925,0,1786049091378,STALE
2026-08-09 11:00:00+00:00,159.10915,159.23645,159.09935,159.16305,0,1786049090478,STALE
2026-08-09 11:15:00+00:00,159.16295,159.17275,159.01675,159.04785,0,1786049089578,STALE
2026-08-09 11:30:00+00:00,159.04775,159.15775,159.04045,159.12085,0,1786049088678,STALE
2026-08-09 11:45:00+00:00,159.12185,159.18045,159.06135,159.07475,0,1786049087778,STALE
2026-08-09 12:00:00+00:00,159.07335,159.13645,159.00095,159.12285,0,1786049086878,STALE
2026-08-09 12:15:00+00:00,159.12235,159.22455,159.07075,159.18785,0,1786049085978,STALE
2026-08-09 12:30:00+00:00,159.18815,159.26215,159.14285,159.26185,0,1786049085078,STALE
2026-08-09 12:45:00+00:00,159.26175,159.32045,159.18845,159.29915,0,1786049084178,STALE
2026-08-09 13:00:00+00:00,159.30005,159.47295,159.29825,159.38845,0,1786049083278,STALE
2026-08-09 13:15:00+00:00,159.38545,159.46915,159.35275,159.41125,0,1786049082378,STALE
2026-08-09 13:30:00+00:00,159.41205,159.41535,159.26895,159.37375,0,1786049081478,STALE
2026-08-09 13:45:00+00:00,159.37415,159.38285,159.26335,159.30645,0,1786049080578,STALE
2026-08-09 14:00:00+00:00,159.30615,159.40765,159.23325,159.40735,0,1786049079678,STALE
2026-08-09 14:15:00+00:00,159.40795,159.55485,159.40105,159.48805,0,1786049078778,STALE
2026-08-09 14:30:00+00:00,159.48815,159.53045,159.41195,159.43805,0,1786049077878,STALE
2026-08-09 14:45:00+00:00,159.43855,159.44685,159.36965,159.39945,0,1786049076978,STALE
2026-08-09 15:00:00+00:00,159.39745,159.46375,159.32825,159.34355,0,1786049076078,STALE
2026-08-09 15:15:00+00:00,159.34365,159.46805,159.28065,159.46725,0,1786049075178,STALE
2026-08-09 15:30:00+00:00,159.45645,159.50185,159.41525,159.48555,0,1786049074278,STALE
2026-08-09 15:45:00+00:00,159.48505,159.54915,159.40725,159.46795,0,1786049073378,STALE
2026-08-09 16:00:00+00:00,159.46725,159.47385,159.35775,159.37355,0,1786049072478,STALE
2026-08-09 16:15:00+00:00,159.37405,159.54725,159.34085,159.39995,0,1786049071578,STALE
2026-08-09 16:30:00+00:00,159.40025,159.50975,159.39105,159.48875,0,1786049070678,STALE
2026-08-09 16:45:00+00:00,159.48885,159.56185,159.43815,159.50255,0,1786049069778,STALE
2026-08-09 17:00:00+00:00,159.50445,159.51045,159.37645,159.40425,0,1786049068878,STALE
2026-08-09 17:15:00+00:00,159.40455,159.42155,159.22055,159.25165,0,1786049067978,STALE
2026-08-09 17:30:00+00:00,159.25395,159.34265,159.17015,159.30225,0,1786049067078,STALE
2026-08-09 17:45:00+00:00,159.30195,159.37625,159.19585,159.27425,0,1786049066178,STALE
2026-08-09 18:00:00+00:00,159.27335,159.42625,159.26855,159.28805,0,1786049065278,STALE
2026-08-09 18:15:00+00:00,159.28835,159.38755,159.20885,159.38545,0,1786049064378,STALE
2026-08-09 18:30:00+00:00,159.38515,159.46965,159.36415,159.40225,0,1786049063478,STALE
2026-08-09 18:45:00+00:00,159.40145,159.56225,159.40145,159.52575,0,1786049062578,STALE
2026-08-09 19:00:00+00:00,159.52535,159.54345,159.39475,159.40515,0,1786049061678,STALE
2026-08-09 19:15:00+00:00,159.40315,159.50945,159.32815,159.47055,0,1786049060778,STALE
2026-08-09 19:30:00+00:00,159.47085,159.49575,159.33795,159.48625,0,1786049059878,STALE
2026-08-09 19:45:00+00:00,159.48635,159.48805,159.32065,159.43335,0,1786049058978,STALE
2026-08-09 20:00:00+00:00,159.43375,159.43375,159.24705,159.30525,0,1786049058078,STALE
2026-08-09 20:15:00+00:00,159.30655,159.31715,159.10865,159.12955,0,1786049057178,STALE
2026-08-09 20:30:00+00:00,159.12945,159.16905,159.01625,159.04565,0,1786049056278,STALE
2026-08-09 20:45:00+00:00,159.04555,159.05615,158.96975,158.97195,0,1786049055378,STALE
2026-08-09 21:00:00+00:00,158.97215,159.13435,158.94455,159.10725,0,1786049054478,STALE
2026-08-09 21:15:00+00:00,159.10765,159.15725,159.03135,159.13595,0,1786049053578,STALE
2026-08-09 21:30:00+00:00,159.13545,159.25685,159.11795,159.21545,0,1786049052678,STALE
2026-08-09 21:45:00+00:00,159.21705,159.37195,159.17415,159.34785,0,1786049051778,STALE
2026-08-09 22:00:00+00:00,159.34755,159.40825,159.28405,159.32215,0,1786049050878,STALE
2026-08-09 22:15:00+00:00,159.32205,159.33365,159.10365,159.10925,0,1786049049978,STALE
2026-08-09 22:30:00+00:00,159.10955,159.15755,159.07625,159.14365,0,1786049049078,STALE
2026-08-09 22:45:00+00:00,159.14505,159.31855,159.06765,159.31815,0,1786049048178,STALE
2026-08-09 23:00:00+00:00,159.31775,159.32195,159.16665,159.21475,0,1786049047278,STALE
2026-08-09 23:15:00+00:00,159.21485,159.29265,159.16655,159.22935,0,1786049046378,STALE
2026-08-09 23:30:00+00:00,159.22775,159.36935,159.22775,159.36005,0,1786049045478,STALE
2026-08-09 23:45:00+00:00,159.36045,159.39115,159.27225,159.30145,0,1786049044578,STALE
2026-08-10 00:00:00+00:00,159.30105,159.31305,159.20215,159.23245,0,1786049043678,STALE
2026-08-10 00:15:00+00:00,159.23295,159.34695,159.20505,159.22475,0,1786049042778,STALE
2026-08-10 00:30:00+00:00,159.22435,159.37875,159.21125,159.33005,0,1786049041878,STALE
2026-08-10 00:45:00+00:00,159.32985,159.35285,159.14965,159.16805,0,1786049040978,STALE
2026-08-10 01:00:00+00:00,159.16795,159.17975,159.04095,159.04095,0,1786049040078,STALE
2026-08-10 01:15:00+00:00,159.04135,159.19725,159.02535,159.19435,0,1786049039178,STALE
2026-08-10 01:30:00+00:00,159.19475,159.22525,159.12405,159.21435,0,1786049038278,STALE
2026-08-10 01:45:00+00:00,159.21285,159.24965,159.11625,159.23995,0,1786049037378,STALE
2026-08-10 02:00:00+00:00,159.23535,159.25505,158.99815,159.00905,0,1786049036478,STALE
2026-08-10 02:15:00+00:00,159.00945,159.05675,158.94855,158.95845,0,1786049035578,STALE
2026-08-10 02:30:00+00:00,158.95755,159.01055,158.86995,158.89255,0,1786049034678,STALE
2026-08-10 02:45:00+00:00,158.89285,158.95745,158.81195,158.84535,0,1786049033778,STALE
2026-08-10 03:00:00+00:00,158.84505,158.98635,158.84505,158.97855,0,1786049032878,STALE
2026-08-10 03:15:00+00:00,158.97545,159.12285,158.97545,159.08345,0,1786049031978,STALE
2026-08-10 03:30:00+00:00,159.08335,159.17815,159.04965,159.05015,0,1786049031078,STALE
2026-08-10 03:45:00+00:00,159.04965,159.06375,158.90845,158.92555,0,1786049030178,STALE
2026-08-10 04:00:00+00:00,158.92545,158.97935,158.88905,158.95335,0,1786049029278,STALE
2026-08-10 04:15:00+00:00,158.95295,158.98585,158.82925,158.93635,0,1786049028378,STALE
2026-08-10 04:30:00+00:00,158.93745,159.01085,158.82885,158.97385,0,1786049027478,STALE
2026-08-10 04:45:00+00:00,158.97345,159.21265,158.96805,159.17935,0,1786049026578,STALE
2026-08-10 05:00:00+00:00,159.17965,159.22725,159.10145,159.16395,0,1786049025678,STALE
2026-08-10 05:15:00+00:00,159.16365,159.24715,159.10825,159.11555,0,1786049024778,STALE
2026-08-10 05:30:00+00:00,159.11515,159.15225,159.01795,159.11685,0,1786049023878,STALE
2026-08-10 05:45:00+00:00,159.11725,159.15805,159.03895,159.12265,0,1786049022978,STALE
2026-08-10 06:00:00+00:00,159.12325,159.22385,159.11885,159.15525,0,1786049022078,STALE
2026-08-10 06:15:00+00:00,159.15555,159.23605,159.12655,159.15615,0,1786049021178,STALE
2026-08-10 06:30:00+00:00,159.15665,159.19675,159.03485,159.05695,0,1786049020278,STALE
2026-08-10 06:45:00+00:00,159.06225,159.11695,159.02415,159.05675,0,1786049019378,STALE
2026-08-10 07:00:00+00:00,159.05715,159.06595,158.97265,159.01575,0,1786049018478,STALE
2026-08-10 07:15:00+00:00,159.01585,159.11705,159.00785,159.01925,0,1786049017578,STALE
2026-08-10 07:30:00+00:00,159.01885,159.08485,158.98515,159.07995,0,1786049016678,STALE
2026-08-10 07:45:00+00:00,159.07955,159.11975,158.97325,159.05275,0,1786049015778,STALE
2026-08-10 08:00:00+00:00,159.05205,159.07005,158.87945,158.90305,0,1786049014878,STALE
2026-08-10 08:15:00+00:00,158.90285,158.94185,158.83435,158.90245,0,1786049013978,STALE
2026-08-10 08:30:00+00:00,158.90275,159.02365,158.84695,158.97715,0,1786049013078,STALE
2026-08-10 08:45:00+00:00,158.97705,159.06255,158.91025,158.95635,0,1786049012178,STALE
2026-08-10 09:00:00+00:00,158.95365,159.06275,158.93635,158.96335,0,1786049011278,STALE
2026-08-10 09:15:00+00:00,158.96285,158.98685,158.86055,158.97305,0,1786049010378,STALE
2026-08-10 09:30:00+00:00,158.97265,159.01675,158.89365,158.93215,0,1786049009478,STALE
2026-08-10 09:45:00+00:00,158.93175,159.08865,158.88585,159.08025,0,1786049008578,STALE
2026-08-10 10:00:00+00:00,159.08065,159.10295,159.01065,159.09935,0,1786049007678,STALE
2026-08-10 10:15:00+00:00,159.09915,159.14485,159.03025,159.09325,0,1786049006778,STALE
2026-08-10 10:30:00+00:00,159.09495,159.29345,159.06815,159.27775,0,1786049005878,STALE
2026-08-10 10:45:00+00:00,159.27825,159.28625,159.09415,159.09635,0,1786049004978,STALE
2026-08-10 11:00:00+00:00,159.09505,159.17185,159.07615,159.12975,0,1786049004078,STALE
2026-08-10 11:15:00+00:00,159.13025,159.34625,159.13025,159.32355,0,1786049003178,STALE
2026-08-10 11:30:00+00:00,159.32295,159.40185,159.29025,159.35225,0,1786049002278,STALE
2026-08-10 11:45:00+00:00,159.35235,159.46525,159.33905,159.43165,0,1786049001378,STALE
2026-08-10 12:00:00+00:00,159.43195,159.50035,159.38785,159.47705,0,1786049000478,STALE
2026-08-10 12:15:00+00:00,159.47625,159.48075,159.31955,159.32955,0,1786048999578,STALE
2026-08-10 12:30:00+00:00,159.32965,159.35135,159.21035,159.23725,0,1786048998678,STALE
2026-08-10 12:45:00+00:00,159.23765,159.36475,159.21915,159.31825,0,1786048997778,STALE
2026-08-10 13:00:00+00:00,159.31795,159.37525,159.25525,159.28405,0,1786048996878,STALE
2026-08-10 13:15:00+00:00,159.28395,159.28395,159.19075,159.23415,0,1786048995978,STALE
2026-08-10 13:30:00+00:00,159.23465,159.28255,159.16565,159.23205,0,1786048995078,STALE
2026-08-10 13:45:00+00:00,159.22905,159.23525,159.11975,159.14415,0,1786048994178,STALE
2026-08-10 14:00:00+00:00,159.14375,159.27165,159.13575,159.18935,0,1786048993278,STALE
2026-08-10 14:15:00+00:00,159.18925,159.26865,159.16295,159.23265,0,1786048992378,STALE
2026-08-10 14:30:00+00:00,159.23285,159.28975,159.11755,159.15895,0,1786048991478,STALE
2026-08-10 14:45:00+00:00,159.15905,159.34575,159.15055,159.29135,0,1786048990578,STALE
2026-08-10 15:00:00+00:00,159.29175,159.29555,159.12935,159.19595,0,1786048989678,STALE
2026-08-10 15:15:00+00:00,159.19545,159.33755,159.14445,159.19835,0,1786048988778,STALE
2026-08-10 15:30:00+00:00,159.19885,159.30065,159.19185,159.27715,0,1786048987878,STALE
2026-08-10 15:45:00+00:00,159.27805,159.35305,159.26125,159.26785,0,1786048986978,STALE
2026-08-10 16:00:00+00:00,159.26775,159.31295,159.20655,159.24555,0,1786048986078,STALE
2026-08-10 16:15:00+00:00,159.24215,159.36105,159.21855,159.31755,0,1786048985178,STALE
2026-08-10 16:30:00+00:00,159.31985,159.36745,159.18525,159.24595,0,1786048984278,STALE
2026-08-10 16:45:00+00:00,159.25215,159.38095,159.22025,159.34045,0,1786048983378,STALE
2026-08-10 17:00:00+00:00,159.33975,159.47155,159.33935,159.40945,0,1786048982478,STALE
2026-08-10 17:15:00+00:00,159.40915,159.55615,159.39095,159.47575,0,1786048981578,STALE
2026-08-10 17:30:00+00:00,159.47645,159.58745,159.45325,159.54105,0,1786048980678,STALE
2026-08-10 17:45:00+00:00,159.54055,159.60065,159.51465,159.55395,0,1786048979778,STALE
2026-08-10 18:00:00+00:00,159.55435,159.59495,159.39445,159.43205,0,1786048978878,STALE
2026-08-10 18:15:00+00:00,159.43165,159.44965,159.29245,159.31745,0,1786048977978,STALE
2026-08-10 18:30:00+00:00,159.31705,159.36105,159.27605,159.35235,0,1786048977078,STALE
2026-08-10 18:45:00+00:00,159.35485,159.45915,159.29535,159.43255,0,1786048976178,STALE
2026-08-10 19:00:00+00:00,159.43265,159.45355,159.19665,159.28355,0,1786048975278,STALE
2026-08-10 19:15:00+00:00,159.28375,159.46925,159.25325,159.46365,0,1786048974378,STALE
2026-08-10 19:30:00+00:00,159.45765,159.48375,159.37475,159.45995,0,1786048973478,STALE
2026-08-10 19:45:00+00:00,159.45985,159.49115,159.15295,159.17585,0,1786048972578,STALE
2026-08-10 20:00:00+00:00,159.17495,159.23825,158.98155,159.02385,0,1786048971678,STALE
2026-08-10 20:15:00+00:00,159.02725,159.05705,158.95065,159.00445,0,1786048970778,STALE
2026-08-10 20:30:00+00:00,159.00415,159.05515,158.97595,159.02965,0,1786048969878,STALE
2026-08-10 20:45:00+00:00,159.02945,159.05945,158.71015,158.73485,0,1786048968978,STALE
2026-08-10 21:00:00+00:00,158.73945,158.88915,158.72465,158.87335,0,1786048968078,STALE
2026-08-10 21:15:00+00:00,158.87385,158.87665,158.74845,158.82125,0,1786048967178,STALE
2026-08-10 21:30:00+00:00,158.82065,159.03655,158.81825,159.00055,0,1786048966278,STALE
2026-08-10 21:45:00+00:00,159.00075,159.07675,158.94215,158.94605,0,1786048965378,STALE
2026-08-10 22:00:00+00:00,158.94555,158.98785,158.86845,158.93095,0,1786048964478,STALE
2026-08-10 22:15:00+00:00,158.93025,158.93675,158.76695,158.85415,0,1786048963578,STALE
2026-08-10 22:30:00+00:00,158.85465,159.18865,158.84935,159.18225,0,1786048962678,STALE
2026-08-10 22:45:00+00:00,159.18255,159.21395,159.13025,159.17745,0,1786048961778,STALE
2026-08-10 23:00:00+00:00,159.17735,159.19705,158.90415,158.97535,0,1786048960878,STALE
2026-08-10 23:15:00+00:00,158.97455,159.12855,158.90325,159.12145,0,1786048959978,STALE
2026-08-10 23:30:00+00:00,159.12055,159.12055,158.97875,159.07045,0,1786048959078,STALE
2026-08-10 23:45:00+00:00,159.06985,159.15845,158.98365,159.14245,0,1786048958178,STALE
2026-08-11 00:00:00+00:00,159.14255,159.16795,159.07055,159.14585,0,1786048957278,STALE
2026-08-11 00:15:00+00:00,159.14615,159.28315,159.07525,159.26875,0,1786048956378,STALE
2026-08-11 00:30:00+00:00,159.26915,159.40495,159.26635,159.39715,0,1786048955478,STALE
2026-08-11 00:45:00+00:00,159.39785,159.43165,159.28225,159.33335,0,1786048954578,STALE
2026-08-11 01:00:00+00:00,159.33285,159.39125,159.30105,159.30545,0,1786048953678,STALE
2026-08-11 01:15:00+00:00,159.30515,159.31475,159.20595,159.28245,0,1786048952778,STALE
2026-08-11 01:30:00+00:00,159.28255,159.33145,159.23725,159.28095,0,1786048951878,STALE
2026-08-11 01:45:00+00:00,159.28255,159.29135,159.15705,159.20275,0,1786048950978,STALE
2026-08-11 02:00:00+00:00,159.20285,159.26435,159.14915,159.17515,0,1786048950078,STALE
2026-08-11 02:15:00+00:00,159.17525,159.35375,159.14455,159.30075,0,1786048949178,STALE
2026-08-11 02:30:00+00:00,159.30065,159.36225,159.25585,159.32275,0,1786048948278,STALE
2026-08-11 02:45:00+00:00,159.32285,159.52055,159.31815,159.48755,0,1786048947378,STALE
2026-08-11 03:00:00+00:00,159.48715,159.62765,159.47565,159.56895,0,1786048946478,STALE
2026-08-11 03:15:00+00:00,159.56905,159.64405,159.53375,159.62945,0,1786048945578,STALE
2026-08-11 03:30:00+00:00,159.62595,159.76995,159.58215,159.66785,0,1786048944678,STALE
2026-08-11 03:45:00+00:00,159.66745,159.71605,159.58015,159.58035,0,1786048943778,STALE
2026-08-11 04:00:00+00:00,159.58035,159.58035,159.13685,159.20725,0,1786048942878,STALE
2026-08-11 04:15:00+00:00,159.20685,159.22935,159.09615,159.22165,0,1786048941978,STALE
2026-08-11 04:30:00+00:00,159.22175,159.24995,159.13835,159.19925,0,1786048941078,STALE
2026-08-11 04:45:00+00:00,159.20015,159.21795,159.04375,159.06755,0,1786048940178,STALE
2026-08-11 05:00:00+00:00,159.06805,159.12565,159.03265,159.08965,0,1786048939278,STALE
2026-08-11 05:15:00+00:00,159.08665,159.17615,159.07975,159.13125,0,1786048938378,STALE
2026-08-11 05:30:00+00:00,159.13145,159.15085,158.95955,158.98145,0,1786048937478,STALE
2026-08-11 05:45:00+00:00,158.98295,159.08735,158.91165,159.07525,0,1786048936578,STALE
2026-08-11 06:00:00+00:00,159.07485,159.26045,159.02035,159.21995,0,1786048935678,STALE
2026-08-11 06:15:00+00:00,159.22035,159.22495,159.08425,159.12295,0,1786048934778,STALE
2026-08-11 06:30:00+00:00,159.12225,159.17065,159.01005,159.04465,0,1786048933878,STALE
2026-08-11 06:45:00+00:00,159.04545,159.13225,158.96175,158.96815,0,1786048932978,STALE
2026-08-11 07:00:00+00:00,158.96845,158.96885,158.78325,158.86885,0,1786048932078,STALE
2026-08-11 07:15:00+00:00,158.86895,158.94395,158.85485,158.90805,0,1786048931178,STALE
2026-08-11 07:30:00+00:00,158.90855,158.91505,158.74515,158.83745,0,1786048930278,STALE
2026-08-11 07:45:00+00:00,158.83715,158.92365,158.78405,158.84605,0,1786048929378,STALE
2026-08-11 08:00:00+00:00,158.83975,158.84215,158.69775,158.76295,0,1786048928478,STALE
2026-08-11 08:15:00+00:00,158.76315,158.87865,158.76095,158.82695,0,1786048927578,STALE
2026-08-11 08:30:00+00:00,158.82655,158.88155,158.79155,158.84675,0,1786048926678,STALE
2026-08-11 08:45:00+00:00,158.84245,158.89685,158.78705,158.84525,0,1786048925778,STALE
2026-08-11 09:00:00+00:00,158.84565,158.89345,158.79615,158.81095,0,1786048924878,STALE
2026-08-11 09:15:00+00:00,158.81115,158.82795,158.66785,158.68115,0,1786048923978,STALE
2026-08-11 09:30:00+00:00,158.68135,158.70005,158.57165,158.63755,0,1786048923078,STALE
2026-08-11 09:45:00+00:00,158.63745,158.63745,158.49125,158.54395,0,1786048922178,STALE
2026-08-11 10:00:00+00:00,158.54375,158.63765,158.45365,158.46545,0,1786048921278,STALE
2026-08-11 10:15:00+00:00,158.46465,158.50745,158.39565,158.40785,0,1786048920378,STALE
2026-08-11 10:30:00+00:00,158.40815,158.51025,158.38615,158.42325,0,1786048919478,STALE
2026-08-11 10:45:00+00:00,158.42335,158.60595,158.40995,158.54385,0,1786048918578,STALE
2026-08-11 11:00:00+00:00,158.54425,158.56575,158.25705,158.32335,0,1786048917678,STALE
2026-08-11 11:15:00+00:00,158.32465,158.36755,158.21045,158.21495,0,1786048916778,STALE
2026-08-11 11:30:00+00:00,158.21695,158.22505,158.11165,158.14715,0,1786048915878,STALE
2026-08-11 11:45:00+00:00,158.14705,158.24085,158.08945,158.14175,0,1786048914978,STALE
2026-08-11 12:00:00+00:00,158.14265,158.21875,158.10795,158.18895,0,1786048914078,STALE
2026-08-11 12:15:00+00:00,158.18905,158.24815,158.16015,158.21605,0,1786048913178,STALE
2026-08-11 12:30:00+00:00,158.21635,158.26505,158.12915,158.22675,0,1786048912278,STALE
2026-08-11 12:45:00+00:00,158.22685,158.29895,158.21705,158.25005,0,1786048911378,STALE
2026-08-11 13:00:00+00:00,158.25055,158.28345,158.06415,158.06695,0,1786048910478,STALE
2026-08-11 13:15:00+00:00,158.06655,158.15875,158.05625,158.12045,0,1786048909578,STALE
2026-08-11 13:30:00+00:00,158.12025,158.19725,158.07485,158.13315,0,1786048908678,STALE
2026-08-11 13:45:00+00:00,158.13215,158.23455,158.11635,158.17795,0,1786048907778,STALE
2026-08-11 14:00:00+00:00,158.17745,158.30205,158.15605,158.20605,0,1786048906878,STALE
2026-08-11 14:15:00+00:00,158.21305,158.24195,158.06535,158.16275,0,1786048905978,STALE
2026-08-11 14:30:00+00:00,158.16245,158.27875,158.15015,158.26695,0,1786048905078,STALE
2026-08-11 14:45:00+00:00,158.26685,158.28555,158.18255,158.22705,0,1786048904178,STALE
2026-08-11 15:00:00+00:00,158.22665,158.25175,158.14755,158.20365,0,1786048903278,STALE
2026-08-11 15:15:00+00:00,158.20335,158.23655,158.16535,158.20115,0,1786048902378,STALE
2026-08-11 15:30:00+00:00,158.20125,158.25935,158.08915,158.22865,0,1786048901478,STALE
2026-08-11 15:45:00+00:00,158.23115,158.25585,158.14015,158.23115,0,1786048900578,STALE
2026-08-11 16:00:00+00:00,158.23165,158.28655,158.11745,158.13185,0,1786048899678,STALE
2026-08-11 16:15:00+00:00,158.13225,158.15275,158.05445,158.07245,0,1786048898778,STALE
2026-08-11 16:30:00+00:00,158.07275,158.09925,158.01425,158.02455,0,1786048897878,STALE
2026-08-11 16:45:00+00:00,158.02505,158.04545,157.81365,157.90205,0,1786048896978,STALE
2026-08-11 17:00:00+00:00,157.90195,157.93275,157.83115,157.88415,0,1786048896078,STALE
2026-08-11 17:15:00+00:00,157.88445,157.90425,157.73995,157.80065,0,1786048895178,STALE
2026-08-11 17:30:00+00:00,157.80095,157.83865,157.68425,157.71145,0,1786048894278,STALE
2026-08-11 17:45:00+00:00,157.71225,157.81755,157.70435,157.77855,0,1786048893378,STALE
2026-08-11 18:00:00+00:00,157.77765,157.79435,157.65585,157.68345,0,1786048892478,STALE
2026-08-11 18:15:00+00:00,157.68315,157.69575,157.55865,157.61335,0,1786048891578,STALE
2026-08-11 18:30:00+00:00,157.61465,157.62735,157.47215,157.47315,0,1786048890678,STALE
2026-08-11 18:45:00+00:00,157.47275,157.57015,157.44455,157.49495,0,1786048889778,STALE
2026-08-11 19:00:00+00:00,157.49485,157.57305,157.42575,157.56505,0,1786048888878,STALE
2026-08-11 19:15:00+00:00,157.56455,157.71905,157.51955,157.68585,0,1786048887978,STALE
2026-08-11 19:30:00+00:00,157.68805,157.84775,157.67475,157.84095,0,1786048887078,STALE
2026-08-11 19:45:00+00:00,157.83995,157.87235,157.72405,157.79535,0,1786048886178,STALE
2026-08-11 20:00:00+00:00,157.79395,157.83845,157.73785,157.78295,0,1786048885278,STALE
2026-08-11 20:15:00+00:00,157.78325,157.79315,157.64055,157.65415,0,1786048884378,STALE
2026-08-11 20:30:00+00:00,157.65435,157.66485,157.48435,157.60615,0,1786048883478,STALE
2026-08-11 20:45:00+00:00,157.60585,157.69585,157.56955,157.57905,0,1786048882578,STALE
2026-08-11 21:00:00+00:00,157.57945,157.63195,157.49205,157.60415,0,1786048881678,STALE
2026-08-11 21:15:00+00:00,157.60435,157.66885,157.52025,157.63345,0,1786048880778,STALE
2026-08-11 21:30:00+00:00,157.63525,157.83945,157.59485,157.83805,0,1786048879878,STALE
2026-08-11 21:45:00+00:00,157.83755,157.87605,157.76575,157.82415,0,1786048878978,STALE
2026-08-11 22:00:00+00:00,157.82495,157.87715,157.76735,157.81465,0,1786048878078,STALE
2026-08-11 22:15:00+00:00,157.81505,157.87585,157.77145,157.87445,0,1786048877178,STALE
2026-08-11 22:30:00+00:00,157.87525,157.91615,157.80635,157.80635,0,1786048876278,STALE
2026-08-11 22:45:00+00:00,157.81075,157.82745,157.72445,157.78495,0,1786048875378,STALE
2026-08-11 23:00:00+00:00,157.78475,157.99395,157.76945,157.98285,0,1786048874478,STALE
2026-08-11 23:15:00+00:00,157.98165,157.99575,157.86165,157.87055,0,1786048873578,STALE
2026-08-11 23:30:00+00:00,157.87035,157.87285,157.69935,157.73105,0,1786048872678,STALE
2026-08-11 23:45:00+00:00,157.72995,157.81495,157.62865,157.76615,0,1786048871778,STALE
2026-08-12 00:00:00+00:00,157.76605,157.79735,157.65615,157.72865,0,1786048870878,STALE
2026-08-12 00:15:00+00:00,157.72825,157.75175,157.62625,157.66335,0,1786048869978,STALE
2026-08-12 00:30:00+00:00,157.66245,157.74325,157.63335,157.72225,0,1786048869078,STALE
2026-08-12 00:45:00+00:00,157.72275,157.85585,157.69905,157.84295,0,1786048868178,STALE
2026-08-12 01:00:00+00:00,157.84335,157.99385,157.84235,157.99055,0,1786048867278,STALE
2026-08-12 01:15:00+00:00,157.99085,158.03325,157.87645,157.94375,0,1786048866378,STALE
2026-08-12 01:30:00+00:00,157.94385,158.14445,157.92015,158.13415,0,1786048865478,STALE
2026-08-12 01:45:00+00:00,158.13255,158.31115,158.11495,158.27095,0,1786048864578,STALE
2026-08-12 02:00:00+00:00,158.27025,158.42145,158.27015,158.41835,0,1786048863678,STALE
2026-08-12 02:15:00+00:00,158.41865,158.45175,158.36625,158.42215,0,1786048862778,STALE
2026-08-12 02:30:00+00:00,158.42255,158.54855,158.39635,158.50805,0,1786048861878,STALE
2026-08-12 02:45:00+00:00,158.50655,158.64645,158.49385,158.55045,0,1786048860978,STALE
2026-08-12 03:00:00+00:00,158.55065,158.55435,158.40075,158.51315,0,1786048860078,STALE
2026-08-12 03:15:00+00:00,158.51225,158.55075,158.47085,158.50675,0,1786048859178,STALE
2026-08-12 03:30:00+00:00,158.50725,158.56605,158.47575,158.50465,0,1786048858278,STALE
2026-08-12 03:45:00+00:00,158.50575,158.58255,158.41555,158.51975,0,1786048857378,STALE
2026-08-12 04:00:00+00:00,158.51995,158.60815,158.47725,158.53105,0,1786048856478,STALE
2026-08-12 04:15:00+00:00,158.53065,158.71845,158.49275,158.69865,0,1786048855578,STALE
2026-08-12 04:30:00+00:00,158.69805,158.80195,158.67965,158.77485,0,1786048854678,STALE
2026-08-12 04:45:00+00:00,158.77585,158.78515,158.70895,158.75095,0,1786048853778,STALE
2026-08-12 05:00:00+00:00,158.75045,158.86105,158.69215,158.85765,0,1786048852878,STALE
2026-08-12 05:15:00+00:00,158.85715,158.89085,158.80325,158.88835,0,1786048851978,STALE
2026-08-12 05:30:00+00:00,158.88895,158.97165,158.83195,158.95855,0,1786048851078,STALE
2026-08-12 05:45:00+00:00,158.95865,159.06105,158.92495,159.04915,0,1786048850178,STALE
2026-08-12 06:00:00+00:00,159.05015,159.14895,158.98725,159.08665,0,1786048849278,STALE
2026-08-12 06:15:00+00:00,159.08585,159.11325,159.01775,159.08835,0,1786048848378,STALE
2026-08-12 06:30:00+00:00,159.08745,159.16845,159.00095,159.01135,0,1786048847478,STALE
2026-08-12 06:45:00+00:00,159.01175,159.03155,158.94355,158.97385,0,1786048846578,STALE
2026-08-12 07:00:00+00:00,158.97395,159.03705,158.91965,158.95835,0,1786048845678,STALE
2026-08-12 07:15:00+00:00,158.95845,159.06645,158.92625,159.02565,0,1786048844778,STALE
2026-08-12 07:30:00+00:00,159.02675,159.17485,158.90355,159.12615,0,1786048843878,STALE
2026-08-12 07:45:00+00:00,159.12485,159.15235,159.04965,159.11955,0,1786048842978,STALE
2026-08-12 08:00:00+00:00,159.11965,159.23505,159.10565,159.16085,0,1786048842078,STALE
2026-08-12 08:15:00+00:00,159.16155,159.18995,159.08845,159.13745,0,1786048841178,STALE
2026-08-12 08:30:00+00:00,159.13785,159.22135,159.05765,159.12255,0,1786048840278,STALE
2026-08-12 08:45:00+00:00,159.12305,159.17005,159.06385,159.16885,0,1786048839378,STALE
2026-08-12 09:00:00+00:00,159.16835,159.37225,159.13755,159.29655,0,1786048838478,STALE
2026-08-12 09:15:00+00:00,159.29395,159.33515,159.23425,159.28025,0,1786048837578,STALE
2026-08-12 09:30:00+00:00,159.27905,159.32245,159.18255,159.25635,0,1786048836678,STALE
2026-08-12 09:45:00+00:00,159.25605,159.26625,159.11315,159.21025,0,1786048835778,STALE
2026-08-12 10:00:00+00:00,159.21085,159.35965,159.20865,159.26715,0,1786048834878,STALE
2026-08-12 10:15:00+00:00,159.26755,159.36055,159.25615,159.33015,0,1786048833978,STALE
2026-08-12 10:30:00+00:00,159.32875,159.35445,159.19265,159.20215,0,1786048833078,STALE
2026-08-12 10:45:00+00:00,159.20755,159.23785,159.06645,159.10545,0,1786048832178,STALE
2026-08-12 11:00:00+00:00,159.10635,159.14175,158.94995,159.04645,0,1786048831278,STALE
2026-08-12 11:15:00+00:00,159.04605,159.07705,158.98855,159.01235,0,1786048830378,STALE
2026-08-12 11:30:00+00:00,159.01285,159.08635,158.96375,159.05205,0,1786048829478,STALE
2026-08-12 11:45:00+00:00,159.05375,159.09485,158.96295,159.00585,0,1786048828578,STALE
2026-08-12 12:00:00+00:00,159.00545,159.01885,158.89585,158.98075,0,1786048827678,STALE
2026-08-12 12:15:00+00:00,158.98045,159.06395,158.94695,158.97355,0,1786048826778,STALE
2026-08-12 12:30:00+00:00,158.97325,159.02975,158.91615,158.94345,0,1786048825878,STALE
2026-08-12 12:45:00+00:00,158.94355,158.97385,158.82435,158.84575,0,1786048824978,STALE
2026-08-12 13:00:00+00:00,158.84455,158.97595,158.80135,158.96155,0,1786048824078,STALE
2026-08-12 13:15:00+00:00,158.96215,159.02165,158.91585,158.97685,0,1786048823178,STALE
2026-08-12 13:30:00+00:00,158.97735,158.97735,158.80195,158.92445,0,1786048822278,STALE
2026-08-12 13:45:00+00:00,158.92465,159.01685,158.92365,159.00295,0,1786048821378,STALE
2026-08-12 14:00:00+00:00,159.00305,159.17545,158.95575,159.10805,0,1786048820478,STALE
2026-08-12 14:15:00+00:00,159.10985,159.14215,158.92465,158.94755,0,1786048819578,STALE
2026-08-12 14:30:00+00:00,158.94745,158.96095,158.86555,158.91115,0,1786048818678,STALE
2026-08-12 14:45:00+00:00,158.91105,158.92095,158.79645,158.86385,0,1786048817778,STALE
2026-08-12 15:00:00+00:00,158.86375,158.86895,158.73785,158.79885,0,1786048816878,STALE
2026-08-12 15:15:00+00:00,158.79875,158.80835,158.64985,158.70655,0,1786048815978,STALE
2026-08-12 15:30:00+00:00,158.70745,158.74115,158.63775,158.74115,0,1786048815078,STALE
2026-08-12 15:45:00+00:00,158.74095,158.77435,158.67885,158.70555,0,1786048814178,STALE
2026-08-12 16:00:00+00:00,158.70575,158.70885,158.58295,158.68645,0,1786048813278,STALE
2026-08-12 16:15:00+00:00,158.68595,158.72975,158.52845,158.59295,0,1786048812378,STALE
2026-08-12 16:30:00+00:00,158.59265,158.63835,158.55345,158.58415,0,1786048811478,STALE
2026-08-12 16:45:00+00:00,158.58455,158.67885,158.48405,158.63615,0,1786048810578,STALE
2026-08-12 17:00:00+00:00,158.63675,158.80335,158.63385,158.77385,0,1786048809678,STALE
2026-08-12 17:15:00+00:00,158.77305,158.95785,158.76225,158.85545,0,1786048808778,STALE
2026-08-12 17:30:00+00:00,158.85595,158.94395,158.82375,158.89065,0,1786048807878,STALE
2026-08-12 17:45:00+00:00,158.88405,158.92205,158.77535,158.77755,0,1786048806978,STALE
2026-08-12 18:00:00+00:00,158.77715,158.87385,158.72815,158.77065,0,1786048806078,STALE
2026-08-12 18:15:00+00:00,158.77035,158.93725,158.76005,158.91725,0,1786048805178,STALE
2026-08-12 18:30:00+00:00,158.91635,158.98245,158.88185,158.88365,0,1786048804278,STALE
2026-08-12 18:45:00+00:00,158.88325,159.00375,158.85665,158.92085,0,1786048803378,STALE
2026-08-12 19:00:00+00:00,158.92065,159.00995,158.89505,158.99055,0,1786048802478,STALE
2026-08-12 19:15:00+00:00,158.99015,159.04875,158.92945,158.97295,0,1786048801578,STALE
2026-08-12 19:30:00+00:00,158.97325,159.07525,158.97325,159.01365,0,1786048800678,STALE
2026-08-12 19:45:00+00:00,159.01375,159.14035,158.97655,159.09265,0,1786048799778,STALE
2026-08-12 20:00:00+00:00,159.09255,159.21325,159.08965,159.10335,0,1786048798878,STALE
2026-08-12 20:15:00+00:00,159.09795,159.16425,159.03875,159.16255,0,1786048797978,STALE
2026-08-12 20:30:00+00:00,159.16285,159.22725,159.10365,159.19765,0,1786048797078,STALE
2026-08-12 20:45:00+00:00,159.19725,159.24865,159.16165,159.20755,0,1786048796178,STALE
2026-08-12 21:00:00+00:00,159.20785,159.21715,158.93475,158.93705,0,1786048795278,STALE
2026-08-12 21:15:00+00:00,158.93685,158.93975,158.85145,158.86075,0,1786048794378,STALE
2026-08-12 21:30:00+00:00,158.86165,158.87955,158.77725,158.86665,0,1786048793478,STALE
2026-08-12 21:45:00+00:00,158.86685,158.91585,158.80725,158.83765,0,1786048792578,STALE
2026-08-12 22:00:00+00:00,158.83885,158.84235,158.71665,158.72665,0,1786048791678,STALE
2026-08-12 22:15:00+00:00,158.72675,158.72825,158.49435,158.52105,0,1786048790778,STALE
2026-08-12 22:30:00+00:00,158.52145,158.77355,158.46615,158.76195,0,1786048789878,STALE
2026-08-12 22:45:00+00:00,158.76045,158.77835,158.64895,158.69585,0,1786048788978,STALE
2026-08-12 23:00:00+00:00,158.69675,158.72155,158.59835,158.59835,0,1786048788078,STALE
2026-08-12 23:15:00+00:00,158.59795,158.65125,158.47735,158.47825,0,1786048787178,STALE
2026-08-12 23:30:00+00:00,158.47815,158.58585,158.43675,158.55685,0,1786048786278,STALE
2026-08-12 23:45:00+00:00,158.54705,158.55945,158.47525,158.49395,0,1786048785378,STALE
2026-08-13 00:00:00+00:00,158.49415,158.61755,158.45035,158.58075,0,1786048784478,STALE
2026-08-13 00:15:00+00:00,158.58105,158.68125,158.55635,158.63465,0,1786048783578,STALE
2026-08-13 00:30:00+00:00,158.63485,158.65445,158.47065,158.51955,0,1786048782678,STALE
2026-08-13 00:45:00+00:00,158.51975,158.56405,158.40475,158.40555,0,1786048781778,STALE
2026-08-13 01:00:00+00:00,158.40225,158.49765,158.34515,158.49395,0,1786048780878,STALE
2026-08-13 01:15:00+00:00,158.49375,158.59515,158.49095,158.57245,0,1786048779978,STALE
2026-08-13 01:30:00+00:00,158.57215,158.58695,158.44505,158.55385,0,1786048779078,STALE
2026-08-13 01:45:00+00:00,158.55305,158.56025,158.38985,158.43805,0,1786048778178,STALE
2026-08-13 02:00:00+00:00,158.43895,158.54785,158.42065,158.45565,0,1786048777278,STALE
2026-08-13 02:15:00+00:00,158.45605,158.54505,158.37215,158.53175,0,1786048776378,STALE
2026-08-13 02:30:00+00:00,158.53145,158.56635,158.44305,158.51255,0,1786048775478,STALE
2026-08-13 02:45:00+00:00,158.51065,158.60905,158.50115,158.56085,0,1786048774578,STALE
2026-08-13 03:00:00+00:00,158.56715,158.59435,158.44265,158.47195,0,1786048773678,STALE
2026-08-13 03:15:00+00:00,158.47175,158.51255,158.40585,158.46985,0,1786048772778,STALE
2026-08-13 03:30:00+00:00,158.47035,158.47415,158.31985,158.34865,0,1786048771878,STALE
2026-08-13 03:45:00+00:00,158.34945,158.46135,158.28635,158.44725,0,1786048770978,STALE
2026-08-13 04:00:00+00:00,158.44725,159.53975,158.44725,159.51735,0,1786048770078,STALE
2026-08-13 04:15:00+00:00,159.51605,159.52465,159.37865,159.38135,0,1786048769178,STALE
2026-08-13 04:30:00+00:00,159.38065,159.55915,159.37365,159.53955,0,1786048768278,STALE
2026-08-13 04:45:00+00:00,159.53915,159.54355,159.44445,159.50685,0,1786048767378,STALE
2026-08-13 05:00:00+00:00,159.50735,159.60915,159.49425,159.57135,0,1786048766478,STALE
2026-08-13 05:15:00+00:00,159.56735,159.56825,159.47445,159.55695,0,1786048765578,STALE
2026-08-13 05:30:00+00:00,159.55785,159.61095,159.51195,159.55065,0,1786048764678,STALE
2026-08-13 05:45:00+00:00,159.54895,159.71335,159.51005,159.68655,0,1786048763778,STALE
2026-08-13 06:00:00+00:00,159.68735,159.75335,159.67385,159.70575,0,1786048762878,STALE
2026-08-13 06:15:00+00:00,159.70545,159.80485,159.67815,159.80365,0,1786048761978,STALE
2026-08-13 06:30:00+00:00,159.80275,159.84105,159.73865,159.74975,0,1786048761078,STALE
2026-08-13 06:45:00+00:00,159.75255,159.76165,159.56585,159.61115,0,1786048760178,STALE
2026-08-13 07:00:00+00:00,159.61165,159.62025,159.53615,159.57505,0,1786048759278,STALE
2026-08-13 07:15:00+00:00,159.57535,159.63475,159.53265,159.62235,0,1786048758378,STALE
2026-08-13 07:30:00+00:00,159.62285,159.70405,159.59975,159.67695,0,1786048757478,STALE
2026-08-13 07:45:00+00:00,159.67795,159.70435,159.61655,159.61655,0,1786048756578,STALE
2026-08-13 08:00:00+00:00,159.61725,159.61725,159.47135,159.51295,0,1786048755678,STALE
2026-08-13 08:15:00+00:00,159.51335,159.51545,159.40525,159.44275,0,1786048754778,STALE
2026-08-13 08:30:00+00:00,159.44225,159.54345,159.43225,159.45605,0,1786048753878,STALE
2026-08-13 08:45:00+00:00,159.45655,159.49045,159.37295,159.43615,0,1786048752978,STALE
2026-08-13 09:00:00+00:00,159.43815,159.53675,159.41625,159.53545,0,1786048752078,STALE
2026-08-13 09:15:00+00:00,159.52965,159.61155,159.50775,159.60775,0,1786048751178,STALE
2026-08-13 09:30:00+00:00,159.60825,159.60945,159.50065,159.53995,0,1786048750278,STALE
2026-08-13 09:45:00+00:00,159.53955,159.59195,159.49125,159.58735,0,1786048749378,STALE
2026-08-13 10:00:00+00:00,159.58715,159.68235,159.54575,159.54915,0,1786048748478,STALE
2026-08-13 10:15:00+00:00,159.54755,159.64395,159.51455,159.59015,0,1786048747578,STALE
2026-08-13 10:30:00+00:00,159.59055,159.66875,159.55285,159.57755,0,1786048746678,STALE
2026-08-13 10:45:00+00:00,159.57735,159.68565,159.49525,159.67965,0,1786048745778,STALE
2026-08-13 11:00:00+00:00,159.68135,159.69475,159.57875,159.63845,0,1786048744878,STALE
2026-08-13 11:15:00+00:00,159.63825,159.92595,159.63325,159.92465,0,1786048743978,STALE
2026-08-13 11:30:00+00:00,159.92365,159.92575,159.81025,159.87235,0,1786048743078,STALE
2026-08-13 11:45:00+00:00,159.87085,160.00855,159.76535,159.98275,0,1786048742178,STALE
2026-08-13 12:00:00+00:00,159.98225,160.06865,159.89435,160.02475,0,1786048741278,STALE
2026-08-13 12:15:00+00:00,160.02185,160.08195,159.86215,159.87925,0,1786048740378,STALE
2026-08-13 12:30:00+00:00,159.87965,159.93235,159.74675,159.85645,0,1786048739478,STALE
2026-08-13 12:45:00+00:00,159.85505,159.98205,159.83355,159.98125,0,1786048738578,STALE
2026-08-13 13:00:00+00:00,159.97925,159.98115,159.85125,159.90595,0,1786048737678,STALE
2026-08-13 13:15:00+00:00,159.90615,159.92895,159.79935,159.84505,0,1786048736778,STALE
2026-08-13 13:30:00+00:00,159.85285,160.00985,159.81955,159.93935,0,1786048735878,STALE
2026-08-13 13:45:00+00:00,159.94015,159.97265,159.81995,159.84115,0,1786048734978,STALE
2026-08-13 14:00:00+00:00,159.83665,159.83685,159.63895,159.63975,0,1786048734078,STALE
2026-08-13 14:15:00+00:00,159.63945,159.77095,159.61935,159.68825,0,1786048733178,STALE
2026-08-13 14:30:00+00:00,159.68885,159.75355,159.65935,159.69155,0,1786048732278,STALE
2026-08-13 14:45:00+00:00,159.69215,159.77455,159.68885,159.73565,0,1786048731378,STALE
2026-08-13 15:00:00+00:00,159.73385,159.88625,159.73115,159.82515,0,1786048730478,STALE
2026-08-13 15:15:00+00:00,159.82555,159.86835,159.75615,159.84415,0,1786048729578,STALE
2026-08-13 15:30:00+00:00,159.83675,159.88065,159.78365,159.87775,0,1786048728678,STALE
2026-08-13 15:45:00+00:00,159.87935,160.00485,159.86125,159.95985,0,1786048727778,STALE
2026-08-13 16:00:00+00:00,159.95955,159.98615,159.82985,159.86865,0,1786048726878,STALE
2026-08-13 16:15:00+00:00,159.86815,159.89045,159.78865,159.87025,0,1786048725978,STALE
2026-08-13 16:30:00+00:00,159.87035,159.90175,159.82905,159.83315,0,1786048725078,STALE
2026-08-13 16:45:00+00:00,159.83355,159.99325,159.83355,159.99285,0,1786048724178,STALE
2026-08-13 17:00:00+00:00,159.99255,160.06665,159.95685,160.02465,0,1786048723278,STALE
2026-08-13 17:15:00+00:00,160.02415,160.12085,160.01825,160.05905,0,1786048722378,STALE
2026-08-13 17:30:00+00:00,160.05915,160.11355,160.01445,160.07755,0,1786048721478,STALE
2026-08-13 17:45:00+00:00,160.07605,160.14885,160.02645,160.11045,0,1786048720578,STALE
2026-08-13 18:00:00+00:00,160.11085,160.12325,159.87095,159.87125,0,1786048719678,STALE
2026-08-13 18:15:00+00:00,159.87155,159.88285,159.79165,159.86815,0,1786048718778,STALE
2026-08-13 18:30:00+00:00,159.86745,159.90475,159.79605,159.80735,0,1786048717878,STALE
2026-08-13 18:45:00+00:00,159.80705,159.89935,159.75855,159.82915,0,1786048716978,STALE
2026-08-13 19:00:00+00:00,159.82975,159.94405,159.82045,159.93065,0,1786048716078,STALE
2026-08-13 19:15:00+00:00,159.92995,159.96565,159.84625,159.89745,0,1786048715178,STALE
2026-08-13 19:30:00+00:00,159.89695,159.95885,159.83035,159.89045,0,1786048714278,STALE
2026-08-13 19:45:00+00:00,159.89035,159.93215,159.81295,159.82205,0,1786048713378,STALE
2026-08-13 20:00:00+00:00,159.82395,159.98385,159.78055,159.91395,0,1786048712478,STALE
2026-08-13 20:15:00+00:00,159.91375,159.98875,159.86255,159.88345,0,1786048711578,STALE
2026-08-13 20:30:00+00:00,159.88395,159.90605,159.71885,159.75325,0,1786048710678,STALE
2026-08-13 20:45:00+00:00,159.75285,159.87195,159.68935,159.82145,0,1786048709778,STALE
2026-08-13 21:00:00+00:00,159.82175,159.93505,159.77375,159.93505,0,1786048708878,STALE
2026-08-13 21:15:00+00:00,159.93355,160.02515,159.91255,159.97945,0,1786048707978,STALE
2026-08-13 21:30:00+00:00,159.97975,160.13385,159.97255,160.03515,0,1786048707078,STALE
2026-08-13 21:45:00+00:00,160.03485,160.04525,159.92125,159.92625,0,1786048706178,STALE
2026-08-13 22:00:00+00:00,159.92665,160.01785,159.92665,159.96375,0,1786048705278,STALE
2026-08-13 22:15:00+00:00,159.96305,159.96305,159.86545,159.92265,0,1786048704378,STALE
2026-08-13 22:30:00+00:00,159.92245,160.09925,159.87245,160.07085,0,1786048703478,STALE
2026-08-13 22:45:00+00:00,160.06925,160.20845,160.03705,160.18735,0,1786048702578,STALE
2026-08-13 23:00:00+00:00,160.18725,160.33585,160.18495,160.26895,0,1786048701678,STALE
2026-08-13 23:15:00+00:00,160.26875,160.39945,160.21085,160.38365,0,1786048700778,STALE
2026-08-13 23:30:00+00:00,160.39045,160.46835,160.31455,160.36075,0,1786048699878,STALE
2026-08-13 23:45:00+00:00,160.36095,160.39575,160.17415,160.18095,0,1786048698978,STALE
2026-08-14 00:00:00+00:00,160.18105,160.18105,160.02155,160.04895,0,1786048698078,STALE
2026-08-14 00:15:00+00:00,160.04915,160.14995,160.01045,160.06985,0,1786048697178,STALE
2026-08-14 00:30:00+00:00,160.07015,160.11865,160.01345,160.06215,0,1786048696278,STALE
2026-08-14 00:45:00+00:00,160.06235,160.18695,160.02645,160.16775,0,1786048695378,STALE
2026-08-14 01:00:00+00:00,160.16725,160.22365,160.12415,160.20965,0,1786048694478,STALE
2026-08-14 01:15:00+00:00,160.21005,160.28825,160.12765,160.28225,0,1786048693578,STALE
2026-08-14 01:30:00+00:00,160.28205,160.42965,160.27625,160.33185,0,1786048692678,STALE
2026-08-14 01:45:00+00:00,160.33195,160.38055,160.27605,160.30345,0,1786048691778,STALE
2026-08-14 02:00:00+00:00,160.30385,160.39575,160.25875,160.30885,0,1786048690878,STALE
2026-08-14 02:15:00+00:00,160.31195,160.37185,160.27975,160.32095,0,1786048689978,STALE
2026-08-14 02:30:00+00:00,160.32245,160.38425,160.30985,160.33295,0,1786048689078,STALE
2026-08-14 02:45:00+00:00,160.33325,160.35875,160.20185,160.23815,0,1786048688178,STALE
2026-08-14 03:00:00+00:00,160.24455,160.39835,160.24155,160.39625,0,1786048687278,STALE
2026-08-14 03:15:00+00:00,160.39595,160.44815,160.25925,160.29275,0,1786048686378,STALE
2026-08-14 03:30:00+00:00,160.29225,160.38475,160.27835,160.38165,0,1786048685478,STALE
2026-08-14 03:45:00+00:00,160.38135,160.38135,160.18575,160.22725,0,1786048684578,STALE
2026-08-14 04:00:00+00:00,160.22855,160.25645,160.12375,160.16455,0,1786048683678,STALE
2026-08-14 04:15:00+00:00,160.16485,160.28085,160.16085,160.20375,0,1786048682778,STALE
2026-08-14 04:30:00+00:00,160.20925,160.27495,160.12355,160.18595,0,1786048681878,STALE
2026-08-14 04:45:00+00:00,160.18565,160.22325,160.02525,160.06495,0,1786048680978,STALE
2026-08-14 05:00:00+00:00,160.06485,160.11265,159.98875,160.01545,0,1786048680078,STALE
2026-08-14 05:15:00+00:00,160.02925,160.16835,160.00715,160.13655,0,1786048679178,STALE
2026-08-14 05:30:00+00:00,160.13685,160.21365,160.07055,160.16415,0,1786048678278,STALE
2026-08-14 05:45:00+00:00,160.16445,160.18795,160.08485,160.17455,0,1786048677378,STALE
2026-08-14 06:00:00+00:00,160.17505,160.21725,160.13795,160.16955,0,1786048676478,STALE
2026-08-14 06:15:00+00:00,160.17025,160.18185,160.14205,160.18035,0,1786048675578,STALE
2026-08-14 06:30:00+00:00,160.18055,160.31955,160.17455,160.29955,0,1786048674678,STALE
2026-08-14 06:45:00+00:00,160.29985,160.30165,160.14145,160.17825,0,1786048673778,STALE
2026-08-14 07:00:00+00:00,160.17965,160.20955,160.07585,160.08095,0,1786048672878,STALE
2026-08-14 07:15:00+00:00,160.08105,160.08795,160.01525,160.06415,0,1786048671978,STALE
2026-08-14 07:30:00+00:00,160.06365,160.08225,160.01375,160.01515,0,1786048671078,STALE
2026-08-14 07:45:00+00:00,160.01485,160.10025,160.00665,160.06035,0,1786048670178,STALE
2026-08-14 08:00:00+00:00,160.06065,160.10285,160.04085,160.05375,0,1786048669278,STALE
2026-08-14 08:15:00+00:00,160.05405,160.09285,159.99145,159.99905,0,1786048668378,STALE
2026-08-14 08:30:00+00:00,159.99895,160.03955,159.96415,160.03475,0,1786048667478,STALE
2026-08-14 08:45:00+00:00,160.03405,160.08945,159.97525,160.07945,0,1786048666578,STALE
2026-08-14 09:00:00+00:00,160.07905,160.09225,160.00485,160.00815,0,1786048665678,STALE
2026-08-14 09:15:00+00:00,160.00825,160.01705,159.92045,159.93205,0,1786048664778,STALE
2026-08-14 09:30:00+00:00,159.93195,160.04695,159.92465,160.04525,0,1786048663878,STALE
2026-08-14 09:45:00+00:00,160.04515,160.04815,159.96385,160.00625,0,1786048662978,STALE
2026-08-14 10:00:00+00:00,160.00595,160.01895,159.95275,159.99055,0,1786048662078,STALE
2026-08-14 10:15:00+00:00,159.98975,160.02215,159.91075,160.01275,0,1786048661178,STALE
2026-08-14 10:30:00+00:00,160.01265,160.04325,159.88935,159.89525,0,1786048660278,STALE
2026-08-14 10:45:00+00:00,159.89485,159.99475,159.88295,159.98905,0,1786048659378,STALE
2026-08-14 11:00:00+00:00,159.98915,159.98915,159.87005,159.89135,0,1786048658478,STALE
2026-08-14 11:15:00+00:00,159.89125,159.91015,159.84135,159.85155,0,1786048657578,STALE
2026-08-14 11:30:00+00:00,159.85125,159.88075,159.80985,159.87445,0,1786048656678,STALE
2026-08-14 11:45:00+00:00,159.87425,159.89155,159.82215,159.88435,0,1786048655778,STALE
2026-08-14 12:00:00+00:00,159.88495,160.00465,159.86715,159.96125,0,1786048654878,STALE
2026-08-14 12:15:00+00:00,159.96115,159.98095,159.90715,159.92435,0,1786048653978,STALE
2026-08-14 12:30:00+00:00,159.92425,159.93395,159.83015,159.85925,0,1786048653078,STALE
2026-08-14 12:45:00+00:00,159.86005,159.87275,159.75935,159.76345,0,1786048652178,STALE
2026-08-14 13:00:00+00:00,159.76295,159.79565,159.73855,159.75805,0,1786048651278,STALE
2026-08-14 13:15:00+00:00,159.75785,159.89205,159.75785,159.86465,0,1786048650378,STALE
2026-08-14 13:30:00+00:00,159.86445,159.95955,159.85165,159.88945,0,1786048649478,STALE
2026-08-14 13:45:00+00:00,159.88935,159.98255,159.88885,159.97155,0,1786048648578,STALE
2026-08-14 14:00:00+00:00,159.97135,160.08205,159.97125,160.06535,0,1786048647678,STALE
2026-08-14 14:15:00+00:00,160.06495,160.07305,159.92595,159.95985,0,1786048646778,STALE
2026-08-14 14:30:00+00:00,159.96415,159.97235,159.89575,159.90005,0,1786048645878,STALE
2026-08-14 14:45:00+00:00,159.90135,159.93675,159.89185,159.90995,0,1786048644978,STALE
2026-08-14 15:00:00+00:00,159.90965,160.03035,159.88295,159.99855,0,1786048644078,STALE
2026-08-14 15:15:00+00:00,159.99865,160.00425,159.93675,159.95125,0,1786048643178,STALE
2026-08-14 15:30:00+00:00,159.95075,160.05035,159.93855,160.03085,0,1786048642278,STALE
2026-08-14 15:45:00+00:00,160.03105,160.03985,159.95315,160.03275,0,1786048641378,STALE
2026-08-14 16:00:00+00:00,160.03295,160.07705,160.01085,160.05845,0,1786048640478,STALE
2026-08-14 16:15:00+00:00,160.05575,160.09685,160.02045,160.04965,0,1786048639578,STALE
2026-08-14 16:30:00+00:00,160.04975,160.09695,159.94135,159.95055,0,1786048638678,STALE
2026-08-14 16:45:00+00:00,159.95125,159.95945,159.89205,159.90735,0,1786048637778,STALE
2026-08-14 17:00:00+00:00,159.90745,159.96925,159.89365,159.91965,0,1786048636878,STALE
2026-08-14 17:15:00+00:00,159.91995,160.07525,159.91945,160.03955,0,1786048635978,STALE
2026-08-14 17:30:00+00:00,160.03985,160.13085,160.02745,160.06835,0,1786048635078,STALE
2026-08-14 17:45:00+00:00,160.06875,160.08975,159.99585,160.02195,0,1786048634178,STALE
2026-08-14 18:00:00+00:00,160.02255,160.03375,159.91725,159.91875,0,1786048633278,STALE
2026-08-14 18:15:00+00:00,159.91845,159.95385,159.88815,159.93315,0,1786048632378,STALE
2026-08-14 18:30:00+00:00,159.93345,159.94135,159.79765,159.82035,0,1786048631478,STALE
2026-08-14 18:45:00+00:00,159.82015,159.86725,159.75245,159.75945,0,1786048630578,STALE
2026-08-14 19:00:00+00:00,159.75935,159.85465,159.73005,159.80175,0,1786048629678,STALE
2026-08-14 19:15:00+00:00,159.80215,159.81345,159.72935,159.77865,0,1786048628778,STALE
2026-08-14 19:30:00+00:00,159.77835,159.82325,159.74585,159.82175,0,1786048627878,STALE
2026-08-14 19:45:00+00:00,159.82135,159.89365,159.81935,159.86395,0,1786048626978,STALE
2026-08-14 20:00:00+00:00,159.86415,159.89335,159.79515,159.83445,0,1786048626078,STALE
2026-08-14 20:15:00+00:00,159.83385,159.94315,159.82535,159.92065,0,1786048625178,STALE
2026-08-14 20:30:00+00:00,159.92085,160.03865,159.91335,160.03145,0,1786048624278,STALE
2026-08-14 20:45:00+00:00,160.03155,160.08305,160.02015,160.07595,0,1786048623378,STALE
2026-08-14 21:00:00+00:00,160.07635,160.09445,160.03855,160.07235,0,1786048622478,STALE
2026-08-14 21:15:00+00:00,160.07225,160.07935,160.01605,160.05065,0,1786048621578,STALE
2026-08-14 21:30:00+00:00,160.05115,160.08635,159.96695,160.01735,0,1786048620678,STALE
2026-08-14 21:45:00+00:00,160.01675,160.03515,159.99375,160.02335,0,1786048619778,STALE
2026-08-14 22:00:00+00:00,160.02355,160.06035,160.00365,160.02015,0,1786048618878,STALE
2026-08-14 22:15:00+00:00,160.02055,160.07445,159.97075,160.05045,0,1786048617978,STALE
2026-08-14 22:30:00+00:00,160.05035,160.08715,159.98885,160.00835,0,1786048617078,STALE
2026-08-14 22:45:00+00:00,160.00915,160.07675,159.95845,160.07075,0,1786048616178,STALE
2026-08-14 23:00:00+00:00,160.06955,160.09765,160.03725,160.07445,0,1786048615278,STALE
2026-08-14 23:15:00+00:00,160.07505,160.10705,160.03475,160.06305,0,1786048614378,STALE
2026-08-14 23:30:00+00:00,160.06265,160.13775,160.03045,160.05265,0,1786048613478,STALE
2026-08-14 23:45:00+00:00,160.05245,160.07515,159.99075,160.01375,0,1786048612578,STALE
2026-08-15 00:00:00+00:00,160.01385,160.12435,160.00535,160.07635,0,1786048611678,STALE
2026-08-15 00:15:00+00:00,160.07585,160.09655,159.99775,160.03955,0,1786048610778,STALE
2026-08-15 00:30:00+00:00,160.03925,160.04015,159.98265,160.02825,0,1786048609878,STALE
2026-08-15 00:45:00+00:00,160.02835,160.05965,159.98275,160.00345,0,1786048608978,STALE
2026-08-15 01:00:00+00:00,160.00395,160.06815,160.00375,160.02265,0,1786048608078,STALE
2026-08-15 01:15:00+00:00,160.02365,160.07165,159.99455,160.02645,0,1786048607178,STALE
2026-08-15 01:30:00+00:00,160.02615,160.10705,160.02575,160.09145,0,1786048606278,STALE
2026-08-15 01:45:00+00:00,160.09075,160.17025,160.04395,160.10995,0,1786048605378,STALE
2026-08-15 02:00:00+00:00,160.10965,160.12255,160.06065,160.06065,0,1786048604478,STALE
2026-08-15 02:15:00+00:00,160.06095,160.10675,160.03445,160.06515,0,1786048603578,STALE
2026-08-15 02:30:00+00:00,160.06565,160.10905,160.03665,160.09635,0,1786048602678,STALE
2026-08-15 02:45:00+00:00,160.09625,160.09625,160.00805,160.06785,0,1786048601778,STALE
2026-08-15 03:00:00+00:00,160.06805,160.09185,160.04025,160.06085,0,1786048600878,STALE
2026-08-15 03:15:00+00:00,160.06125,160.07005,160.00315,160.02055,0,1786048599978,STALE
2026-08-15 03:30:00+00:00,160.01985,160.03265,159.96485,159.97835,0,1786048599078,STALE
2026-08-15 03:45:00+00:00,159.97755,160.05125,159.97595,160.03065,0,1786048598178,STALE
2026-08-15 04:00:00+00:00,160.02975,160.08795,160.00845,160.07465,0,1786048597278,STALE
2026-08-15 04:15:00+00:00,160.07495,160.08465,160.02255,160.07085,0,1786048596378,STALE
2026-08-15 04:30:00+00:00,160.07115,160.07565,159.96265,159.96595,0,1786048595478,STALE
2026-08-15 04:45:00+00:00,159.96625,159.97625,159.84365,159.86415,0,1786048594578,STALE
2026-08-15 05:00:00+00:00,159.86495,159.95825,159.86385,159.91225,0,1786048593678,STALE
2026-08-15 05:15:00+00:00,159.91195,159.96855,159.89045,159.93935,0,1786048592778,STALE
2026-08-15 05:30:00+00:00,159.93955,160.00945,159.91685,159.97445,0,1786048591878,STALE
2026-08-15 05:45:00+00:00,159.97405,160.05465,159.96615,160.04935,0,1786048590978,STALE
2026-08-15 06:00:00+00:00,160.04955,160.11005,160.03645,160.10905,0,1786048590078,STALE
2026-08-15 06:15:00+00:00,160.10945,160.16355,160.05655,160.13125,0,1786048589178,STALE
2026-08-15 06:30:00+00:00,160.13155,160.19055,160.09875,160.10725,0,1786048588278,STALE
2026-08-15 06:45:00+00:00,160.10715,160.10765,160.04025,160.04075,0,1786048587378,STALE
2026-08-15 07:00:00+00:00,160.04085,160.11055,160.01215,160.09195,0,1786048586478,STALE
2026-08-15 07:15:00+00:00,160.09155,160.13465,160.09005,160.11315,0,1786048585578,STALE
2026-08-15 07:30:00+00:00,160.11325,160.16665,160.04835,160.06385,0,1786048584678,STALE
2026-08-15 07:45:00+00:00,160.06345,160.10125,160.05075,160.08395,0,1786048583778,STALE
2026-08-15 08:00:00+00:00,160.08415,160.18715,160.08135,160.18345,0,1786048582878,STALE
2026-08-15 08:15:00+00:00,160.18295,160.21535,160.11915,160.14775,0,1786048581978,STALE
2026-08-15 08:30:00+00:00,160.14795,160.25025,160.12325,160.15655,0,1786048581078,STALE
2026-08-15 08:45:00+00:00,160.15715,160.16675,160.09455,160.14325,0,1786048580178,STALE
2026-08-15 09:00:00+00:00,160.14365,160.30725,160.14325,160.29125,0,1786048579278,STALE
2026-08-15 09:15:00+00:00,160.29075,160.29745,160.19535,160.21715,0,1786048578378,STALE
2026-08-15 09:30:00+00:00,160.21745,160.21815,160.10235,160.14775,0,1786048577478,STALE
2026-08-15 09:45:00+00:00,160.14765,160.17265,160.13155,160.15305,0,1786048576578,STALE
2026-08-15 10:00:00+00:00,160.15295,160.17645,160.07825,160.15315,0,1786048575678,STALE
2026-08-15 10:15:00+00:00,160.15405,160.20015,160.11195,160.15035,0,1786048574778,STALE
2026-08-15 10:30:00+00:00,160.15065,160.20095,160.13265,160.16895,0,1786048573878,STALE
2026-08-15 10:45:00+00:00,160.16915,160.17875,160.10855,160.14785,0,1786048572978,STALE
2026-08-15 11:00:00+00:00,160.14765,160.17765,160.08625,160.10585,0,1786048572078,STALE
2026-08-15 11:15:00+00:00,160.10245,160.12205,160.00665,160.01305,0,1786048571178,STALE
2026-08-15 11:30:00+00:00,160.01325,160.04975,159.99865,160.01925,0,1786048570278,STALE
2026-08-15 11:45:00+00:00,160.01895,160.03465,159.93135,160.03045,0,1786048569378,STALE
2026-08-15 12:00:00+00:00,160.02955,160.08875,160.02475,160.06655,0,1786048568478,STALE
2026-08-15 12:15:00+00:00,160.06635,160.09185,159.99135,160.01015,0,1786048567578,STALE
2026-08-15 12:30:00+00:00,160.01075,160.03725,159.98395,160.02615,0,1786048566678,STALE
2026-08-15 12:45:00+00:00,160.02645,160.11635,160.02345,160.03785,0,1786048565778,STALE
2026-08-15 13:00:00+00:00,160.03835,160.15375,160.03675,160.10875,0,1786048564878,STALE
2026-08-15 13:15:00+00:00,160.10545,160.18565,160.10105,160.15415,0,1786048563978,STALE
2026-08-15 13:30:00+00:00,160.15385,160.21955,160.13805,160.16665,0,1786048563078,STALE
2026-08-15 13:45:00+00:00,160.16685,160.25955,160.14255,160.22325,0,1786048562178,STALE
2026-08-15 14:00:00+00:00,160.22275,160.30205,160.18725,160.30135,0,1786048561278,STALE
2026-08-15 14:15:00+00:00,160.30175,160.35945,160.28585,160.34365,0,1786048560378,STALE
2026-08-15 14:30:00+00:00,160.34335,160.38585,160.29555,160.36045,0,1786048559478,STALE
2026-08-15 14:45:00+00:00,160.36055,160.41445,160.35485,160.37915,0,1786048558578,STALE
2026-08-15 15:00:00+00:00,160.37845,160.44955,160.34535,160.43495,0,1786048557678,STALE
2026-08-15 15:15:00+00:00,160.43535,160.48265,160.42305,160.47135,0,1786048556778,STALE
2026-08-15 15:30:00+00:00,160.47115,160.49995,160.40725,160.40805,0,1786048555878,STALE
2026-08-15 15:45:00+00:00,160.40885,160.45225,160.39595,160.42035,0,1786048554978,STALE
2026-08-15 16:00:00+00:00,160.42075,160.52225,160.41195,160.48955,0,1786048554078,STALE
2026-08-15 16:15:00+00:00,160.48985,160.55805,160.43595,160.44395,0,1786048553178,STALE
2026-08-15 16:30:00+00:00,160.44385,160.44915,160.30315,160.37455,0,1786048552278,STALE
2026-08-15 16:45:00+00:00,160.37425,160.45345,160.35575,160.44445,0,1786048551378,STALE
2026-08-15 17:00:00+00:00,160.44425,160.48465,160.43355,160.47205,0,1786048550478,STALE
2026-08-15 17:15:00+00:00,160.47175,160.51405,160.46595,160.47195,0,1786048549578,STALE
2026-08-15 17:30:00+00:00,160.47255,160.50945,160.45215,160.47325,0,1786048548678,STALE
2026-08-15 17:45:00+00:00,160.47255,160.57715,160.46605,160.57565,0,1786048547778,STALE
2026-08-15 18:00:00+00:00,160.57515,160.60175,160.51005,160.51445,0,1786048546878,STALE
2026-08-15 18:15:00+00:00,160.51475,160.58235,160.49225,160.53965,0,1786048545978,STALE
2026-08-15 18:30:00+00:00,160.54005,160.63845,160.50705,160.60185,0,1786048545078,STALE
2026-08-15 18:45:00+00:00,160.60245,160.64145,160.56055,160.63425,0,1786048544178,STALE
2026-08-15 19:00:00+00:00,160.63405,160.66195,160.54335,160.55345,0,1786048543278,STALE
2026-08-15 19:15:00+00:00,160.55305,160.56265,160.41825,160.42545,0,1786048542378,STALE
2026-08-15 19:30:00+00:00,160.42585,160.44985,160.34005,160.38455,0,1786048541478,STALE
2026-08-15 19:45:00+00:00,160.38495,160.41265,160.32865,160.35675,0,1786048540578,STALE
2026-08-15 20:00:00+00:00,160.35635,160.39265,160.33565,160.38245,0,1786048539678,STALE
2026-08-15 20:15:00+00:00,160.38355,160.46995,160.37965,160.44165,0,1786048538778,STALE
2026-08-15 20:30:00+00:00,160.44215,160.48455,160.41935,160.43255,0,1786048537878,STALE
2026-08-15 20:45:00+00:00,160.43275,160.49785,160.41675,160.45115,0,1786048536978,STALE
2026-08-15 21:00:00+00:00,160.45155,160.50565,160.38935,160.39435,0,1786048536078,STALE
2026-08-15 21:15:00+00:00,160.39395,160.46115,160.39265,160.44325,0,1786048535178,STALE
2026-08-15 21:30:00+00:00,160.44275,160.44455,160.36795,160.38075,0,1786048534278,STALE
2026-08-15 21:45:00+00:00,160.37895,160.42445,160.36085,160.39515,0,1786048533378,STALE
2026-08-15 22:00:00+00:00,160.39505,160.48485,160.38355,160.44605,0,1786048532478,STALE
2026-08-15 22:15:00+00:00,160.44655,160.46165,160.37895,160.38145,0,1786048531578,STALE
2026-08-15 22:30:00+00:00,160.38175,160.38645,160.27345,160.28505,0,1786048530678,STALE
2026-08-15 22:45:00+00:00,160.28455,160.28825,160.18395,160.24205,0,1786048529778,STALE
2026-08-15 23:00:00+00:00,160.24135,160.24195,160.17585,160.23625,0,1786048528878,STALE
2026-08-15 23:15:00+00:00,160.23695,160.29595,160.19905,160.25375,0,1786048527978,STALE
2026-08-15 23:30:00+00:00,160.25405,160.28305,160.23605,160.26095,0,1786048527078,STALE
2026-08-15 23:45:00+00:00,160.25815,160.29475,160.22255,160.27135,0,1786048526178,STALE
2026-08-16 00:00:00+00:00,160.27105,160.36185,160.25785,160.33295,0,1786048525278,STALE
2026-08-16 00:15:00+00:00,160.33475,160.35245,160.25905,160.31905,0,1786048524378,STALE
2026-08-16 00:30:00+00:00,160.31945,160.40235,160.30655,160.40195,0,1786048523478,STALE
2026-08-16 00:45:00+00:00,160.40255,160.54475,160.39505,160.54215,0,1786048522578,STALE
2026-08-16 01:00:00+00:00,160.54195,160.54275,160.44185,160.49045,0,1786048521678,STALE
2026-08-16 01:15:00+00:00,160.48755,160.55355,160.44595,160.45755,0,1786048520778,STALE
2026-08-16 01:30:00+00:00,160.45855,160.50745,160.41935,160.44335,0,1786048519878,STALE
2026-08-16 01:45:00+00:00,160.44285,160.51685,160.40995,160.51685,0,1786048518978,STALE
2026-08-16 02:00:00+00:00,160.51815,160.51985,160.45125,160.48365,0,1786048518078,STALE
2026-08-16 02:15:00+00:00,160.48705,160.49535,160.30685,160.31765,0,1786048517178,STALE
2026-08-16 02:30:00+00:00,160.31835,160.32545,160.24875,160.28755,0,1786048516278,STALE
2026-08-16 02:45:00+00:00,160.28785,160.32875,160.25685,160.28395,0,1786048515378,STALE
2026-08-16 03:00:00+00:00,160.28365,160.29185,160.20405,160.23615,0,1786048514478,STALE
2026-08-16 03:15:00+00:00,160.23575,160.26575,160.19605,160.23965,0,1786048513578,STALE
2026-08-16 03:30:00+00:00,160.23985,160.27445,160.20015,160.21815,0,1786048512678,STALE
2026-08-16 03:45:00+00:00,160.22045,160.23645,160.13975,160.14845,0,1786048511778,STALE
2026-08-16 04:00:00+00:00,160.14725,160.14725,160.04065,160.05185,0,1786048510878,STALE
2026-08-16 04:15:00+00:00,160.05215,160.07595,159.99205,160.02415,0,1786048509978,STALE
2026-08-16 04:30:00+00:00,160.02445,160.04565,159.96425,159.96495,0,1786048509078,STALE
2026-08-16 04:45:00+00:00,159.96455,160.00755,159.85775,159.87445,0,1786048508178,STALE
2026-08-16 05:00:00+00:00,159.87305,159.89285,159.82015,159.85415,0,1786048507278,STALE
2026-08-16 05:15:00+00:00,159.85505,159.87235,159.78355,159.84065,0,1786048506378,STALE
2026-08-16 05:30:00+00:00,159.84185,159.89215,159.81235,159.88085,0,1786048505478,STALE
2026-08-16 05:45:00+00:00,159.88035,159.91615,159.82895,159.83165,0,1786048504578,STALE
2026-08-16 06:00:00+00:00,159.83125,159.88575,159.76095,159.88145,0,1786048503678,STALE
2026-08-16 06:15:00+00:00,159.88175,159.94365,159.87175,159.92875,0,1786048502778,STALE
2026-08-16 06:30:00+00:00,159.92825,160.06175,159.91565,160.06045,0,1786048501878,STALE
2026-08-16 06:45:00+00:00,160.06075,160.06105,159.91775,159.92735,0,1786048500978,STALE
2026-08-16 07:00:00+00:00,159.92985,160.01125,159.92395,159.97625,0,1786048500078,STALE
2026-08-16 07:15:00+00:00,159.97545,159.99175,159.91695,159.92105,0,1786048499178,STALE
2026-08-16 07:30:00+00:00,159.92135,159.92685,159.81115,159.83385,0,1786048498278,STALE
2026-08-16 07:45:00+00:00,159.83405,159.84145,159.68295,159.69295,0,1786048497378,STALE
2026-08-16 08:00:00+00:00,159.69285,159.72775,159.65675,159.65815,0,1786048496478,STALE
2026-08-16 08:15:00+00:00,159.65845,159.66795,159.60635,159.63645,0,1786048495578,STALE
2026-08-16 08:30:00+00:00,159.63665,159.66585,159.54315,159.58745,0,1786048494678,STALE
2026-08-16 08:45:00+00:00,159.58715,159.60285,159.49605,159.51105,0,1786048493778,STALE
2026-08-16 09:00:00+00:00,159.51115,159.60235,159.50265,159.56525,0,1786048492878,STALE
2026-08-16 09:15:00+00:00,159.56555,159.62405,159.51195,159.61635,0,1786048491978,STALE
2026-08-16 09:30:00+00:00,159.61585,159.64255,159.59735,159.62315,0,1786048491078,STALE
2026-08-16 09:45:00+00:00,159.62295,159.67375,159.58995,159.61605,0,1786048490178,STALE
2026-08-16 10:00:00+00:00,159.61615,159.62265,159.52735,159.54895,0,1786048489278,STALE
2026-08-16 10:15:00+00:00,159.54865,159.61795,159.52295,159.57065,0,1786048488378,STALE
2026-08-16 10:30:00+00:00,159.56945,159.63165,159.54795,159.60925,0,1786048487478,STALE
2026-08-16 10:45:00+00:00,159.60905,159.65985,159.57145,159.59265,0,1786048486578,STALE
2026-08-16 11:00:00+00:00,159.59345,159.64915,159.57405,159.63575,0,1786048485678,STALE
2026-08-16 11:15:00+00:00,159.63655,159.68575,159.59585,159.60505,0,1786048484778,STALE
2026-08-16 11:30:00+00:00,159.60205,159.65795,159.54235,159.60355,0,1786048483878,STALE
2026-08-16 11:45:00+00:00,159.60395,159.61525,159.51505,159.54725,0,1786048482978,STALE
2026-08-16 12:00:00+00:00,159.54715,159.57635,159.46695,159.46845,0,1786048482078,STALE
2026-08-16 12:15:00+00:00,159.46875,159.47155,159.33715,159.35105,0,1786048481178,STALE
2026-08-16 12:30:00+00:00,159.34715,159.35355,159.29355,159.35225,0,1786048480278,STALE
2026-08-16 12:45:00+00:00,159.35265,159.43325,159.34565,159.42145,0,1786048479378,STALE
2026-08-16 13:00:00+00:00,159.42175,159.46675,159.37925,159.41275,0,1786048478478,STALE
2026-08-16 13:15:00+00:00,159.41265,159.42835,159.34455,159.36865,0,1786048477578,STALE
2026-08-16 13:30:00+00:00,159.36825,159.40395,159.30395,159.31555,0,1786048476678,STALE
2026-08-16 13:45:00+00:00,159.31575,159.40775,159.30435,159.40085,0,1786048475778,STALE
2026-08-16 14:00:00+00:00,159.40065,159.47715,159.39835,159.44515,0,1786048474878,STALE
2026-08-16 14:15:00+00:00,159.44485,159.45205,159.33995,159.39725,0,1786048473978,STALE
2026-08-16 14:30:00+00:00,159.39675,159.42485,159.34015,159.38275,0,1786048473078,STALE
2026-08-16 14:45:00+00:00,159.38285,159.47775,159.37705,159.43745,0,1786048472178,STALE
2026-08-16 15:00:00+00:00,159.43695,159.49345,159.42085,159.47255,0,1786048471278,STALE
2026-08-16 15:15:00+00:00,159.47215,159.47615,159.34725,159.36305,0,1786048470378,STALE
2026-08-16 15:30:00+00:00,159.36335,159.43285,159.33755,159.34035,0,1786048469478,STALE
2026-08-16 15:45:00+00:00,159.33995,159.38905,159.32075,159.38305,0,1786048468578,STALE
2026-08-16 16:00:00+00:00,159.38285,159.40335,159.29445,159.29865,0,1786048467678,STALE
2026-08-16 16:15:00+00:00,159.29885,159.37065,159.28025,159.37035,0,1786048466778,STALE
2026-08-16 16:30:00+00:00,159.37065,159.40485,159.28825,159.30635,0,1786048465878,STALE
2026-08-16 16:45:00+00:00,159.30735,159.35465,159.28665,159.34065,0,1786048464978,STALE
2026-08-16 17:00:00+00:00,159.34435,159.36185,159.28725,159.28725,0,1786048464078,STALE
2026-08-16 17:15:00+00:00,159.28845,159.30635,159.21325,159.26305,0,1786048463178,STALE
2026-08-16 17:30:00+00:00,159.26435,159.38655,159.22845,159.35215,0,1786048462278,STALE
2026-08-16 17:45:00+00:00,159.35155,159.40235,159.33645,159.36895,0,1786048461378,STALE
2026-08-16 18:00:00+00:00,159.36785,159.40295,159.35915,159.38125,0,1786048460478,STALE
2026-08-16 18:15:00+00:00,159.38145,159.39555,159.33795,159.37835,0,1786048459578,STALE
2026-08-16 18:30:00+00:00,159.37735,159.42485,159.36195,159.39405,0,1786048458678,STALE
2026-08-16 18:45:00+00:00,159.39325,159.39705,159.29755,159.37205,0,1786048457778,STALE
2026-08-16 19:00:00+00:00,159.37365,159.51805,159.36975,159.51565,0,1786048456878,STALE
2026-08-16 19:15:00+00:00,159.51495,159.52015,159.34805,159.36465,0,1786048455978,STALE
2026-08-16 19:30:00+00:00,159.36505,159.51155,159.36415,159.50255,0,1786048455078,STALE
2026-08-16 19:45:00+00:00,159.50275,159.53005,159.47245,159.49155,0,1786048454178,STALE
2026-08-16 20:00:00+00:00,159.49195,159.50045,159.39105,159.39185,0,1786048453278,STALE
2026-08-16 20:15:00+00:00,159.39165,159.40765,159.26305,159.30115,0,1786048452378,STALE
2026-08-16 20:30:00+00:00,159.30025,159.35425,159.26075,159.26785,0,1786048451478,STALE
2026-08-16 20:45:00+00:00,159.26835,159.33655,159.26745,159.32735,0,1786048450578,STALE
2026-08-16 21:00:00+00:00,159.33115,159.40345,159.33115,159.37555,0,1786048449678,STALE
2026-08-16 21:15:00+00:00,159.37575,159.39835,159.30135,159.31845,0,1786048448778,STALE
2026-08-16 21:30:00+00:00,159.31865,159.34775,159.25595,159.27745,0,1786048447878,STALE
2026-08-16 21:45:00+00:00,159.27775,159.28035,159.20215,159.26645,0,1786048446978,STALE
2026-08-16 22:00:00+00:00,159.26565,159.30555,159.23905,159.24475,0,1786048446078,STALE
2026-08-16 22:15:00+00:00,159.24495,159.36385,159.24205,159.35435,0,1786048445178,STALE
2026-08-16 22:30:00+00:00,159.35445,159.37645,159.31425,159.35195,0,1786048444278,STALE
2026-08-16 22:45:00+00:00,159.35215,159.47885,159.34985,159.46715,0,1786048443378,STALE
2026-08-16 23:00:00+00:00,159.46695,159.52095,159.45445,159.48545,0,1786048442478,STALE
2026-08-16 23:15:00+00:00,159.48535,159.52205,159.44475,159.49555,0,1786048441578,STALE
2026-08-16 23:30:00+00:00,159.49575,159.51115,159.29695,159.30105,0,1786048440678,STALE
2026-08-16 23:45:00+00:00,159.30075,159.36465,159.29035,159.34925,0,1786048439778,STALE
2026-08-17 00:00:00+00:00,159.34875,159.37445,159.30945,159.31215,0,1786048438878,STALE
2026-08-17 00:15:00+00:00,159.31235,159.32905,159.26215,159.30955,0,1786048437978,STALE
2026-08-17 00:30:00+00:00,159.30905,159.32785,159.24955,159.27605,0,1786048437078,STALE
2026-08-17 00:45:00+00:00,159.28165,159.33715,159.27575,159.30675,0,1786048436178,STALE
2026-08-17 01:00:00+00:00,159.30645,159.30845,159.25155,159.25225,0,1786048435278,STALE
2026-08-17 01:15:00+00:00,159.25175,159.25295,159.16015,159.17785,0,1786048434378,STALE
2026-08-17 01:30:00+00:00,159.17755,159.23155,159.11825,159.20055,0,1786048433478,STALE
2026-08-17 01:45:00+00:00,159.20075,159.22055,159.09705,159.15385,0,1786048432578,STALE
2026-08-17 02:00:00+00:00,159.15365,159.26745,159.14125,159.24175,0,1786048431678,STALE
2026-08-17 02:15:00+00:00,159.24165,159.28345,159.21995,159.23695,0,1786048430778,STALE
2026-08-17 02:30:00+00:00,159.23705,159.26795,159.19315,159.21775,0,1786048429878,STALE
2026-08-17 02:45:00+00:00,159.21715,159.22105,159.11735,159.13395,0,1786048428978,STALE
2026-08-17 03:00:00+00:00,159.13415,159.15505,159.09075,159.10165,0,1786048428078,STALE
2026-08-17 03:15:00+00:00,159.10155,159.10695,159.02805,159.03985,0,1786048427178,STALE
2026-08-17 03:30:00+00:00,159.03915,159.11065,159.02175,159.10545,0,1786048426278,STALE
2026-08-17 03:45:00+00:00,159.10405,159.14785,159.09995,159.13725,0,1786048425378,STALE
2026-08-17 04:00:00+00:00,159.13765,159.14235,159.06585,159.13115,0,1786048424478,STALE
2026-08-17 04:15:00+00:00,159.13165,159.16215,159.07545,159.10725,0,1786048423578,STALE
2026-08-17 04:30:00+00:00,159.10605,159.10895,159.05595,159.08585,0,1786048422678,STALE
2026-08-17 04:45:00+00:00,159.08555,159.11735,159.02235,159.02915,0,1786048421778,STALE
2026-08-17 05:00:00+00:00,159.02905,159.04355,158.97725,159.03545,0,1786048420878,STALE
2026-08-17 05:15:00+00:00,159.03505,159.05595,159.00175,159.03825,0,1786048419978,STALE
2026-08-17 05:30:00+00:00,159.03865,159.07365,159.01605,159.05715,0,1786048419078,STALE
2026-08-17 05:45:00+00:00,159.05695,159.05695,158.95865,158.97345,0,1786048418178,STALE
2026-08-17 06:00:00+00:00,158.97315,159.01805,158.92935,159.01715,0,1786048417278,STALE
2026-08-17 06:15:00+00:00,159.01675,159.01775,158.92245,158.92995,0,1786048416378,STALE
2026-08-17 06:30:00+00:00,158.92945,159.02005,158.92105,158.98545,0,1786048415478,STALE
2026-08-17 06:45:00+00:00,158.98525,159.00565,158.95535,158.96125,0,1786048414578,STALE
2026-08-17 07:00:00+00:00,158.96145,159.02375,158.92295,159.00275,0,1786048413678,STALE
2026-08-17 07:15:00+00:00,159.00205,159.06985,158.98595,159.01525,0,1786048412778,STALE
2026-08-17 07:30:00+00:00,159.01555,159.09755,159.00905,159.08275,0,1786048411878,STALE
2026-08-17 07:45:00+00:00,159.08125,159.12005,159.04475,159.07785,0,1786048410978,STALE
2026-08-17 08:00:00+00:00,159.07755,159.14235,159.05275,159.13245,0,1786048410078,STALE
2026-08-17 08:15:00+00:00,159.13205,159.15115,159.08275,159.14365,0,1786048409178,STALE
2026-08-17 08:30:00+00:00,159.14405,159.15305,159.10425,159.12445,0,1786048408278,STALE
2026-08-17 08:45:00+00:00,159.12475,159.20665,159.10295,159.19145,0,1786048407378,STALE
2026-08-17 09:00:00+00:00,159.19415,159.20405,159.13395,159.18895,0,1786048406478,STALE
2026-08-17 09:15:00+00:00,159.18765,159.20975,159.12665,159.13265,0,1786048405578,STALE
2026-08-17 09:30:00+00:00,159.13125,159.14885,159.10105,159.13925,0,1786048404678,STALE
2026-08-17 09:45:00+00:00,159.13965,159.20855,159.12775,159.14605,0,1786048403778,STALE
2026-08-17 10:00:00+00:00,159.14505,159.20195,159.11535,159.20165,0,1786048402878,STALE
2026-08-17 10:15:00+00:00,159.20115,159.20115,159.11665,159.11815,0,1786048401978,STALE
2026-08-17 10:30:00+00:00,159.11855,159.16125,159.09085,159.10115,0,1786048401078,STALE
2026-08-17 10:45:00+00:00,159.10155,159.14515,159.07245,159.07485,0,1786048400178,STALE
2026-08-17 11:00:00+00:00,159.07615,159.13015,159.04395,159.11905,0,1786048399278,STALE
2026-08-17 11:15:00+00:00,159.11885,159.27645,159.11885,159.24655,0,1786048398378,STALE
2026-08-17 11:30:00+00:00,159.24755,159.28425,159.20875,159.21835,0,1786048397478,STALE
2026-08-17 11:45:00+00:00,159.21845,159.23715,159.11315,159.11525,0,1786048396578,STALE
2026-08-17 12:00:00+00:00,159.11475,159.12725,159.06005,159.08245,0,1786048395678,STALE
2026-08-17 12:15:00+00:00,159.08295,159.08575,158.98185,158.98945,0,1786048394778,STALE
2026-08-17 12:30:00+00:00,158.98865,159.06205,158.98665,159.01875,0,1786048393878,STALE
2026-08-17 12:45:00+00:00,159.01905,159.05245,158.96825,158.97205,0,1786048392978,STALE
2026-08-17 13:00:00+00:00,158.97265,159.03845,158.94775,159.00785,0,1786048392078,STALE
2026-08-17 13:15:00+00:00,159.00815,159.12915,159.00685,159.11755,0,1786048391178,STALE
2026-08-17 13:30:00+00:00,159.11725,159.14965,159.07805,159.14855,0,1786048390278,STALE
2026-08-17 13:45:00+00:00,159.14925,159.21155,159.14845,159.20595,0,1786048389378,STALE
2026-08-17 14:00:00+00:00,159.20575,159.21755,159.15355,159.16565,0,1786048388478,STALE
2026-08-17 14:15:00+00:00,159.16525,159.19855,159.13225,159.15815,0,1786048387578,STALE
2026-08-17 14:30:00+00:00,159.15835,159.17265,159.12095,159.13065,0,1786048386678,STALE
2026-08-17 14:45:00+00:00,159.13055,159.16845,159.10735,159.16295,0,1786048385778,STALE
2026-08-17 15:00:00+00:00,159.16265,159.17315,159.01335,159.01825,0,1786048384878,STALE
2026-08-17 15:15:00+00:00,159.01845,159.10125,159.00625,159.04175,0,1786048383978,STALE
2026-08-17 15:30:00+00:00,159.04125,159.09585,159.03975,159.07475,0,1786048383078,STALE
2026-08-17 15:45:00+00:00,159.07465,159.08515,159.02795,159.07455,0,1786048382178,STALE
2026-08-17 16:00:00+00:00,159.07315,159.08755,159.02975,159.05595,0,1786048381278,STALE
2026-08-17 16:15:00+00:00,159.05615,159.07385,158.93695,158.95455,0,1786048380378,STALE
2026-08-17 16:30:00+00:00,158.95415,158.96635,158.89765,158.93965,0,1786048379478,STALE
2026-08-17 16:45:00+00:00,158.93945,158.98995,158.91615,158.98865,0,1786048378578,STALE
2026-08-17 17:00:00+00:00,158.98895,159.10425,158.98895,159.04425,0,1786048377678,STALE
2026-08-17 17:15:00+00:00,159.04445,159.10545,159.02245,159.10115,0,1786048376778,STALE
2026-08-17 17:30:00+00:00,159.10075,159.10765,159.00215,159.02155,0,1786048375878,STALE
2026-08-17 17:45:00+00:00,159.02605,159.10975,158.99105,159.08005,0,1786048374978,STALE
2026-08-17 18:00:00+00:00,159.07965,159.10585,159.05255,159.09435,0,1786048374078,STALE
2026-08-17 18:15:00+00:00,159.09495,159.15395,159.06865,159.08675,0,1786048373178,STALE
2026-08-17 18:30:00+00:00,159.08685,159.09835,159.00325,159.07705,0,1786048372278,STALE
2026-08-17 18:45:00+00:00,159.07725,159.07885,159.00075,159.02555,0,1786048371378,STALE
2026-08-17 19:00:00+00:00,159.02465,159.04055,158.95705,158.97115,0,1786048370478,STALE
2026-08-17 19:15:00+00:00,158.97085,158.97835,158.89245,158.89505,0,1786048369578,STALE
2026-08-17 19:30:00+00:00,158.89455,158.89535,158.82295,158.84625,0,1786048368678,STALE
2026-08-17 19:45:00+00:00,158.84535,158.87705,158.81615,158.84785,0,1786048367778,STALE
2026-08-17 20:00:00+00:00,158.84805,158.90805,158.79325,158.90085,0,1786048366878,STALE
2026-08-17 20:15:00+00:00,158.90045,158.99145,158.88255,158.95075,0,1786048365978,STALE
2026-08-17 20:30:00+00:00,158.95045,158.99815,158.89665,158.91585,0,1786048365078,STALE
2026-08-17 20:45:00+00:00,158.91575,158.95165,158.87955,158.89215,0,1786048364178,STALE
2026-08-17 21:00:00+00:00,158.89195,158.90075,158.76105,158.77685,0,1786048363278,STALE
2026-08-17 21:15:00+00:00,158.77705,158.78935,158.69105,158.69255,0,1786048362378,STALE
2026-08-17 21:30:00+00:00,158.69135,158.75555,158.67375,158.73795,0,1786048361478,STALE
2026-08-17 21:45:00+00:00,158.73765,158.83255,158.70255,158.81335,0,1786048360578,STALE
2026-08-17 22:00:00+00:00,158.81365,158.90155,158.79825,158.88755,0,1786048359678,STALE
2026-08-17 22:15:00+00:00,158.88795,158.89975,158.77605,158.78075,0,1786048358778,STALE
2026-08-17 22:30:00+00:00,158.77885,158.88335,158.77595,158.87245,0,1786048357878,STALE
2026-08-17 22:45:00+00:00,158.87285,158.92175,158.82715,158.90655,0,1786048356978,STALE
2026-08-17 23:00:00+00:00,158.90635,158.91625,158.83855,158.87105,0,1786048356078,STALE
2026-08-17 23:15:00+00:00,158.87165,158.88695,158.82205,158.84235,0,1786048355178,STALE
2026-08-17 23:30:00+00:00,158.84335,158.90885,158.84335,158.90145,0,1786048354278,STALE
2026-08-17 23:45:00+00:00,158.90195,158.93005,158.82475,158.82815,0,1786048353378,STALE
2026-08-18 00:00:00+00:00,158.82845,158.85475,158.76115,158.77075,0,1786048352478,STALE
2026-08-18 00:15:00+00:00,158.76555,158.77335,158.71205,158.75095,0,1786048351578,STALE
2026-08-18 00:30:00+00:00,158.75315,158.79315,158.73235,158.78635,0,1786048350678,STALE
2026-08-18 00:45:00+00:00,158.78695,158.80265,158.72845,158.73395,0,1786048349778,STALE
2026-08-18 01:00:00+00:00,158.73485,158.81525,158.73295,158.81525,0,1786048348878,STALE
2026-08-18 01:15:00+00:00,158.81495,158.88385,158.81225,158.86155,0,1786048347978,STALE
2026-08-18 01:30:00+00:00,158.86115,158.93445,158.85665,158.92835,0,1786048347078,STALE
2026-08-18 01:45:00+00:00,158.92865,159.06075,158.89615,159.04945,0,1786048346178,STALE
2026-08-18 02:00:00+00:00,159.05025,159.14815,159.04865,159.13235,0,1786048345278,STALE
2026-08-18 02:15:00+00:00,159.13245,159.19485,159.12145,159.13945,0,1786048344378,STALE
2026-08-18 02:30:00+00:00,159.13855,159.23035,159.13455,159.15805,0,1786048343478,STALE
2026-08-18 02:45:00+00:00,159.15815,159.16915,159.06915,159.08655,0,1786048342578,STALE
2026-08-18 03:00:00+00:00,159.08835,159.11895,159.03445,159.03775,0,1786048341678,STALE
2026-08-18 03:15:00+00:00,159.03815,159.17325,159.01845,159.14945,0,1786048340778,STALE
2026-08-18 03:30:00+00:00,159.14965,159.15875,159.03915,159.13805,0,1786048339878,STALE
2026-08-18 03:45:00+00:00,159.13505,159.22095,159.11665,159.20215,0,1786048338978,STALE
2026-08-18 04:00:00+00:00,159.20215,159.65165,159.20215,159.65085,0,1786048338078,STALE
2026-08-18 04:15:00+00:00,159.65055,159.76595,159.65025,159.75495,0,1786048337178,STALE
2026-08-18 04:30:00+00:00,159.75615,159.89875,159.71675,159.89185,0,1786048336278,STALE
2026-08-18 04:45:00+00:00,159.89145,159.95965,159.88965,159.93395,0,1786048335378,STALE
2026-08-18 05:00:00+00:00,159.93355,159.94975,159.88145,159.92015,0,1786048334478,STALE
2026-08-18 05:15:00+00:00,159.91985,160.03915,159.90535,160.01845,0,1786048333578,STALE
2026-08-18 05:30:00+00:00,160.01875,160.04115,159.98245,159.98585,0,1786048332678,STALE
2026-08-18 05:45:00+00:00,159.98625,160.01305,159.88115,159.88675,0,1786048331778,STALE
2026-08-18 06:00:00+00:00,159.88625,159.89215,159.79255,159.79315,0,1786048330878,STALE
2026-08-18 06:15:00+00:00,159.79215,159.83275,159.77095,159.82395,0,1786048329978,STALE
2026-08-18 06:30:00+00:00,159.82465,159.82705,159.76115,159.79765,0,1786048329078,STALE
2026-08-18 06:45:00+00:00,159.79755,159.86315,159.78545,159.83615,0,1786048328178,STALE
2026-08-18 07:00:00+00:00,159.83565,159.88985,159.81075,159.83995,0,1786048327278,STALE
2026-08-18 07:15:00+00:00,159.83985,159.87045,159.80205,159.83555,0,1786048326378,STALE
2026-08-18 07:30:00+00:00,159.83605,159.85995,159.74545,159.75475,0,1786048325478,STALE
2026-08-18 07:45:00+00:00,159.75445,159.76185,159.64395,159.65285,0,1786048324578,STALE
2026-08-18 08:00:00+00:00,159.65255,159.66365,159.57415,159.61555,0,1786048323678,STALE
2026-08-18 08:15:00+00:00,159.61595,159.71255,159.60395,159.67565,0,1786048322778,STALE
2026-08-18 08:30:00+00:00,159.67525,159.73735,159.64525,159.70605,0,1786048321878,STALE
2026-08-18 08:45:00+00:00,159.70555,159.72965,159.65805,159.69715,0,1786048320978,STALE
2026-08-18 09:00:00+00:00,159.69695,159.71375,159.66365,159.70205,0,1786048320078,STALE
2026-08-18 09:15:00+00:00,159.70235,159.70315,159.55255,159.56585,0,1786048319178,STALE
2026-08-18 09:30:00+00:00,159.56485,159.62005,159.56345,159.61685,0,1786048318278,STALE
2026-08-18 09:45:00+00:00,159.61695,159.63645,159.56855,159.57175,0,1786048317378,STALE
2026-08-18 10:00:00+00:00,159.57145,159.61335,159.53715,159.60645,0,1786048316478,STALE
2026-08-18 10:15:00+00:00,159.60655,159.62085,159.52015,159.54485,0,1786048315578,STALE
2026-08-18 10:30:00+00:00,159.54505,159.57635,159.45345,159.48705,0,1786048314678,STALE
2026-08-18 10:45:00+00:00,159.48695,159.53705,159.45395,159.49175,0,1786048313778,STALE
2026-08-18 11:00:00+00:00,159.49245,159.55165,159.47745,159.54575,0,1786048312878,STALE
2026-08-18 11:15:00+00:00,159.54595,159.57715,159.49905,159.54665,0,1786048311978,STALE
2026-08-18 11:30:00+00:00,159.54635,159.59695,159.53725,159.56115,0,1786048311078,STALE
2026-08-18 11:45:00+00:00,159.56075,159.58685,159.51065,159.54665,0,1786048310178,STALE
2026-08-18 12:00:00+00:00,159.54585,159.55885,159.48375,159.54715,0,1786048309278,STALE
2026-08-18 12:15:00+00:00,159.54745,159.57035,159.49105,159.52605,0,1786048308378,STALE
2026-08-18 12:30:00+00:00,159.52545,159.55255,159.47775,159.49495,0,1786048307478,STALE
2026-08-18 12:45:00+00:00,159.49465,159.54185,159.45925,159.50695,0,1786048306578,STALE
2026-08-18 13:00:00+00:00,159.50685,159.52015,159.41895,159.46255,0,1786048305678,STALE
2026-08-18 13:15:00+00:00,159.46205,159.49365,159.43395,159.49195,0,1786048304778,STALE
2026-08-18 13:30:00+00:00,159.49175,159.57015,159.48645,159.53685,0,1786048303878,STALE
2026-08-18 13:45:00+00:00,159.53725,159.65045,159.51985,159.60195,0,1786048302978,STALE
2026-08-18 14:00:00+00:00,159.60145,159.62305,159.54085,159.56935,0,1786048302078,STALE
2026-08-18 14:15:00+00:00,159.56865,159.61145,159.55575,159.60245,0,1786048301178,STALE
2026-08-18 14:30:00+00:00,159.60215,159.61155,159.54385,159.60315,0,1786048300278,STALE
2026-08-18 14:45:00+00:00,159.60345,159.61695,159.51875,159.52815,0,1786048299378,STALE
2026-08-18 15:00:00+00:00,159.52895,159.57555,159.51595,159.52625,0,1786048298478,STALE
2026-08-18 15:15:00+00:00,159.52585,159.53045,159.44325,159.50355,0,1786048297578,STALE
2026-08-18 15:30:00+00:00,159.50785,159.63045,159.50345,159.60105,0,1786048296678,STALE
2026-08-18 15:45:00+00:00,159.60135,159.62655,159.56505,159.56995,0,1786048295778,STALE
2026-08-18 16:00:00+00:00,159.57005,159.59575,159.49375,159.53615,0,1786048294878,STALE
2026-08-18 16:15:00+00:00,159.53465,159.58015,159.52215,159.56315,0,1786048293978,STALE
2026-08-18 16:30:00+00:00,159.56305,159.61425,159.54825,159.59285,0,1786048293078,STALE
2026-08-18 16:45:00+00:00,159.59295,159.59305,159.45155,159.46365,0,1786048292178,STALE
2026-08-18 17:00:00+00:00,159.46465,159.50355,159.42825,159.49965,0,1786048291278,STALE
2026-08-18 17:15:00+00:00,159.49935,159.53915,159.46205,159.53815,0,1786048290378,STALE
2026-08-18 17:30:00+00:00,159.53775,159.54265,159.43435,159.50895,0,1786048289478,STALE
2026-08-18 17:45:00+00:00,159.50875,159.56675,159.46705,159.49595,0,1786048288578,STALE
2026-08-18 18:00:00+00:00,159.49575,159.59485,159.48865,159.58135,0,1786048287678,STALE
2026-08-18 18:15:00+00:00,159.58175,159.60995,159.54255,159.57915,0,1786048286778,STALE
2026-08-18 18:30:00+00:00,159.57885,159.65925,159.54675,159.64765,0,1786048285878,STALE
2026-08-18 18:45:00+00:00,159.64845,159.73765,159.64455,159.69305,0,1786048284978,STALE
2026-08-18 19:00:00+00:00,159.69415,159.70405,159.56945,159.56985,0,1786048284078,STALE
2026-08-18 19:15:00+00:00,159.57015,159.57155,159.44965,159.44965,0,1786048283178,STALE
2026-08-18 19:30:00+00:00,159.44945,159.49225,159.40375,159.49065,0,1786048282278,STALE
2026-08-18 19:45:00+00:00,159.49115,159.67645,159.44525,159.65615,0,1786048281378,STALE
2026-08-18 20:00:00+00:00,159.65575,159.72795,159.64745,159.71915,0,1786048280478,STALE
2026-08-18 20:15:00+00:00,159.71875,159.74345,159.66025,159.70305,0,1786048279578,STALE
2026-08-18 20:30:00+00:00,159.70505,159.76235,159.68535,159.73295,0,1786048278678,STALE
2026-08-18 20:45:00+00:00,159.73255,159.74565,159.67865,159.69125,0,1786048277778,STALE
2026-08-18 21:00:00+00:00,159.69145,159.69145,159.61995,159.62385,0,1786048276878,STALE
2026-08-18 21:15:00+00:00,159.62355,159.64835,159.53855,159.54225,0,1786048275978,STALE
2026-08-18 21:30:00+00:00,159.54185,159.54415,159.45165,159.45875,0,1786048275078,STALE
2026-08-18 21:45:00+00:00,159.46415,159.47115,159.39715,159.44315,0,1786048274178,STALE
2026-08-18 22:00:00+00:00,159.44275,159.44705,159.37555,159.42085,0,1786048273278,STALE
2026-08-18 22:15:00+00:00,159.42095,159.42095,159.35595,159.37635,0,1786048272378,STALE
2026-08-18 22:30:00+00:00,159.37585,159.39195,159.33475,159.38165,0,1786048271478,STALE
2026-08-18 22:45:00+00:00,159.38075,159.40675,159.29345,159.29385,0,1786048270578,STALE
2026-08-18 23:00:00+00:00,159.29335,159.30405,159.22825,159.24985,0,1786048269678,STALE
2026-08-18 23:15:00+00:00,159.25075,159.27595,159.16305,159.17275,0,1786048268778,STALE
2026-08-18 23:30:00+00:00,159.17315,159.27115,159.16315,159.17875,0,1786048267878,STALE
2026-08-18 23:45:00+00:00,159.17845,159.20015,159.14535,159.15015,0,1786048266978,STALE
2026-08-19 00:00:00+00:00,159.15025,159.15165,159.01175,159.04605,0,1786048266078,STALE
2026-08-19 00:15:00+00:00,159.04535,159.10085,159.03285,159.05295,0,1786048265178,STALE
2026-08-19 00:30:00+00:00,159.05265,159.08045,159.01755,159.03915,0,1786048264278,STALE
2026-08-19 00:45:00+00:00,159.03945,159.06385,158.96015,158.98975,0,1786048263378,STALE
2026-08-19 01:00:00+00:00,158.98985,159.02105,158.96825,158.97825,0,1786048262478,STALE
2026-08-19 01:15:00+00:00,158.98105,159.00435,158.95465,158.99345,0,1786048261578,STALE
2026-08-19 01:30:00+00:00,158.99375,159.05135,158.95755,158.97545,0,1786048260678,STALE
2026-08-19 01:45:00+00:00,158.97415,159.01405,158.90825,158.92905,0,1786048259778,STALE
2026-08-19 02:00:00+00:00,158.92925,158.98415,158.92625,158.97315,0,1786048258878,STALE
2026-08-19 02:15:00+00:00,158.97405,158.97955,158.89335,158.92265,0,1786048257978,STALE
2026-08-19 02:30:00+00:00,158.92305,158.94645,158.88765,158.93285,0,1786048257078,STALE
2026-08-19 02:45:00+00:00,158.93275,158.99005,158.91815,158.99005,0,1786048256178,STALE
2026-08-19 03:00:00+00:00,158.98955,159.00405,158.95085,158.99125,0,1786048255278,STALE
2026-08-19 03:15:00+00:00,158.99135,159.01575,158.96835,158.98855,0,1786048254378,STALE
2026-08-19 03:30:00+00:00,158.98885,159.02945,158.96545,158.98315,0,1786048253478,STALE
2026-08-19 03:45:00+00:00,158.98355,159.07775,158.96945,159.07665,0,1786048252578,STALE
2026-08-19 04:00:00+00:00,159.07675,159.13985,159.03875,159.03965,0,1786048251678,STALE
2026-08-19 04:15:00+00:00,159.03925,159.04615,158.89805,158.91055,0,1786048250778,STALE
2026-08-19 04:30:00+00:00,158.90985,159.01305,158.90985,159.00715,0,1786048249878,STALE
2026-08-19 04:45:00+00:00,159.00635,159.02015,158.96425,159.01305,0,1786048248978,STALE
2026-08-19 05:00:00+00:00,159.01355,159.11075,159.00955,159.09745,0,1786048248078,STALE
2026-08-19 05:15:00+00:00,159.09775,159.20715,159.09775,159.19115,0,1786048247178,STALE
2026-08-19 05:30:00+00:00,159.19195,159.25055,159.16855,159.19255,0,1786048246278,STALE
2026-08-19 05:45:00+00:00,159.19475,159.21355,159.09325,159.12555,0,1786048245378,STALE
2026-08-19 06:00:00+00:00,159.12595,159.13985,159.07405,159.12055,0,1786048244478,STALE
2026-08-19 06:15:00+00:00,159.12105,159.18055,159.10345,159.12185,0,1786048243578,STALE
2026-08-19 06:30:00+00:00,159.11915,159.12675,159.00165,159.04135,0,1786048242678,STALE
2026-08-19 06:45:00+00:00,159.04025,159.08675,159.02135,159.07065,0,1786048241778,STALE
2026-08-19 07:00:00+00:00,159.06855,159.08155,159.00615,159.01495,0,1786048240878,STALE
2026-08-19 07:15:00+00:00,159.01445,159.02165,158.96055,158.99125,0,1786048239978,STALE
2026-08-19 07:30:00+00:00,158.99145,159.12865,158.98815,159.10555,0,1786048239078,STALE
2026-08-19 07:45:00+00:00,159.10595,159.11965,159.03835,159.04615,0,1786048238178,STALE
2026-08-19 08:00:00+00:00,159.04415,159.09435,159.03875,159.08275,0,1786048237278,STALE
2026-08-19 08:15:00+00:00,159.08255,159.08695,158.95215,158.97565,0,1786048236378,STALE
2026-08-19 08:30:00+00:00,158.97535,158.99325,158.93465,158.97415,0,1786048235478,STALE
2026-08-19 08:45:00+00:00,158.97275,159.04245,158.95155,158.97245,0,1786048234578,STALE
2026-08-19 09:00:00+00:00,158.97265,159.01405,158.91865,159.01325,0,1786048233678,STALE
2026-08-19 09:15:00+00:00,159.01315,159.07655,159.00855,159.03615,0,1786048232778,STALE
2026-08-19 09:30:00+00:00,159.03955,159.06385,158.99005,159.05725,0,1786048231878,STALE
2026-08-19 09:45:00+00:00,159.05885,159.09665,159.01025,159.02315,0,1786048230978,STALE
2026-08-19 10:00:00+00:00,159.02375,159.05945,159.00875,159.04015,0,1786048230078,STALE
2026-08-19 10:15:00+00:00,159.03975,159.19795,159.02615,159.12705,0,1786048229178,STALE
2026-08-19 10:30:00+00:00,159.12715,159.17905,159.08975,159.14745,0,1786048228278,STALE
2026-08-19 10:45:00+00:00,159.14785,159.16575,159.07825,159.15865,0,1786048227378,STALE
2026-08-19 11:00:00+00:00,159.15845,159.27765,159.15585,159.24855,0,1786048226478,STALE
2026-08-19 11:15:00+00:00,159.24885,159.24985,159.16055,159.20405,0,1786048225578,STALE
2026-08-19 11:30:00+00:00,159.20435,159.28355,159.20305,159.28025,0,1786048224678,STALE
2026-08-19 11:45:00+00:00,159.28055,159.39085,159.28045,159.37875,0,1786048223778,STALE
2026-08-19 12:00:00+00:00,159.37985,159.41925,159.34155,159.38585,0,1786048222878,STALE
2026-08-19 12:15:00+00:00,159.38555,159.38915,159.33165,159.36725,0,1786048221978,STALE
2026-08-19 12:30:00+00:00,159.36715,159.44405,159.33045,159.41415,0,1786048221078,STALE
2026-08-19 12:45:00+00:00,159.41465,159.45365,159.36805,159.37955,0,1786048220178,STALE
2026-08-19 13:00:00+00:00,159.38005,159.48135,159.37065,159.46205,0,1786048219278,STALE
2026-08-19 13:15:00+00:00,159.46235,159.50985,159.42465,159.48975,0,1786048218378,STALE
2026-08-19 13:30:00+00:00,159.49005,159.57285,159.46145,159.55325,0,1786048217478,STALE
2026-08-19 13:45:00+00:00,159.55275,159.61035,159.55065,159.58695,0,1786048216578,STALE
2026-08-19 14:00:00+00:00,159.58675,159.63895,159.53835,159.63895,0,1786048215678,STALE
2026-08-19 14:15:00+00:00,159.63975,159.64325,159.60355,159.62205,0,1786048214778,STALE
2026-08-19 14:30:00+00:00,159.62225,159.67185,159.57545,159.58095,0,1786048213878,STALE
2026-08-19 14:45:00+00:00,159.58115,159.68155,159.56185,159.66745,0,1786048212978,STALE
2026-08-19 15:00:00+00:00,159.66765,159.68125,159.62205,159.67915,0,1786048212078,STALE
2026-08-19 15:15:00+00:00,159.68295,159.75575,159.67225,159.73865,0,1786048211178,STALE
2026-08-19 15:30:00+00:00,159.73905,159.77645,159.73295,159.76375,0,1786048210278,STALE
2026-08-19 15:45:00+00:00,159.76335,159.77775,159.73155,159.74885,0,1786048209378,STALE
2026-08-19 16:00:00+00:00,159.74915,159.78655,159.73435,159.75515,0,1786048208478,STALE
2026-08-19 16:15:00+00:00,159.75545,159.78595,159.72535,159.76765,0,1786048207578,STALE
2026-08-19 16:30:00+00:00,159.76685,159.78385,159.59505,159.61165,0,1786048206678,STALE
2026-08-19 16:45:00+00:00,159.61195,159.61725,159.55705,159.60205,0,1786048205778,STALE
2026-08-19 17:00:00+00:00,159.60175,159.62765,159.48255,159.48325,0,1786048204878,STALE
2026-08-19 17:15:00+00:00,159.48305,159.51355,159.43715,159.45695,0,1786048203978,STALE
2026-08-19 17:30:00+00:00,159.45685,159.48995,159.43225,159.48445,0,1786048203078,STALE
2026-08-19 17:45:00+00:00,159.48375,159.54505,159.47055,159.50685,0,1786048202178,STALE
2026-08-19 18:00:00+00:00,159.50705,159.55845,159.46205,159.51185,0,1786048201278,STALE
2026-08-19 18:15:00+00:00,159.51105,159.53985,159.42205,159.45845,0,1786048200378,STALE
2026-08-19 18:30:00+00:00,159.45895,159.47215,159.39925,159.44015,0,1786048199478,STALE
2026-08-19 18:45:00+00:00,159.43935,159.54885,159.43135,159.54885,0,1786048198578,STALE
2026-08-19 19:00:00+00:00,159.54845,159.64755,159.53985,159.59755,0,1786048197678,STALE
2026-08-19 19:15:00+00:00,159.59735,159.65435,159.57775,159.60725,0,1786048196778,STALE
2026-08-19 19:30:00+00:00,159.60775,159.66855,159.60205,159.61075,0,1786048195878,STALE
2026-08-19 19:45:00+00:00,159.60995,159.65085,159.58095,159.63485,0,1786048194978,STALE
2026-08-19 20:00:00+00:00,159.63525,159.67565,159.60275,159.67565,0,1786048194078,STALE
2026-08-19 20:15:00+00:00,159.67595,159.77515,159.64535,159.74815,0,1786048193178,STALE
2026-08-19 20:30:00+00:00,159.74885,159.77125,159.63275,159.66035,0,1786048192278,STALE
2026-08-19 20:45:00+00:00,159.66055,159.66975,159.58055,159.60535,0,1786048191378,STALE
2026-08-19 21:00:00+00:00,159.60515,159.60515,159.50995,159.55195,0,1786048190478,STALE
2026-08-19 21:15:00+00:00,159.55165,159.55275,159.49875,159.50545,0,1786048189578,STALE
2026-08-19 21:30:00+00:00,159.50505,159.52605,159.40385,159.47675,0,1786048188678,STALE
2026-08-19 21:45:00+00:00,159.47725,159.53785,159.46245,159.53555,0,1786048187778,STALE
2026-08-19 22:00:00+00:00,159.53495,159.59435,159.49375,159.50115,0,1786048186878,STALE
2026-08-19 22:15:00+00:00,159.50095,159.51135,159.45885,159.47445,0,1786048185978,STALE
2026-08-19 22:30:00+00:00,159.47575,159.58435,159.47445,159.49615,0,1786048185078,STALE
2026-08-19 22:45:00+00:00,159.49705,159.54095,159.43275,159.45435,0,1786048184178,STALE
2026-08-19 23:00:00+00:00,159.45445,159.51935,159.43625,159.48325,0,1786048183278,STALE
2026-08-19 23:15:00+00:00,159.48405,159.56025,159.45075,159.56025,0,1786048182378,STALE
2026-08-19 23:30:00+00:00,159.55995,159.55995,159.46325,159.53095,0,1786048181478,STALE
2026-08-19 23:45:00+00:00,159.53075,159.61125,159.52585,159.53855,0,1786048180578,STALE
2026-08-20 00:00:00+00:00,159.53815,159.63125,159.53325,159.57215,0,1786048179678,STALE
2026-08-20 00:15:00+00:00,159.57235,159.58665,159.51205,159.52315,0,1786048178778,STALE
2026-08-20 00:30:00+00:00,159.52195,159.60475,159.52015,159.55345,0,1786048177878,STALE
2026-08-20 00:45:00+00:00,159.55735,159.59215,159.52125,159.55445,0,1786048176978,STALE
2026-08-20 01:00:00+00:00,159.55425,159.59645,159.50755,159.52235,0,1786048176078,STALE
2026-08-20 01:15:00+00:00,159.52285,159.60725,159.51215,159.58415,0,1786048175178,STALE
2026-08-20 01:30:00+00:00,159.58445,159.61935,159.57045,159.60015,0,1786048174278,STALE
2026-08-20 01:45:00+00:00,159.60105,159.71765,159.58015,159.70985,0,1786048173378,STALE
2026-08-20 02:00:00+00:00,159.71025,159.80065,159.70555,159.70885,0,1786048172478,STALE
2026-08-20 02:15:00+00:00,159.70795,159.77845,159.68155,159.71735,0,1786048171578,STALE
2026-08-20 02:30:00+00:00,159.71805,159.75535,159.68535,159.70175,0,1786048170678,STALE
2026-08-20 02:45:00+00:00,159.70125,159.70525,159.62705,159.67165,0,1786048169778,STALE
2026-08-20 03:00:00+00:00,159.67175,159.68945,159.62765,159.66495,0,1786048168878,STALE
2026-08-20 03:15:00+00:00,159.66635,159.67125,159.56705,159.59395,0,1786048167978,STALE
2026-08-20 03:30:00+00:00,159.59355,159.63415,159.57445,159.60715,0,1786048167078,STALE
2026-08-20 03:45:00+00:00,159.60525,159.63375,159.55775,159.58625,0,1786048166178,STALE
2026-08-20 04:00:00+00:00,159.58625,159.58625,158.39565,158.42315,0,1786048165278,STALE
2026-08-20 04:15:00+00:00,158.42325,158.44215,158.36625,158.36895,0,1786048164378,STALE
2026-08-20 04:30:00+00:00,158.36885,158.41125,158.31945,158.39245,0,1786048163478,STALE
2026-08-20 04:45:00+00:00,158.39175,158.40085,158.34725,158.39595,0,1786048162578,STALE
2026-08-20 05:00:00+00:00,158.39555,158.41475,158.37185,158.38185,0,1786048161678,STALE
2026-08-20 05:15:00+00:00,158.38195,158.40245,158.35475,158.39265,0,1786048160778,STALE
2026-08-20 05:30:00+00:00,158.39245,158.41405,158.35055,158.38575,0,1786048159878,STALE
2026-08-20 05:45:00+00:00,158.38615,158.45885,158.37725,158.41125,0,1786048158978,STALE
2026-08-20 06:00:00+00:00,158.41085,158.41305,158.33935,158.34075,0,1786048158078,STALE
2026-08-20 06:15:00+00:00,158.34155,158.39175,158.32035,158.33055,0,1786048157178,STALE
2026-08-20 06:30:00+00:00,158.33025,158.41435,158.31615,158.40025,0,1786048156278,STALE
2026-08-20 06:45:00+00:00,158.40085,158.40655,158.30955,158.33515,0,1786048155378,STALE
2026-08-20 07:00:00+00:00,158.33445,158.34395,158.25855,158.29435,0,1786048154478,STALE
2026-08-20 07:15:00+00:00,158.29405,158.43605,158.29295,158.43195,0,1786048153578,STALE
2026-08-20 07:30:00+00:00,158.43185,158.54105,158.42935,158.53605,0,1786048152678,STALE
2026-08-20 07:45:00+00:00,158.53635,158.57635,158.49905,158.50785,0,1786048151778,STALE
2026-08-20 08:00:00+00:00,158.50745,158.52945,158.40735,158.48665,0,1786048150878,STALE
2026-08-20 08:15:00+00:00,158.48225,158.52305,158.43455,158.49685,0,1786048149978,STALE
2026-08-20 08:30:00+00:00,158.49675,158.52985,158.43195,158.48885,0,1786048149078,STALE
2026-08-20 08:45:00+00:00,158.48845,158.56035,158.47135,158.50275,0,1786048148178,STALE
2026-08-20 09:00:00+00:00,158.50285,158.52775,158.45905,158.50005,0,1786048147278,STALE
2026-08-20 09:15:00+00:00,158.50045,158.53685,158.44855,158.45705,0,1786048146378,STALE
2026-08-20 09:30:00+00:00,158.45735,158.47315,158.38195,158.40015,0,1786048145478,STALE
2026-08-20 09:45:00+00:00,158.40035,158.42385,158.35495,158.38495,0,1786048144578,STALE
2026-08-20 10:00:00+00:00,158.38545,158.39215,158.33095,158.33975,0,1786048143678,STALE
2026-08-20 10:15:00+00:00,158.34035,158.43445,158.33495,158.42505,0,1786048142778,STALE
2026-08-20 10:30:00+00:00,158.42555,158.47445,158.39615,158.42615,0,1786048141878,STALE
2026-08-20 10:45:00+00:00,158.42535,158.46655,158.38785,158.43375,0,1786048140978,STALE
2026-08-20 11:00:00+00:00,158.43385,158.45325,158.37535,158.42815,0,1786048140078,STALE
2026-08-20 11:15:00+00:00,158.42835,158.45975,158.35665,158.39215,0,1786048139178,STALE
2026-08-20 11:30:00+00:00,158.39135,158.46805,158.37925,158.46065,0,1786048138278,STALE
2026-08-20 11:45:00+00:00,158.46115,158.58885,158.43555,158.56675,0,1786048137378,STALE
2026-08-20 12:00:00+00:00,158.56705,158.63905,158.55035,158.57135,0,1786048136478,STALE
2026-08-20 12:15:00+00:00,158.57145,158.60655,158.49485,158.50275,0,1786048135578,STALE
2026-08-20 12:30:00+00:00,158.50285,158.50285,158.38885,158.43545,0,1786048134678,STALE
2026-08-20 12:45:00+00:00,158.43625,158.44305,158.34065,158.35175,0,1786048133778,STALE
2026-08-20 13:00:00+00:00,158.35155,158.46225,158.34945,158.37775,0,1786048132878,STALE
2026-08-20 13:15:00+00:00,158.37815,158.44175,158.36325,158.38455,0,1786048131978,STALE
2026-08-20 13:30:00+00:00,158.38485,158.38935,158.33095,158.35395,0,1786048131078,STALE
2026-08-20 13:45:00+00:00,158.35375,158.39635,158.34735,158.37305,0,1786048130178,STALE
2026-08-20 14:00:00+00:00,158.37335,158.40825,158.33215,158.36175,0,1786048129278,STALE
2026-08-20 14:15:00+00:00,158.35845,158.36315,158.31185,158.34915,0,1786048128378,STALE
2026-08-20 14:30:00+00:00,158.34835,158.38885,158.30405,158.35985,0,1786048127478,STALE
2026-08-20 14:45:00+00:00,158.35995,158.38935,158.30345,158.37655,0,1786048126578,STALE
2026-08-20 15:00:00+00:00,158.37665,158.45715,158.37355,158.42435,0,1786048125678,STALE
2026-08-20 15:15:00+00:00,158.42465,158.45925,158.35435,158.36855,0,1786048124778,STALE
2026-08-20 15:30:00+00:00,158.36825,158.40375,158.32985,158.36845,0,1786048123878,STALE
2026-08-20 15:45:00+00:00,158.36855,158.40345,158.34745,158.35035,0,1786048122978,STALE
2026-08-20 16:00:00+00:00,158.35075,158.40255,158.33135,158.40205,0,1786048122078,STALE
2026-08-20 16:15:00+00:00,158.40185,158.49015,158.39335,158.40405,0,1786048121178,STALE
2026-08-20 16:30:00+00:00,158.40415,158.43675,158.37715,158.42815,0,1786048120278,STALE
2026-08-20 16:45:00+00:00,158.42745,158.45325,158.38045,158.44595,0,1786048119378,STALE
2026-08-20 17:00:00+00:00,158.44585,158.52525,158.43995,158.51165,0,1786048118478,STALE
2026-08-20 17:15:00+00:00,158.51375,158.52435,158.42385,158.43005,0,1786048117578,STALE
2026-08-20 17:30:00+00:00,158.43045,158.50975,158.42975,158.46165,0,1786048116678,STALE
2026-08-20 17:45:00+00:00,158.46135,158.50485,158.42035,158.48965,0,1786048115778,STALE
2026-08-20 18:00:00+00:00,158.48795,158.51305,158.46015,158.46655,0,1786048114878,STALE
2026-08-20 18:15:00+00:00,158.46685,158.48255,158.36275,158.37135,0,1786048113978,STALE
2026-08-20 18:30:00+00:00,158.37175,158.47845,158.35965,158.47045,0,1786048113078,STALE
2026-08-20 18:45:00+00:00,158.46975,158.48985,158.43715,158.47875,0,1786048112178,STALE
2026-08-20 19:00:00+00:00,158.47915,158.49535,158.43115,158.49145,0,1786048111278,STALE
2026-08-20 19:15:00+00:00,158.49085,158.53775,158.42515,158.46105,0,1786048110378,STALE
2026-08-20 19:30:00+00:00,158.46095,158.47015,158.32975,158.33405,0,1786048109478,STALE
2026-08-20 19:45:00+00:00,158.33385,158.36095,158.28335,158.29135,0,1786048108578,STALE
2026-08-20 20:00:00+00:00,158.29105,158.32075,158.28135,158.28815,0,1786048107678,STALE
2026-08-20 20:15:00+00:00,158.28835,158.33095,158.23245,158.32705,0,1786048106778,STALE
2026-08-20 20:30:00+00:00,158.32655,158.34105,158.20055,158.21775,0,1786048105878,STALE
2026-08-20 20:45:00+00:00,158.21735,158.24565,158.17555,158.19525,0,1786048104978,STALE
2026-08-20 21:00:00+00:00,158.19465,158.21785,158.12365,158.15525,0,1786048104078,STALE
2026-08-20 21:15:00+00:00,158.15555,158.24125,158.14305,158.15005,0,1786048103178,STALE
2026-08-20 21:30:00+00:00,158.15045,158.19745,158.11985,158.18095,0,1786048102278,STALE
2026-08-20 21:45:00+00:00,158.18105,158.41635,158.16995,158.40225,0,1786048101378,STALE
2026-08-20 22:00:00+00:00,158.40265,158.48035,158.38935,158.43095,0,1786048100478,STALE
2026-08-20 22:15:00+00:00,158.43135,158.46755,158.40535,158.44665,0,1786048099578,STALE
2026-08-20 22:30:00+00:00,158.44685,158.54865,158.43645,158.52935,0,1786048098678,STALE
2026-08-20 22:45:00+00:00,158.53015,158.58185,158.51405,158.52785,0,1786048097778,STALE
2026-08-20 23:00:00+00:00,158.52825,158.53395,158.46165,158.47925,0,1786048096878,STALE
2026-08-20 23:15:00+00:00,158.47885,158.51475,158.45775,158.48195,0,1786048095978,STALE
2026-08-20 23:30:00+00:00,158.48235,158.51645,158.40825,158.43225,0,1786048095078,STALE
2026-08-20 23:45:00+00:00,158.43265,158.53915,158.42975,158.47365,0,1786048094178,STALE
2026-08-21 00:00:00+00:00,158.47395,158.49985,158.39205,158.41105,0,1786048093278,STALE
2026-08-21 00:15:00+00:00,158.41125,158.56535,158.41125,158.54675,0,1786048092378,STALE
2026-08-21 00:30:00+00:00,158.54635,158.55435,158.49755,158.53345,0,1786048091478,STALE
2026-08-21 00:45:00+00:00,158.53315,158.54195,158.47585,158.49955,0,1786048090578,STALE
2026-08-21 01:00:00+00:00,158.49945,158.50255,158.44025,158.48415,0,1786048089678,STALE
2026-08-21 01:15:00+00:00,158.48425,158.53815,158.47085,158.50125,0,1786048088778,STALE
2026-08-21 01:30:00+00:00,158.50135,158.57105,158.48065,158.55265,0,1786048087878,STALE
2026-08-21 01:45:00+00:00,158.55285,158.58555,158.51505,158.58305,0,1786048086978,STALE
2026-08-21 02:00:00+00:00,158.58315,158.62805,158.55425,158.55425,0,1786048086078,STALE
2026-08-21 02:15:00+00:00,158.55345,158.60545,158.54815,158.59855,0,1786048085178,STALE
2026-08-21 02:30:00+00:00,158.59895,158.63435,158.54995,158.55135,0,1786048084278,STALE
2026-08-21 02:45:00+00:00,158.55095,158.57045,158.52515,158.52875,0,1786048083378,STALE
2026-08-21 03:00:00+00:00,158.52845,158.56055,158.43265,158.44295,0,1786048082478,STALE
2026-08-21 03:15:00+00:00,158.44255,158.45225,158.38965,158.44165,0,1786048081578,STALE
2026-08-21 03:30:00+00:00,158.44185,158.49935,158.43155,158.43565,0,1786048080678,STALE
2026-08-21 03:45:00+00:00,158.43525,158.43865,158.37605,158.37805,0,1786048079778,STALE
2026-08-21 04:00:00+00:00,158.37875,158.43935,158.35065,158.41115,0,1786048078878,STALE
2026-08-21 04:15:00+00:00,158.41085,158.45395,158.39015,158.42815,0,1786048077978,STALE
2026-08-21 04:30:00+00:00,158.42825,158.45795,158.34115,158.37105,0,1786048077078,STALE
2026-08-21 04:45:00+00:00,158.37145,158.40095,158.27425,158.30485,0,1786048076178,STALE
2026-08-21 05:00:00+00:00,158.30465,158.30475,158.16215,158.18615,0,1786048075278,STALE
2026-08-21 05:15:00+00:00,158.18575,158.25565,158.16395,158.22435,0,1786048074378,STALE
2026-08-21 05:30:00+00:00,158.22675,158.23845,158.12525,158.16585,0,1786048073478,STALE
2026-08-21 05:45:00+00:00,158.16635,158.25405,158.15875,158.22325,0,1786048072578,STALE
2026-08-21 06:00:00+00:00,158.22365,158.29225,158.21135,158.27345,0,1786048071678,STALE
2026-08-21 06:15:00+00:00,158.27105,158.27775,158.21665,158.26355,0,1786048070778,STALE
2026-08-21 06:30:00+00:00,158.25805,158.25885,158.18055,158.18465,0,1786048069878,STALE
2026-08-21 06:45:00+00:00,158.18415,158.18965,158.04105,158.08605,0,1786048068978,STALE
2026-08-21 07:00:00+00:00,158.08725,158.12185,158.06205,158.07885,0,1786048068078,STALE
2026-08-21 07:15:00+00:00,158.07905,158.10305,157.97895,157.98865,0,1786048067178,STALE
2026-08-21 07:30:00+00:00,157.98765,158.08745,157.98375,158.07975,0,1786048066278,STALE
2026-08-21 07:45:00+00:00,158.07955,158.12495,158.03305,158.09605,0,1786048065378,STALE
2026-08-21 08:00:00+00:00,158.09555,158.17835,158.09355,158.13245,0,1786048064478,STALE
2026-08-21 08:15:00+00:00,158.13095,158.17615,158.07245,158.15365,0,1786048063578,STALE
2026-08-21 08:30:00+00:00,158.15335,158.20815,158.15095,158.17665,0,1786048062678,STALE
2026-08-21 08:45:00+00:00,158.17625,158.20855,158.15085,158.20065,0,1786048061778,STALE
2026-08-21 09:00:00+00:00,158.20085,158.21075,158.14245,158.18355,0,1786048060878,STALE
2026-08-21 09:15:00+00:00,158.18365,158.19005,158.10935,158.10935,0,1786048059978,STALE
2026-08-21 09:30:00+00:00,158.11015,158.11425,157.97485,157.99835,0,1786048059078,STALE
2026-08-21 09:45:00+00:00,157.99875,158.02925,157.93885,158.02535,0,1786048058178,STALE
2026-08-21 10:00:00+00:00,158.02235,158.05715,157.96125,158.00385,0,1786048057278,STALE
2026-08-21 10:15:00+00:00,158.00335,158.06815,157.99345,158.05715,0,1786048056378,STALE
2026-08-21 10:30:00+00:00,158.05675,158.06095,157.93735,157.95785,0,1786048055478,STALE
2026-08-21 10:45:00+00:00,157.95765,157.98055,157.93885,157.96795,0,1786048054578,STALE
2026-08-21 11:00:00+00:00,157.96735,158.02565,157.94335,157.95595,0,1786048053678,STALE
2026-08-21 11:15:00+00:00,157.95445,157.99045,157.93945,157.96985,0,1786048052778,STALE
2026-08-21 11:30:00+00:00,157.97065,157.98095,157.92565,157.94695,0,1786048051878,STALE
2026-08-21 11:45:00+00:00,157.94665,158.01345,157.94625,157.95325,0,1786048050978,STALE
2026-08-21 12:00:00+00:00,157.95235,158.04135,157.93755,158.01995,0,1786048050078,STALE
2026-08-21 12:15:00+00:00,158.01965,158.02395,157.92375,157.92375,0,1786048049178,STALE
2026-08-21 12:30:00+00:00,157.92105,158.06595,157.91805,158.03545,0,1786048048278,STALE
2026-08-21 12:45:00+00:00,158.03585,158.06605,157.96225,157.96905,0,1786048047378,STALE
2026-08-21 13:00:00+00:00,157.96855,158.05105,157.96265,158.04725,0,1786048046478,STALE
2026-08-21 13:15:00+00:00,158.04755,158.08755,157.96695,157.97495,0,1786048045578,STALE
2026-08-21 13:30:00+00:00,157.97505,158.04865,157.96535,158.03925,0,1786048044678,STALE
2026-08-21 13:45:00+00:00,158.03895,158.05215,157.98215,157.98715,0,1786048043778,STALE
2026-08-21 14:00:00+00:00,157.98705,158.01285,157.94215,157.94915,0,1786048042878,STALE
2026-08-21 14:15:00+00:00,157.94935,157.98105,157.90295,157.92855,0,1786048041978,STALE
2026-08-21 14:30:00+00:00,157.92845,157.98945,157.91155,157.95945,0,1786048041078,STALE
2026-08-21 14:45:00+00:00,157.95955,158.04665,157.94345,158.01395,0,1786048040178,STALE
2026-08-21 15:00:00+00:00,158.01415,158.08745,158.01375,158.03165,0,1786048039278,STALE
2026-08-21 15:15:00+00:00,158.03235,158.03545,157.98885,157.99785,0,1786048038378,STALE
2026-08-21 15:30:00+00:00,157.99875,158.01785,157.95395,157.95445,0,1786048037478,STALE
2026-08-21 15:45:00+00:00,157.95365,157.96675,157.83345,157.87215,0,1786048036578,STALE
2026-08-21 16:00:00+00:00,157.87195,157.92895,157.86905,157.89945,0,1786048035678,STALE
2026-08-21 16:15:00+00:00,157.89865,157.96365,157.88175,157.94845,0,1786048034778,STALE
2026-08-21 16:30:00+00:00,157.94965,157.96535,157.88025,157.94155,0,1786048033878,STALE
2026-08-21 16:45:00+00:00,157.94125,158.05115,157.94125,158.00255,0,1786048032978,STALE
2026-08-21 17:00:00+00:00,158.00155,158.05445,157.98435,157.98995,0,1786048032078,STALE
2026-08-21 17:15:00+00:00,157.99065,158.02005,157.92485,157.94905,0,1786048031178,STALE
2026-08-21 17:30:00+00:00,157.94885,157.96745,157.92755,157.93365,0,1786048030278,STALE
2026-08-21 17:45:00+00:00,157.93315,158.04995,157.92655,158.03165,0,1786048029378,STALE
2026-08-21 18:00:00+00:00,158.03155,158.07445,158.01655,158.04165,0,1786048028478,STALE
2026-08-21 18:15:00+00:00,158.04215,158.04215,157.94735,157.94775,0,1786048027578,STALE
2026-08-21 18:30:00+00:00,157.94725,157.97155,157.88575,157.90745,0,1786048026678,STALE
2026-08-21 18:45:00+00:00,157.90895,157.93965,157.85605,157.87555,0,1786048025778,STALE
2026-08-21 19:00:00+00:00,157.87585,157.91195,157.83895,157.87725,0,1786048024878,STALE
2026-08-21 19:15:00+00:00,157.87685,157.88655,157.79575,157.86565,0,1786048023978,STALE
2026-08-21 19:30:00+00:00,157.86605,157.92885,157.84405,157.91705,0,1786048023078,STALE
2026-08-21 19:45:00+00:00,157.91725,157.92745,157.82815,157.91735,0,1786048022178,STALE
2026-08-21 20:00:00+00:00,157.91755,157.94275,157.86835,157.87225,0,1786048021278,STALE
2026-08-21 20:15:00+00:00,157.87105,157.91795,157.85005,157.89565,0,1786048020378,STALE
2026-08-21 20:30:00+00:00,157.89595,157.98915,157.87645,157.98875,0,1786048019478,STALE
2026-08-21 20:45:00+00:00,157.98815,158.00995,157.93445,157.95665,0,1786048018578,STALE
2026-08-21 21:00:00+00:00,157.95685,157.98595,157.93955,157.96655,0,1786048017678,STALE
2026-08-21 21:15:00+00:00,157.96645,158.00745,157.93345,157.99485,0,1786048016778,STALE
2026-08-21 21:30:00+00:00,157.99495,158.04255,157.92785,157.93875,0,1786048015878,STALE
2026-08-21 21:45:00+00:00,157.93925,157.98775,157.91485,157.98535,0,1786048014978,STALE
2026-08-21 22:00:00+00:00,157.98405,158.05635,157.97895,157.98355,0,1786048014078,STALE
2026-08-21 22:15:00+00:00,157.98285,158.06185,157.97205,158.04205,0,1786048013178,STALE
2026-08-21 22:30:00+00:00,158.04225,158.04935,157.96765,157.98785,0,1786048012278,STALE
2026-08-21 22:45:00+00:00,157.98685,158.03245,157.95105,157.95535,0,1786048011378,STALE
2026-08-21 23:00:00+00:00,157.95575,157.97505,157.91115,157.94815,0,1786048010478,STALE
2026-08-21 23:15:00+00:00,157.94825,157.95505,157.88365,157.93725,0,1786048009578,STALE
2026-08-21 23:30:00+00:00,157.93695,157.95015,157.89685,157.90675,0,1786048008678,STALE
2026-08-21 23:45:00+00:00,157.90825,157.96025,157.90245,157.90355,0,1786048007778,STALE
2026-08-22 00:00:00+00:00,157.90315,157.99905,157.87075,157.98895,0,1786048006878,STALE
2026-08-22 00:15:00+00:00,157.98865,158.02665,157.96325,158.01725,0,1786048005978,STALE
2026-08-22 00:30:00+00:00,158.01835,158.08095,157.99185,158.07085,0,1786048005078,STALE
2026-08-22 00:45:00+00:00,158.07115,158.07175,157.97665,157.99695,0,1786048004178,STALE
2026-08-22 01:00:00+00:00,157.99755,158.00205,157.95175,158.00165,0,1786048003278,STALE
2026-08-22 01:15:00+00:00,158.00085,158.02265,157.92545,157.95765,0,1786048002378,STALE
2026-08-22 01:30:00+00:00,157.95825,157.95865,157.88535,157.90555,0,1786048001478,STALE
2026-08-22 01:45:00+00:00,157.90505,157.95905,157.88455,157.95205,0,1786048000578,STALE
2026-08-22 02:00:00+00:00,157.95165,158.01115,157.91415,157.95375,0,1786047999678,STALE
2026-08-22 02:15:00+00:00,157.95365,157.97965,157.89245,157.90765,0,1786047998778,STALE
2026-08-22 02:30:00+00:00,157.90735,157.91435,157.83325,157.83685,0,1786047997878,STALE
2026-08-22 02:45:00+00:00,157.83645,157.87025,157.75355,157.76765,0,1786047996978,STALE
2026-08-22 03:00:00+00:00,157.76815,157.77555,157.69995,157.72905,0,1786047996078,STALE
2026-08-22 03:15:00+00:00,157.73665,157.78115,157.71695,157.71915,0,1786047995178,STALE
2026-08-22 03:30:00+00:00,157.71925,157.72775,157.65605,157.69215,0,1786047994278,STALE
2026-08-22 03:45:00+00:00,157.69245,157.76995,157.66335,157.75765,0,1786047993378,STALE
2026-08-22 04:00:00+00:00,157.75685,157.76335,157.63145,157.71565,0,1786047992478,STALE
2026-08-22 04:15:00+00:00,157.71805,157.75305,157.69115,157.73155,0,1786047991578,STALE
2026-08-22 04:30:00+00:00,157.72615,157.81875,157.69895,157.77105,0,1786047990678,STALE
2026-08-22 04:45:00+00:00,157.77145,157.84365,157.76015,157.83025,0,1786047989778,STALE
2026-08-22 05:00:00+00:00,157.83035,157.84965,157.75855,157.81405,0,1786047988878,STALE
2026-08-22 05:15:00+00:00,157.81415,157.90635,157.81335,157.90075,0,1786047987978,STALE
2026-08-22 05:30:00+00:00,157.90095,157.93185,157.87925,157.91375,0,1786047987078,STALE
2026-08-22 05:45:00+00:00,157.91425,157.95805,157.90895,157.91815,0,1786047986178,STALE
2026-08-22 06:00:00+00:00,157.91845,157.96505,157.91775,157.94465,0,1786047985278,STALE
2026-08-22 06:15:00+00:00,157.94655,157.95945,157.85565,157.86595,0,1786047984378,STALE
2026-08-22 06:30:00+00:00,157.86675,157.89045,157.84545,157.86565,0,1786047983478,STALE
2026-08-22 06:45:00+00:00,157.86535,157.91815,157.83755,157.84505,0,1786047982578,STALE
2026-08-22 07:00:00+00:00,157.84515,157.88625,157.83075,157.85515,0,1786047981678,STALE
2026-08-22 07:15:00+00:00,157.85545,157.92025,157.83405,157.83505,0,1786047980778,STALE
2026-08-22 07:30:00+00:00,157.83495,157.87665,157.81895,157.84785,0,1786047979878,STALE
2026-08-22 07:45:00+00:00,157.84765,157.98185,157.84635,157.97535,0,1786047978978,STALE
2026-08-22 08:00:00+00:00,157.97545,158.00905,157.94285,157.99085,0,1786047978078,STALE
2026-08-22 08:15:00+00:00,157.99105,158.04525,157.98605,158.01345,0,1786047977178,STALE
2026-08-22 08:30:00+00:00,158.01285,158.06285,157.97455,158.05945,0,1786047976278,STALE
2026-08-22 08:45:00+00:00,158.05975,158.05985,157.99725,158.01645,0,1786047975378,STALE
2026-08-22 09:00:00+00:00,158.01615,158.07575,158.00575,158.07395,0,1786047974478,STALE
2026-08-22 09:15:00+00:00,158.07445,158.07565,158.00985,158.02165,0,1786047973578,STALE
2026-08-22 09:30:00+00:00,158.02185,158.05235,158.00885,158.04525,0,1786047972678,STALE
2026-08-22 09:45:00+00:00,158.04475,158.04495,157.94155,157.96165,0,1786047971778,STALE
2026-08-22 10:00:00+00:00,157.96115,157.96465,157.86305,157.91695,0,1786047970878,STALE
2026-08-22 10:15:00+00:00,157.91675,157.98005,157.91675,157.97805,0,1786047969978,STALE
2026-08-22 10:30:00+00:00,157.97855,158.04825,157.97165,158.01685,0,1786047969078,STALE
2026-08-22 10:45:00+00:00,158.01645,158.05355,157.99615,158.00715,0,1786047968178,STALE
2026-08-22 11:00:00+00:00,158.00745,158.09285,157.98595,158.06445,0,1786047967278,STALE
2026-08-22 11:15:00+00:00,158.06455,158.13355,158.05425,158.06505,0,1786047966378,STALE
2026-08-22 11:30:00+00:00,158.06515,158.07145,158.02065,158.02575,0,1786047965478,STALE
2026-08-22 11:45:00+00:00,158.02565,158.08525,158.01585,158.06775,0,1786047964578,STALE
2026-08-22 12:00:00+00:00,158.06875,158.09255,158.03625,158.08025,0,1786047963678,STALE
2026-08-22 12:15:00+00:00,158.08045,158.08195,157.96735,157.97125,0,1786047962778,STALE
2026-08-22 12:30:00+00:00,157.97175,158.04895,157.94185,158.04795,0,1786047961878,STALE
2026-08-22 12:45:00+00:00,158.04755,158.09395,157.99535,158.00435,0,1786047960978,STALE
2026-08-22 13:00:00+00:00,158.00715,158.02155,157.92005,157.94435,0,1786047960078,STALE
2026-08-22 13:15:00+00:00,157.94415,157.96645,157.90745,157.92225,0,1786047959178,STALE
2026-08-22 13:30:00+00:00,157.92275,158.00135,157.91235,157.91995,0,1786047958278,STALE
2026-08-22 13:45:00+00:00,157.92245,157.93505,157.83175,157.83545,0,1786047957378,STALE
2026-08-22 14:00:00+00:00,157.83505,157.88815,157.82745,157.86945,0,1786047956478,STALE
2026-08-22 14:15:00+00:00,157.86955,157.87095,157.77535,157.82275,0,1786047955578,STALE
2026-08-22 14:30:00+00:00,157.82315,157.84905,157.76135,157.81615,0,1786047954678,STALE
2026-08-22 14:45:00+00:00,157.81595,157.82545,157.71825,157.77555,0,1786047953778,STALE
2026-08-22 15:00:00+00:00,157.77515,157.86125,157.74895,157.81365,0,1786047952878,STALE
2026-08-22 15:15:00+00:00,157.81375,157.82835,157.73745,157.74605,0,1786047951978,STALE
2026-08-22 15:30:00+00:00,157.74615,157.77865,157.69495,157.69625,0,1786047951078,STALE
2026-08-22 15:45:00+00:00,157.69605,157.72825,157.64835,157.72665,0,1786047950178,STALE
2026-08-22 16:00:00+00:00,157.72635,157.81275,157.70035,157.79605,0,1786047949278,STALE
2026-08-22 16:15:00+00:00,157.79565,157.80885,157.73285,157.76725,0,1786047948378,STALE
2026-08-22 16:30:00+00:00,157.76705,157.81025,157.74605,157.75395,0,1786047947478,STALE
2026-08-22 16:45:00+00:00,157.75455,157.88115,157.73185,157.86675,0,1786047946578,STALE
2026-08-22 17:00:00+00:00,157.86695,157.88995,157.84585,157.88685,0,1786047945678,STALE
2026-08-22 17:15:00+00:00,157.88705,157.91575,157.83435,157.85375,0,1786047944778,STALE
2026-08-22 17:30:00+00:00,157.85355,157.87565,157.80895,157.84045,0,1786047943878,STALE
2026-08-22 17:45:00+00:00,157.84075,157.85535,157.76615,157.83005,0,1786047942978,STALE
2026-08-22 18:00:00+00:00,157.82965,157.83775,157.73035,157.73975,0,1786047942078,STALE
2026-08-22 18:15:00+00:00,157.74035,157.74365,157.64795,157.65405,0,1786047941178,STALE
2026-08-22 18:30:00+00:00,157.65455,157.66985,157.56835,157.62445,0,1786047940278,STALE
2026-08-22 18:45:00+00:00,157.62465,157.62505,157.53435,157.58725,0,1786047939378,STALE
2026-08-22 19:00:00+00:00,157.58755,157.63815,157.55405,157.61905,0,1786047938478,STALE
2026-08-22 19:15:00+00:00,157.61915,157.72955,157.61685,157.68495,0,1786047937578,STALE
2026-08-22 19:30:00+00:00,157.68445,157.72015,157.64185,157.67715,0,1786047936678,STALE
2026-08-22 19:45:00+00:00,157.67735,157.73355,157.65965,157.71285,0,1786047935778,STALE
2026-08-22 20:00:00+00:00,157.71325,157.84835,157.71305,157.81855,0,1786047934878,STALE
2026-08-22 20:15:00+00:00,157.81825,157.81825,157.69125,157.69565,0,1786047933978,STALE
2026-08-22 20:30:00+00:00,157.69425,157.72215,157.63375,157.68695,0,1786047933078,STALE
2026-08-22 20:45:00+00:00,157.68735,157.76935,157.64965,157.76935,0,1786047932178,STALE
2026-08-22 21:00:00+00:00,157.76915,157.80335,157.69345,157.69665,0,1786047931278,STALE
2026-08-22 21:15:00+00:00,157.69575,157.71265,157.58085,157.59215,0,1786047930378,STALE
2026-08-22 21:30:00+00:00,157.59235,157.68015,157.59095,157.65095,0,1786047929478,STALE
2026-08-22 21:45:00+00:00,157.65115,157.70765,157.61405,157.64565,0,1786047928578,STALE
2026-08-22 22:00:00+00:00,157.64615,157.65515,157.48675,157.48775,0,1786047927678,STALE
2026-08-22 22:15:00+00:00,157.48865,157.53985,157.47205,157.53575,0,1786047926778,STALE
2026-08-22 22:30:00+00:00,157.53585,157.63105,157.50875,157.62285,0,1786047925878,STALE
2026-08-22 22:45:00+00:00,157.62185,157.68515,157.62125,157.67475,0,1786047924978,STALE
2026-08-22 23:00:00+00:00,157.67435,157.70305,157.64275,157.68255,0,1786047924078,STALE
2026-08-22 23:15:00+00:00,157.68195,157.73745,157.63875,157.70485,0,1786047923178,STALE
2026-08-22 23:30:00+00:00,157.70455,157.72935,157.59765,157.63435,0,1786047922278,STALE
2026-08-22 23:45:00+00:00,157.63425,157.68755,157.59345,157.59485,0,1786047921378,STALE
2026-08-23 00:00:00+00:00,157.59535,157.64095,157.56355,157.63685,0,1786047920478,STALE
2026-08-23 00:15:00+00:00,157.63645,157.65555,157.58455,157.58695,0,1786047919578,STALE
2026-08-23 00:30:00+00:00,157.58655,157.58655,157.44795,157.45055,0,1786047918678,STALE
2026-08-23 00:45:00+00:00,157.45045,157.45755,157.36145,157.42515,0,1786047917778,STALE
2026-08-23 01:00:00+00:00,157.42485,157.42825,157.34005,157.35285,0,1786047916878,STALE
2026-08-23 01:15:00+00:00,157.35335,157.38885,157.32975,157.33605,0,1786047915978,STALE
2026-08-23 01:30:00+00:00,157.33645,157.37355,157.30165,157.30695,0,1786047915078,STALE
2026-08-23 01:45:00+00:00,157.30715,157.33715,157.24875,157.33085,0,1786047914178,STALE
2026-08-23 02:00:00+00:00,157.33115,157.45645,157.31315,157.43705,0,1786047913278,STALE
2026-08-23 02:15:00+00:00,157.43685,157.49895,157.34095,157.34765,0,1786047912378,STALE
2026-08-23 02:30:00+00:00,157.34835,157.40275,157.31815,157.37105,0,1786047911478,STALE
2026-08-23 02:45:00+00:00,157.37075,157.40105,157.33365,157.34795,0,1786047910578,STALE
2026-08-23 03:00:00+00:00,157.34775,157.44085,157.30325,157.41525,0,1786047909678,STALE
2026-08-23 03:15:00+00:00,157.41585,157.43905,157.37455,157.43905,0,1786047908778,STALE
2026-08-23 03:30:00+00:00,157.43805,157.45205,157.36735,157.37135,0,1786047907878,STALE
2026-08-23 03:45:00+00:00,157.37175,157.42405,157.33505,157.42405,0,1786047906978,STALE
2026-08-23 04:00:00+00:00,157.42425,157.46155,157.38705,157.43745,0,1786047906078,STALE
2026-08-23 04:15:00+00:00,157.43795,157.45065,157.34725,157.36045,0,1786047905178,STALE
2026-08-23 04:30:00+00:00,157.36095,157.40585,157.32435,157.37765,0,1786047904278,STALE
2026-08-23 04:45:00+00:00,157.37725,157.44575,157.34625,157.43115,0,1786047903378,STALE
2026-08-23 05:00:00+00:00,157.43015,157.46535,157.40615,157.41175,0,1786047902478,STALE
2026-08-23 05:15:00+00:00,157.41055,157.44085,157.33395,157.35445,0,1786047901578,STALE
2026-08-23 05:30:00+00:00,157.35465,157.37525,157.24725,157.28585,0,1786047900678,STALE
2026-08-23 05:45:00+00:00,157.28555,157.28655,157.21435,157.24015,0,1786047899778,STALE
2026-08-23 06:00:00+00:00,157.24115,157.28415,157.21225,157.21535,0,1786047898878,STALE
2026-08-23 06:15:00+00:00,157.21515,157.25495,157.17465,157.25405,0,1786047897978,STALE
2026-08-23 06:30:00+00:00,157.25385,157.28615,157.20895,157.24505,0,1786047897078,STALE
2026-08-23 06:45:00+00:00,157.24545,157.26215,157.20585,157.22755,0,1786047896178,STALE
2026-08-23 07:00:00+00:00,157.22875,157.25675,157.21975,157.22775,0,1786047895278,STALE
2026-08-23 07:15:00+00:00,157.22735,157.23915,157.10435,157.17005,0,1786047894378,STALE
2026-08-23 07:30:00+00:00,157.17085,157.23775,157.14685,157.15705,0,1786047893478,STALE
2026-08-23 07:45:00+00:00,157.15735,157.18595,157.11895,157.12725,0,1786047892578,STALE
2026-08-23 08:00:00+00:00,157.12765,157.18745,157.12755,157.15235,0,1786047891678,STALE
2026-08-23 08:15:00+00:00,157.15305,157.18245,157.11975,157.15775,0,1786047890778,STALE
2026-08-23 08:30:00+00:00,157.15805,157.17145,157.10855,157.12005,0,1786047889878,STALE
2026-08-23 08:45:00+00:00,157.11985,157.18135,157.08995,157.09395,0,1786047888978,STALE
2026-08-23 09:00:00+00:00,157.09405,157.12365,157.04925,157.08795,0,1786047888078,STALE
2026-08-23 09:15:00+00:00,157.08735,157.12915,157.02505,157.02505,0,1786047887178,STALE
2026-08-23 09:30:00+00:00,157.02575,157.04035,156.97235,157.00225,0,1786047886278,STALE
2026-08-23 09:45:00+00:00,157.00365,157.09085,156.97155,157.03475,0,1786047885378,STALE
2026-08-23 10:00:00+00:00,157.03455,157.07975,157.01165,157.04255,0,1786047884478,STALE
2026-08-23 10:15:00+00:00,157.04555,157.12395,157.02005,157.09505,0,1786047883578,STALE
2026-08-23 10:30:00+00:00,157.09225,157.12305,157.06815,157.07705,0,1786047882678,STALE
2026-08-23 10:45:00+00:00,157.07715,157.08175,156.98885,157.06365,0,1786047881778,STALE
2026-08-23 11:00:00+00:00,157.06345,157.07365,157.00335,157.05775,0,1786047880878,STALE
2026-08-23 11:15:00+00:00,157.05725,157.12595,157.02045,157.10415,0,1786047879978,STALE
2026-08-23 11:30:00+00:00,157.10305,157.10845,156.99225,157.02175,0,1786047879078,STALE
2026-08-23 11:45:00+00:00,157.02205,157.07605,156.99465,157.01925,0,1786047878178,STALE
2026-08-23 12:00:00+00:00,157.02065,157.13385,157.01845,157.11935,0,1786047877278,STALE
2026-08-23 12:15:00+00:00,157.11905,157.15005,157.09895,157.10245,0,1786047876378,STALE
2026-08-23 12:30:00+00:00,157.10295,157.12755,157.07745,157.09645,0,1786047875478,STALE
2026-08-23 12:45:00+00:00,157.09675,157.12325,156.98945,156.99625,0,1786047874578,STALE
2026-08-23 13:00:00+00:00,156.99685,157.03265,156.96845,157.00225,0,1786047873678,STALE
2026-08-23 13:15:00+00:00,157.00765,157.04455,156.96215,156.97685,0,1786047872778,STALE
2026-08-23 13:30:00+00:00,156.97655,157.00265,156.92545,156.97555,0,1786047871878,STALE
2026-08-23 13:45:00+00:00,156.97435,156.99885,156.90605,156.94975,0,1786047870978,STALE
2026-08-23 14:00:00+00:00,156.94985,156.95375,156.87965,156.89515,0,1786047870078,STALE
2026-08-23 14:15:00+00:00,156.89475,156.92205,156.80815,156.83335,0,1786047869178,STALE
2026-08-23 14:30:00+00:00,156.83375,156.93945,156.83355,156.93285,0,1786047868278,STALE
2026-08-23 14:45:00+00:00,156.93275,156.93725,156.82255,156.82255,0,1786047867378,STALE
2026-08-23 15:00:00+00:00,156.82285,156.83075,156.76315,156.79095,0,1786047866478,STALE
2026-08-23 15:15:00+00:00,156.78995,156.83205,156.76305,156.76305,0,1786047865578,STALE
2026-08-23 15:30:00+00:00,156.76325,156.77815,156.67995,156.68705,0,1786047864678,STALE
2026-08-23 15:45:00+00:00,156.68635,156.70445,156.57525,156.58785,0,1786047863778,STALE
2026-08-23 16:00:00+00:00,156.58735,156.64975,156.58575,156.62935,0,1786047862878,STALE
2026-08-23 16:15:00+00:00,156.62895,156.63295,156.54525,156.55155,0,1786047861978,STALE
2026-08-23 16:30:00+00:00,156.55025,156.62735,156.51425,156.60155,0,1786047861078,STALE
2026-08-23 16:45:00+00:00,156.60145,156.61735,156.55085,156.55945,0,1786047860178,STALE
2026-08-23 17:00:00+00:00,156.55895,156.74625,156.55785,156.74485,0,1786047859278,STALE
2026-08-23 17:15:00+00:00,156.74505,156.74905,156.66115,156.66325,0,1786047858378,STALE
2026-08-23 17:30:00+00:00,156.66355,156.67915,156.60645,156.64625,0,1786047857478,STALE
2026-08-23 17:45:00+00:00,156.64605,156.67255,156.58855,156.60675,0,1786047856578,STALE
2026-08-23 18:00:00+00:00,156.60695,156.61575,156.53345,156.61385,0,1786047855678,STALE
2026-08-23 18:15:00+00:00,156.61345,156.62215,156.56185,156.56705,0,1786047854778,STALE
2026-08-23 18:30:00+00:00,156.56715,156.58985,156.48695,156.50845,0,1786047853878,STALE
2026-08-23 18:45:00+00:00,156.50795,156.58205,156.47795,156.56565,0,1786047852978,STALE
2026-08-23 19:00:00+00:00,156.56585,156.56945,156.47065,156.54685,0,1786047852078,STALE
2026-08-23 19:15:00+00:00,156.54855,156.59495,156.52625,156.58955,0,1786047851178,STALE
2026-08-23 19:30:00+00:00,156.58865,156.62865,156.55445,156.56805,0,1786047850278,STALE
2026-08-23 19:45:00+00:00,156.56825,156.57805,156.48075,156.49855,0,1786047849378,STALE
2026-08-23 20:00:00+00:00,156.49765,156.56685,156.47375,156.56055,0,1786047848478,STALE
2026-08-23 20:15:00+00:00,156.56105,156.56105,156.49885,156.52175,0,1786047847578,STALE
2026-08-23 20:30:00+00:00,156.52805,156.60795,156.48065,156.55895,0,1786047846678,STALE
2026-08-23 20:45:00+00:00,156.55855,156.61035,156.50785,156.50925,0,1786047845778,STALE
2026-08-23 21:00:00+00:00,156.50915,156.56705,156.46585,156.48655,0,1786047844878,STALE
2026-08-23 21:15:00+00:00,156.48635,156.57405,156.48555,156.49755,0,1786047843978,STALE
2026-08-23 21:30:00+00:00,156.49745,156.53045,156.45255,156.49245,0,1786047843078,STALE
2026-08-23 21:45:00+00:00,156.49275,156.52125,156.38505,156.43095,0,1786047842178,STALE
2026-08-23 22:00:00+00:00,156.43245,156.48205,156.40535,156.47025,0,1786047841278,STALE
2026-08-23 22:15:00+00:00,156.47065,156.54675,156.45385,156.45975,0,1786047840378,STALE
2026-08-23 22:30:00+00:00,156.45965,156.48675,156.38045,156.39585,0,1786047839478,STALE
2026-08-23 22:45:00+00:00,156.39605,156.41325,156.30895,156.32145,0,1786047838578,STALE
2026-08-23 23:00:00+00:00,156.32095,156.36585,156.27405,156.35145,0,1786047837678,STALE
2026-08-23 23:15:00+00:00,156.35135,156.38225,156.32285,156.36315,0,1786047836778,STALE
2026-08-23 23:30:00+00:00,156.36355,156.36545,156.25495,156.26065,0,1786047835878,STALE
2026-08-23 23:45:00+00:00,156.26115,156.32915,156.25965,156.29605,0,1786047834978,STALE
2026-08-24 00:00:00+00:00,156.29595,156.35015,156.26765,156.29065,0,1786047834078,STALE
2026-08-24 00:15:00+00:00,156.29095,156.33485,156.26105,156.31415,0,1786047833178,STALE
2026-08-24 00:30:00+00:00,156.31435,156.41675,156.30505,156.40475,0,1786047832278,STALE
2026-08-24 00:45:00+00:00,156.40525,156.45495,156.37945,156.45025,0,1786047831378,STALE
2026-08-24 01:00:00+00:00,156.44985,156.49115,156.43265,156.47395,0,1786047830478,STALE
2026-08-24 01:15:00+00:00,156.47355,156.54485,156.45285,156.53785,0,1786047829578,STALE
2026-08-24 01:30:00+00:00,156.53895,156.57185,156.51685,156.56515,0,1786047828678,STALE
2026-08-24 01:45:00+00:00,156.56525,156.57625,156.50025,156.50365,0,1786047827778,STALE
2026-08-24 02:00:00+00:00,156.50405,156.50845,156.46815,156.49555,0,1786047826878,STALE
2026-08-24 02:15:00+00:00,156.49535,156.58495,156.48095,156.58105,0,1786047825978,STALE
2026-08-24 02:30:00+00:00,156.58075,156.62425,156.53745,156.60915,0,1786047825078,STALE
2026-08-24 02:45:00+00:00,156.60865,156.61555,156.53715,156.56575,0,1786047824178,STALE
2026-08-24 03:00:00+00:00,156.56565,156.65885,156.53555,156.64795,0,1786047823278,STALE
2026-08-24 03:15:00+00:00,156.64595,156.70645,156.63745,156.70045,0,1786047822378,STALE
2026-08-24 03:30:00+00:00,156.70035,156.70575,156.59305,156.62765,0,1786047821478,STALE
2026-08-24 03:45:00+00:00,156.62845,156.70005,156.62475,156.69155,0,1786047820578,STALE
2026-08-24 04:00:00+00:00,156.69185,156.73285,156.67515,156.72055,0,1786047819678,STALE
2026-08-24 04:15:00+00:00,156.72085,156.75765,156.67535,156.67655,0,1786047818778,STALE
2026-08-24 04:30:00+00:00,156.67695,156.68435,156.56295,156.56805,0,1786047817878,STALE
2026-08-24 04:45:00+00:00,156.56795,156.59785,156.55095,156.55435,0,1786047816978,STALE
2026-08-24 05:00:00+00:00,156.55445,156.57635,156.47635,156.51925,0,1786047816078,STALE
2026-08-24 05:15:00+00:00,156.51915,156.53475,156.43335,156.46255,0,1786047815178,STALE
2026-08-24 05:30:00+00:00,156.46265,156.50725,156.43215,156.43765,0,1786047814278,STALE
2026-08-24 05:45:00+00:00,156.43805,156.50635,156.41205,156.43495,0,1786047813378,STALE
2026-08-24 06:00:00+00:00,156.43585,156.46495,156.40585,156.41205,0,1786047812478,STALE
2026-08-24 06:15:00+00:00,156.41025,156.42565,156.34255,156.34725,0,1786047811578,STALE
2026-08-24 06:30:00+00:00,156.34685,156.47985,156.32845,156.45825,0,1786047810678,STALE
2026-08-24 06:45:00+00:00,156.45855,156.46695,156.40225,156.43085,0,1786047809778,STALE
2026-08-24 07:00:00+00:00,156.43115,156.44055,156.36745,156.37265,0,1786047808878,STALE
2026-08-24 07:15:00+00:00,156.37285,156.43675,156.34455,156.42915,0,1786047807978,STALE
2026-08-24 07:30:00+00:00,156.42875,156.47435,156.39065,156.45215,0,1786047807078,STALE
2026-08-24 07:45:00+00:00,156.45225,156.46875,156.36605,156.36705,0,1786047806178,STALE
2026-08-24 08:00:00+00:00,156.36745,156.37425,156.26885,156.31365,0,1786047805278,STALE
2026-08-24 08:15:00+00:00,156.31405,156.39325,156.30495,156.32995,0,1786047804378,STALE
2026-08-24 08:30:00+00:00,156.32945,156.42695,156.32825,156.42185,0,1786047803478,STALE
2026-08-24 08:45:00+00:00,156.42235,156.42535,156.34375,156.38555,0,1786047802578,STALE
2026-08-24 09:00:00+00:00,156.38525,156.43475,156.34685,156.41075,0,1786047801678,STALE
2026-08-24 09:15:00+00:00,156.41095,156.49155,156.37775,156.40915,0,1786047800778,STALE
2026-08-24 09:30:00+00:00,156.40955,156.45725,156.38975,156.40745,0,1786047799878,STALE
2026-08-24 09:45:00+00:00,156.40825,156.41685,156.33135,156.35145,0,1786047798978,STALE
2026-08-24 10:00:00+00:00,156.35105,156.42835,156.34285,156.42295,0,1786047798078,STALE
2026-08-24 10:15:00+00:00,156.42345,156.51595,156.41385,156.50485,0,1786047797178,STALE
2026-08-24 10:30:00+00:00,156.50455,156.62195,156.47775,156.60785,0,1786047796278,STALE
2026-08-24 10:45:00+00:00,156.60825,156.61505,156.53095,156.56715,0,1786047795378,STALE
2026-08-24 11:00:00+00:00,156.56755,156.56815,156.46445,156.47075,0,1786047794478,STALE
2026-08-24 11:15:00+00:00,156.47045,156.54525,156.44745,156.51055,0,1786047793578,STALE
2026-08-24 11:30:00+00:00,156.50975,156.53715,156.45585,156.46425,0,1786047792678,STALE
2026-08-24 11:45:00+00:00,156.46315,156.55265,156.45515,156.45805,0,1786047791778,STALE
2026-08-24 12:00:00+00:00,156.45865,156.50485,156.41815,156.47525,0,1786047790878,STALE
2026-08-24 12:15:00+00:00,156.47495,156.55065,156.46285,156.54605,0,1786047789978,STALE
2026-08-24 12:30:00+00:00,156.54615,156.54725,156.42955,156.47055,0,1786047789078,STALE
2026-08-24 12:45:00+00:00,156.47065,156.47065,156.40495,156.41305,0,1786047788178,STALE
2026-08-24 13:00:00+00:00,156.41315,156.47795,156.38535,156.44425,0,1786047787278,STALE
2026-08-24 13:15:00+00:00,156.44405,156.48265,156.42875,156.45175,0,1786047786378,STALE
2026-08-24 13:30:00+00:00,156.45165,156.54935,156.44455,156.54655,0,1786047785478,STALE
2026-08-24 13:45:00+00:00,156.54695,156.60105,156.53175,156.58945,0,1786047784578,STALE
2026-08-24 14:00:00+00:00,156.59025,156.64935,156.57885,156.62175,0,1786047783678,STALE
2026-08-24 14:15:00+00:00,156.62125,156.74415,156.61805,156.73775,0,1786047782778,STALE
2026-08-24 14:30:00+00:00,156.73745,156.76195,156.68295,156.74895,0,1786047781878,STALE
2026-08-24 14:45:00+00:00,156.74825,156.79295,156.72565,156.76115,0,1786047780978,STALE
2026-08-24 15:00:00+00:00,156.76105,156.83795,156.75485,156.81995,0,1786047780078,STALE
2026-08-24 15:15:00+00:00,156.81985,156.83275,156.69775,156.70005,0,1786047779178,STALE
2026-08-24 15:30:00+00:00,156.69865,156.79145,156.69865,156.77575,0,1786047778278,STALE
2026-08-24 15:45:00+00:00,156.77625,156.82795,156.75805,156.76155,0,1786047777378,STALE
2026-08-24 16:00:00+00:00,156.76175,156.78975,156.68785,156.68825,0,1786047776478,STALE
2026-08-24 16:15:00+00:00,156.68875,156.72075,156.62405,156.63615,0,1786047775578,STALE
2026-08-24 16:30:00+00:00,156.63595,156.63595,156.55275,156.55985,0,1786047774678,STALE
2026-08-24 16:45:00+00:00,156.56025,156.63385,156.54385,156.62305,0,1786047773778,STALE
2026-08-24 17:00:00+00:00,156.62325,156.71025,156.62025,156.70105,0,1786047772878,STALE
2026-08-24 17:15:00+00:00,156.70095,156.79605,156.69795,156.77625,0,1786047771978,STALE
2026-08-24 17:30:00+00:00,156.77575,156.79565,156.73405,156.77115,0,1786047771078,STALE
2026-08-24 17:45:00+00:00,156.77075,156.89275,156.75115,156.89105,0,1786047770178,STALE
2026-08-24 18:00:00+00:00,156.89245,156.91855,156.88075,156.89375,0,1786047769278,STALE
2026-08-24 18:15:00+00:00,156.89205,156.92135,156.85015,156.91335,0,1786047768378,STALE
2026-08-24 18:30:00+00:00,156.91255,156.92835,156.87095,156.89955,0,1786047767478,STALE
2026-08-24 18:45:00+00:00,156.90745,156.92245,156.86285,156.90495,0,1786047766578,STALE
2026-08-24 19:00:00+00:00,156.90515,156.95305,156.88185,156.89295,0,1786047765678,STALE
2026-08-24 19:15:00+00:00,156.89275,156.90585,156.85015,156.86655,0,1786047764778,STALE
2026-08-24 19:30:00+00:00,156.86635,156.92855,156.80515,156.91445,0,1786047763878,STALE
2026-08-24 19:45:00+00:00,156.91415,156.98165,156.90155,156.90185,0,1786047762978,STALE
2026-08-24 20:00:00+00:00,156.90215,156.93505,156.85405,156.93195,0,1786047762078,STALE
2026-08-24 20:15:00+00:00,156.93145,156.94265,156.85845,156.92715,0,1786047761178,STALE
2026-08-24 20:30:00+00:00,156.92695,156.95915,156.89255,156.91515,0,1786047760278,STALE
2026-08-24 20:45:00+00:00,156.91545,156.91595,156.82385,156.88255,0,1786047759378,STALE
2026-08-24 21:00:00+00:00,156.88215,157.00515,156.88125,156.94535,0,1786047758478,STALE
2026-08-24 21:15:00+00:00,156.94565,156.97455,156.87795,156.88355,0,1786047757578,STALE
2026-08-24 21:30:00+00:00,156.88365,156.89675,156.81015,156.88165,0,1786047756678,STALE
2026-08-24 21:45:00+00:00,156.88185,156.96915,156.84905,156.94125,0,1786047755778,STALE
2026-08-24 22:00:00+00:00,156.94145,156.97615,156.90405,156.97185,0,1786047754878,STALE
2026-08-24 22:15:00+00:00,156.97195,156.99795,156.90515,156.90615,0,1786047753978,STALE
2026-08-24 22:30:00+00:00,156.90585,156.99255,156.90105,156.93385,0,1786047753078,STALE
2026-08-24 22:45:00+00:00,156.93355,156.94265,156.81865,156.82715,0,1786047752178,STALE
2026-08-24 23:00:00+00:00,156.82705,156.90695,156.82435,156.90695,0,1786047751278,STALE
2026-08-24 23:15:00+00:00,156.90605,156.95385,156.86075,156.87285,0,1786047750378,STALE
2026-08-24 23:30:00+00:00,156.87375,156.90445,156.84765,156.88085,0,1786047749478,STALE
2026-08-24 23:45:00+00:00,156.88515,156.90875,156.85275,156.90055,0,1786047748578,STALE
2026-08-25 00:00:00+00:00,156.90035,156.99945,156.89145,156.99265,0,1786047747678,STALE
2026-08-25 00:15:00+00:00,156.99255,157.02235,156.93755,156.99735,0,1786047746778,STALE
2026-08-25 00:30:00+00:00,156.99715,157.00185,156.95285,156.98035,0,1786047745878,STALE
2026-08-25 00:45:00+00:00,156.98115,157.05715,156.97125,157.05215,0,1786047744978,STALE
2026-08-25 01:00:00+00:00,157.05075,157.13125,157.02995,157.04745,0,1786047744078,STALE
2026-08-25 01:15:00+00:00,157.04755,157.09085,157.02575,157.08835,0,1786047743178,STALE
2026-08-25 01:30:00+00:00,157.08795,157.20505,157.08795,157.18675,0,1786047742278,STALE
2026-08-25 01:45:00+00:00,157.18655,157.19775,157.13465,157.15255,0,1786047741378,STALE
2026-08-25 02:00:00+00:00,157.15365,157.19975,157.11935,157.16885,0,1786047740478,STALE
2026-08-25 02:15:00+00:00,157.16915,157.25015,157.16845,157.22945,0,1786047739578,STALE
2026-08-25 02:30:00+00:00,157.23015,157.23365,157.10515,157.11945,0,1786047738678,STALE
2026-08-25 02:45:00+00:00,157.12015,157.19955,157.10985,157.17145,0,1786047737778,STALE
2026-08-25 03:00:00+00:00,157.17165,157.19575,157.06895,157.07895,0,1786047736878,STALE
2026-08-25 03:15:00+00:00,157.07935,157.12295,157.06425,157.11365,0,1786047735978,STALE
2026-08-25 03:30:00+00:00,157.11325,157.13755,157.06065,157.07775,0,1786047735078,STALE
2026-08-25 03:45:00+00:00,157.07755,157.20015,157.07615,157.18355,0,1786047734178,STALE
2026-08-25 04:00:00+00:00,157.18355,159.39865,157.18355,159.35875,0,1786047733278,STALE
2026-08-25 04:15:00+00:00,159.35855,159.39635,159.32355,159.36795,0,1786047732378,STALE
2026-08-25 04:30:00+00:00,159.36825,159.37555,159.23095,159.24765,0,1786047731478,STALE
2026-08-25 04:45:00+00:00,159.24775,159.26425,159.15725,159.20905,0,1786047730578,STALE
2026-08-25 05:00:00+00:00,159.20945,159.28825,159.19655,159.25385,0,1786047729678,STALE
2026-08-25 05:15:00+00:00,159.25365,159.26175,159.15815,159.16585,0,1786047728778,STALE
2026-08-25 05:30:00+00:00,159.16555,159.19095,159.14875,159.16705,0,1786047727878,STALE
2026-08-25 05:45:00+00:00,159.16755,159.29645,159.14905,159.27625,0,1786047726978,STALE
2026-08-25 06:00:00+00:00,159.27725,159.28225,159.13805,159.14945,0,1786047726078,STALE
2026-08-25 06:15:00+00:00,159.14905,159.15275,159.09405,159.10325,0,1786047725178,STALE
2026-08-25 06:30:00+00:00,159.10305,159.12495,159.04205,159.11495,0,1786047724278,STALE
2026-08-25 06:45:00+00:00,159.11485,159.11795,159.06695,159.09205,0,1786047723378,STALE
2026-08-25 07:00:00+00:00,159.09285,159.11745,159.03765,159.08305,0,1786047722478,STALE
2026-08-25 07:15:00+00:00,159.08295,159.09205,158.99095,159.03275,0,1786047721578,STALE
2026-08-25 07:30:00+00:00,159.03265,159.03355,158.87925,158.88035,0,1786047720678,STALE
2026-08-25 07:45:00+00:00,158.87925,158.93065,158.84225,158.85995,0,1786047719778,STALE
2026-08-25 08:00:00+00:00,158.85825,158.86675,158.74215,158.78635,0,1786047718878,STALE
2026-08-25 08:15:00+00:00,158.78665,158.79815,158.71785,158.75415,0,1786047717978,STALE
2026-08-25 08:30:00+00:00,158.75465,158.79925,158.73945,158.77605,0,1786047717078,STALE
2026-08-25 08:45:00+00:00,158.77285,158.77355,158.69915,158.72565,0,1786047716178,STALE
2026-08-25 09:00:00+00:00,158.72575,158.75895,158.68285,158.70775,0,1786047715278,STALE
2026-08-25 09:15:00+00:00,158.70795,158.74775,158.65685,158.67255,0,1786047714378,STALE
2026-08-25 09:30:00+00:00,158.67385,158.67565,158.60045,158.62195,0,1786047713478,STALE
2026-08-25 09:45:00+00:00,158.62235,158.69375,158.58365,158.64485,0,1786047712578,STALE
2026-08-25 10:00:00+00:00,158.64575,158.66125,158.58495,158.59495,0,1786047711678,STALE
2026-08-25 10:15:00+00:00,158.59485,158.59975,158.49395,158.51585,0,1786047710778,STALE
2026-08-25 10:30:00+00:00,158.51625,158.60395,158.51385,158.59835,0,1786047709878,STALE
2026-08-25 10:45:00+00:00,158.59845,158.70085,158.58405,158.69405,0,1786047708978,STALE
2026-08-25 11:00:00+00:00,158.69375,158.77375,158.69245,158.75635,0,1786047708078,STALE
2026-08-25 11:15:00+00:00,158.75625,158.75865,158.69035,158.71245,0,1786047707178,STALE
2026-08-25 11:30:00+00:00,158.71195,158.71665,158.60105,158.61765,0,1786047706278,STALE
2026-08-25 11:45:00+00:00,158.61785,158.65685,158.59405,158.60665,0,1786047705378,STALE
2026-08-25 12:00:00+00:00,158.60675,158.63575,158.55565,158.62375,0,1786047704478,STALE
2026-08-25 12:15:00+00:00,158.62355,158.65615,158.54225,158.58625,0,1786047703578,STALE
2026-08-25 12:30:00+00:00,158.58635,158.69025,158.58455,158.60435,0,1786047702678,STALE
2026-08-25 12:45:00+00:00,158.60475,158.62185,158.54745,158.57745,0,1786047701778,STALE
2026-08-25 13:00:00+00:00,158.57785,158.58195,158.48685,158.55475,0,1786047700878,STALE
2026-08-25 13:15:00+00:00,158.55465,158.71605,158.53395,158.68785,0,1786047699978,STALE
2026-08-25 13:30:00+00:00,158.68835,158.73345,158.66785,158.70755,0,1786047699078,STALE
2026-08-25 13:45:00+00:00,158.70795,158.75255,158.69275,158.72565,0,1786047698178,STALE
2026-08-25 14:00:00+00:00,158.72525,158.74535,158.64505,158.66735,0,1786047697278,STALE
2026-08-25 14:15:00+00:00,158.66745,158.72545,158.63975,158.71215,0,1786047696378,STALE
2026-08-25 14:30:00+00:00,158.71205,158.77065,158.70985,158.71485,0,1786047695478,STALE
2026-08-25 14:45:00+00:00,158.71445,158.73025,158.57905,158.60365,0,1786047694578,STALE
2026-08-25 15:00:00+00:00,158.60285,158.68285,158.59545,158.62445,0,1786047693678,STALE
2026-08-25 15:15:00+00:00,158.62385,158.73085,158.60635,158.72355,0,1786047692778,STALE
2026-08-25 15:30:00+00:00,158.72395,158.73155,158.62165,158.63225,0,1786047691878,STALE
2026-08-25 15:45:00+00:00,158.63135,158.66435,158.60145,158.62375,0,1786047690978,STALE
2026-08-25 16:00:00+00:00,158.62195,158.64755,158.59075,158.61095,0,1786047690078,STALE
2026-08-25 16:15:00+00:00,158.61065,158.69115,158.59935,158.63775,0,1786047689178,STALE
2026-08-25 16:30:00+00:00,158.63765,158.73635,158.63675,158.68845,0,1786047688278,STALE
2026-08-25 16:45:00+00:00,158.68915,158.72275,158.66115,158.71905,0,1786047687378,STALE
2026-08-25 17:00:00+00:00,158.71975,158.72595,158.62635,158.62695,0,1786047686478,STALE
2026-08-25 17:15:00+00:00,158.62665,158.64815,158.54495,158.56885,0,1786047685578,STALE
2026-08-25 17:30:00+00:00,158.56925,158.61895,158.55755,158.59055,0,1786047684678,STALE
2026-08-25 17:45:00+00:00,158.59045,158.60245,158.50715,158.55945,0,1786047683778,STALE
2026-08-25 18:00:00+00:00,158.56025,158.63605,158.54515,158.62845,0,1786047682878,STALE
2026-08-25 18:15:00+00:00,158.62865,158.66295,158.60425,158.63865,0,1786047681978,STALE
2026-08-25 18:30:00+00:00,158.63855,158.71995,158.59445,158.66855,0,1786047681078,STALE
2026-08-25 18:45:00+00:00,158.66865,158.70735,158.64455,158.67685,0,1786047680178,STALE
2026-08-25 19:00:00+00:00,158.67645,158.72635,158.64875,158.70515,0,1786047679278,STALE
2026-08-25 19:15:00+00:00,158.70525,158.73445,158.63075,158.67545,0,1786047678378,STALE
2026-08-25 19:30:00+00:00,158.67555,158.68405,158.57435,158.57435,0,1786047677478,STALE
2026-08-25 19:45:00+00:00,158.57455,158.58315,158.52085,158.52085,0,1786047676578,STALE
2026-08-25 20:00:00+00:00,158.52185,158.52895,158.46535,158.47355,0,1786047675678,STALE
2026-08-25 20:15:00+00:00,158.47245,158.66735,158.46275,158.66565,0,1786047674778,STALE
2026-08-25 20:30:00+00:00,158.66585,158.72045,158.60555,158.61475,0,1786047673878,STALE
2026-08-25 20:45:00+00:00,158.61565,158.64925,158.54025,158.55345,0,1786047672978,STALE
2026-08-25 21:00:00+00:00,158.55355,158.57445,158.51005,158.57235,0,1786047672078,STALE
2026-08-25 21:15:00+00:00,158.57195,158.59005,158.50105,158.50785,0,1786047671178,STALE
2026-08-25 21:30:00+00:00,158.50745,158.54325,158.47485,158.53235,0,1786047670278,STALE
2026-08-25 21:45:00+00:00,158.53225,158.58925,158.49495,158.52955,0,1786047669378,STALE
2026-08-25 22:00:00+00:00,158.52965,158.63395,158.50415,158.60975,0,1786047668478,STALE
2026-08-25 22:15:00+00:00,158.60965,158.63665,158.58305,158.59495,0,1786047667578,STALE
2026-08-25 22:30:00+00:00,158.59405,158.67885,158.58735,158.65505,0,1786047666678,STALE
2026-08-25 22:45:00+00:00,158.65525,158.68155,158.61375,158.65615,0,1786047665778,STALE
2026-08-25 23:00:00+00:00,158.65815,158.66665,158.60665,158.65585,0,1786047664878,STALE
2026-08-25 23:15:00+00:00,158.65505,158.65635,158.57315,158.59385,0,1786047663978,STALE
2026-08-25 23:30:00+00:00,158.59405,158.66325,158.52825,158.54885,0,1786047663078,STALE
2026-08-25 23:45:00+00:00,158.54785,158.62775,158.50665,158.58385,0,1786047662178,STALE
2026-08-26 00:00:00+00:00,158.58415,158.67675,158.56335,158.66245,0,1786047661278,STALE
2026-08-26 00:15:00+00:00,158.66275,158.73985,158.65935,158.71885,0,1786047660378,STALE
2026-08-26 00:30:00+00:00,158.71865,158.76175,158.69415,158.70415,0,1786047659478,STALE
2026-08-26 00:45:00+00:00,158.70435,158.73395,158.63535,158.66055,0,1786047658578,STALE
2026-08-26 01:00:00+00:00,158.66095,158.66365,158.57815,158.61525,0,1786047657678,STALE
2026-08-26 01:15:00+00:00,158.61545,158.64265,158.57515,158.62305,0,1786047656778,STALE
2026-08-26 01:30:00+00:00,158.62355,158.71655,158.61555,158.67975,0,1786047655878,STALE
2026-08-26 01:45:00+00:00,158.68005,158.69765,158.60515,158.63915,0,1786047654978,STALE
2026-08-26 02:00:00+00:00,158.63905,158.65865,158.56495,158.64675,0,1786047654078,STALE
2026-08-26 02:15:00+00:00,158.64375,158.66335,158.58385,158.60715,0,1786047653178,STALE
2026-08-26 02:30:00+00:00,158.60745,158.62185,158.54655,158.56555,0,1786047652278,STALE
2026-08-26 02:45:00+00:00,158.56605,158.61695,158.52815,158.53515,0,1786047651378,STALE
2026-08-26 03:00:00+00:00,158.53555,158.55375,158.47075,158.52605,0,1786047650478,STALE
2026-08-26 03:15:00+00:00,158.52555,158.52985,158.42905,158.47015,0,1786047649578,STALE
2026-08-26 03:30:00+00:00,158.47045,158.57175,158.46745,158.55505,0,1786047648678,STALE
2026-08-26 03:45:00+00:00,158.55545,158.55735,158.40555,158.41405,0,1786047647778,STALE
2026-08-26 04:00:00+00:00,158.41365,158.51215,158.41115,158.48675,0,1786047646878,STALE
2026-08-26 04:15:00+00:00,158.48685,158.57195,158.47755,158.54975,0,1786047645978,STALE
2026-08-26 04:30:00+00:00,158.54935,158.67625,158.54855,158.62025,0,1786047645078,STALE
2026-08-26 04:45:00+00:00,158.61985,158.64315,158.57475,158.60185,0,1786047644178,STALE
2026-08-26 05:00:00+00:00,158.60295,158.67105,158.58685,158.59135,0,1786047643278,STALE
2026-08-26 05:15:00+00:00,158.59115,158.62285,158.57415,158.60005,0,1786047642378,STALE
2026-08-26 05:30:00+00:00,158.60025,158.65755,158.57075,158.65155,0,1786047641478,STALE
2026-08-26 05:45:00+00:00,158.64755,158.65025,158.54745,158.55295,0,1786047640578,STALE
2026-08-26 06:00:00+00:00,158.55695,158.58615,158.51205,158.55725,0,1786047639678,STALE
2026-08-26 06:15:00+00:00,158.55855,158.61835,158.55385,158.59795,0,1786047638778,STALE
2026-08-26 06:30:00+00:00,158.59835,158.60295,158.49265,158.57845,0,1786047637878,STALE
2026-08-26 06:45:00+00:00,158.57935,158.70925,158.57685,158.69225,0,1786047636978,STALE
2026-08-26 07:00:00+00:00,158.69185,158.72715,158.63235,158.63515,0,1786047636078,STALE
2026-08-26 07:15:00+00:00,158.63535,158.71355,158.59515,158.60815,0,1786047635178,STALE
2026-08-26 07:30:00+00:00,158.60855,158.64835,158.57895,158.62815,0,1786047634278,STALE
2026-08-26 07:45:00+00:00,158.62825,158.63125,158.55795,158.60735,0,1786047633378,STALE
2026-08-26 08:00:00+00:00,158.60785,158.66105,158.59445,158.60225,0,1786047632478,STALE
2026-08-26 08:15:00+00:00,158.60315,158.62585,158.54975,158.62465,0,1786047631578,STALE
2026-08-26 08:30:00+00:00,158.62325,158.68265,158.60205,158.67465,0,1786047630678,STALE
2026-08-26 08:45:00+00:00,158.67545,158.73755,158.65275,158.68885,0,1786047629778,STALE
2026-08-26 09:00:00+00:00,158.68895,158.69445,158.47805,158.49025,0,1786047628878,STALE
2026-08-26 09:15:00+00:00,158.49035,158.53295,158.47895,158.50885,0,1786047627978,STALE
2026-08-26 09:30:00+00:00,158.50845,158.57545,158.50645,158.57545,0,1786047627078,STALE
2026-08-26 09:45:00+00:00,158.57625,158.62435,158.54055,158.61195,0,1786047626178,STALE
2026-08-26 10:00:00+00:00,158.61165,158.64355,158.54985,158.64355,0,1786047625278,STALE
2026-08-26 10:15:00+00:00,158.64365,158.69585,158.61415,158.69095,0,1786047624378,STALE
2026-08-26 10:30:00+00:00,158.69085,158.70355,158.64175,158.68565,0,1786047623478,STALE
2026-08-26 10:45:00+00:00,158.68545,158.69605,158.59965,158.61935,0,1786047622578,STALE
2026-08-26 11:00:00+00:00,158.61895,158.68675,158.59865,158.65375,0,1786047621678,STALE
2026-08-26 11:15:00+00:00,158.65395,158.72025,158.61225,158.70635,0,1786047620778,STALE
2026-08-26 11:30:00+00:00,158.70675,158.71765,158.65555,158.67165,0,1786047619878,STALE
2026-08-26 11:45:00+00:00,158.67175,158.70655,158.61215,158.61595,0,1786047618978,STALE
2026-08-26 12:00:00+00:00,158.61555,158.62545,158.53435,158.60515,0,1786047618078,STALE
2026-08-26 12:15:00+00:00,158.60675,158.65475,158.58665,158.61495,0,1786047617178,STALE
2026-08-26 12:30:00+00:00,158.61455,158.75415,158.61165,158.74455,0,1786047616278,STALE
2026-08-26 12:45:00+00:00,158.74445,158.79275,158.73105,158.75455,0,1786047615378,STALE
2026-08-26 13:00:00+00:00,158.75495,158.78425,158.69485,158.71795,0,1786047614478,STALE
2026-08-26 13:15:00+00:00,158.71835,158.76495,158.69145,158.71165,0,1786047613578,STALE
2026-08-26 13:30:00+00:00,158.71245,158.77465,158.68635,158.76755,0,1786047612678,STALE
2026-08-26 13:45:00+00:00,158.76765,158.82095,158.74725,158.80555,0,1786047611778,STALE
2026-08-26 14:00:00+00:00,158.80515,158.83765,158.78425,158.80905,0,1786047610878,STALE
2026-08-26 14:15:00+00:00,158.80945,158.97285,158.80675,158.96385,0,1786047609978,STALE
2026-08-26 14:30:00+00:00,158.96405,159.08515,158.93785,159.08315,0,1786047609078,STALE
2026-08-26 14:45:00+00:00,159.08305,159.09665,159.02265,159.03715,0,1786047608178,STALE
2026-08-26 15:00:00+00:00,159.03705,159.07735,158.99065,159.00915,0,1786047607278,STALE
2026-08-26 15:15:00+00:00,159.00795,159.05905,158.99755,159.05345,0,1786047606378,STALE
2026-08-26 15:30:00+00:00,159.05325,159.06465,158.99395,159.02875,0,1786047605478,STALE
2026-08-26 15:45:00+00:00,159.02895,159.14175,159.02215,159.12565,0,1786047604578,STALE
2026-08-26 16:00:00+00:00,159.12515,159.17655,159.11055,159.16345,0,1786047603678,STALE
2026-08-26 16:15:00+00:00,159.16315,159.21025,159.15505,159.19625,0,1786047602778,STALE
2026-08-26 16:30:00+00:00,159.19685,159.22195,159.13345,159.18145,0,1786047601878,STALE
2026-08-26 16:45:00+00:00,159.18065,159.21855,159.15705,159.18365,0,1786047600978,STALE
2026-08-26 17:00:00+00:00,159.18405,159.19105,159.11285,159.13205,0,1786047600078,STALE
2026-08-26 17:15:00+00:00,159.13165,159.19755,159.13165,159.17205,0,1786047599178,STALE
2026-08-26 17:30:00+00:00,159.17185,159.25535,159.16465,159.21275,0,1786047598278,STALE
2026-08-26 17:45:00+00:00,159.21235,159.24565,159.16685,159.23295,0,1786047597378,STALE
2026-08-26 18:00:00+00:00,159.23285,159.26185,159.13235,159.17815,0,1786047596478,STALE
2026-08-26 18:15:00+00:00,159.17795,159.19345,159.07095,159.07255,0,1786047595578,STALE
2026-08-26 18:30:00+00:00,159.07225,159.12785,159.05285,159.07315,0,1786047594678,STALE
2026-08-26 18:45:00+00:00,159.07305,159.15175,159.05375,159.13835,0,1786047593778,STALE
2026-08-26 19:00:00+00:00,159.13875,159.23015,159.13855,159.22645,0,1786047592878,STALE
2026-08-26 19:15:00+00:00,159.22585,159.24895,159.14175,159.18635,0,1786047591978,STALE
2026-08-26 19:30:00+00:00,159.18675,159.23895,159.17325,159.23345,0,1786047591078,STALE
2026-08-26 19:45:00+00:00,159.23305,159.23435,159.14025,159.15915,0,1786047590178,STALE
2026-08-26 20:00:00+00:00,159.15875,159.22795,159.15615,159.19125,0,1786047589278,STALE
2026-08-26 20:15:00+00:00,159.19085,159.19365,159.10835,159.11495,0,1786047588378,STALE
2026-08-26 20:30:00+00:00,159.11235,159.12955,158.98555,159.01105,0,1786047587478,STALE
2026-08-26 20:45:00+00:00,159.01095,159.01975,158.91425,158.92055,0,1786047586578,STALE
2026-08-26 21:00:00+00:00,158.92065,158.95995,158.89545,158.94475,0,1786047585678,STALE
2026-08-26 21:15:00+00:00,158.94445,158.96125,158.84905,158.88315,0,1786047584778,STALE
2026-08-26 21:30:00+00:00,158.88345,159.00045,158.87785,158.95425,0,1786047583878,STALE
2026-08-26 21:45:00+00:00,158.95455,158.99845,158.92765,158.99085,0,1786047582978,STALE
2026-08-26 22:00:00+00:00,158.99045,159.01035,158.94885,158.97805,0,1786047582078,STALE
2026-08-26 22:15:00+00:00,158.97875,159.03735,158.96545,158.98855,0,1786047581178,STALE
2026-08-26 22:30:00+00:00,158.98355,158.98565,158.89785,158.91875,0,1786047580278,STALE
2026-08-26 22:45:00+00:00,158.91685,158.92355,158.80725,158.83585,0,1786047579378,STALE
2026-08-26 23:00:00+00:00,158.83625,158.93295,158.82035,158.92195,0,1786047578478,STALE
2026-08-26 23:15:00+00:00,158.92165,158.93695,158.87855,158.91635,0,1786047577578,STALE
2026-08-26 23:30:00+00:00,158.91705,159.02225,158.90575,159.01825,0,1786047576678,STALE
2026-08-26 23:45:00+00:00,159.01775,159.07175,158.98055,158.98775,0,1786047575778,STALE
2026-08-27 00:00:00+00:00,158.99335,159.01915,158.94285,159.00645,0,1786047574878,STALE
2026-08-27 00:15:00+00:00,159.00705,159.01635,158.92635,158.95975,0,1786047573978,STALE
2026-08-27 00:30:00+00:00,158.95995,159.05235,158.94355,159.03865,0,1786047573078,STALE
2026-08-27 00:45:00+00:00,159.03855,159.08705,158.97935,159.00165,0,1786047572178,STALE
2026-08-27 01:00:00+00:00,159.00155,159.07905,158.99625,159.05205,0,1786047571278,STALE
2026-08-27 01:15:00+00:00,159.05185,159.05365,158.92915,158.94315,0,1786047570378,STALE
2026-08-27 01:30:00+00:00,158.94275,159.05605,158.94255,159.03545,0,1786047569478,STALE
2026-08-27 01:45:00+00:00,159.03525,159.14245,159.02775,159.10495,0,1786047568578,STALE
2026-08-27 02:00:00+00:00,159.10505,159.16105,159.07265,159.10135,0,1786047567678,STALE
2026-08-27 02:15:00+00:00,159.10195,159.20175,159.08725,159.18995,0,1786047566778,STALE
2026-08-27 02:30:00+00:00,159.19035,159.20285,159.13215,159.18955,0,1786047565878,STALE
2026-08-27 02:45:00+00:00,159.18855,159.22565,159.14925,159.22015,0,1786047564978,STALE
2026-08-27 03:00:00+00:00,159.22085,159.22135,159.13735,159.16285,0,1786047564078,STALE
2026-08-27 03:15:00+00:00,159.16235,159.16235,159.10165,159.11535,0,1786047563178,STALE
2026-08-27 03:30:00+00:00,159.11525,159.14345,159.08435,159.11265,0,1786047562278,STALE
2026-08-27 03:45:00+00:00,159.11305,159.23935,159.10995,159.23925,0,1786047561378,STALE
2026-08-27 04:00:00+00:00,159.23925,159.35535,159.23925,159.29125,0,1786047560478,STALE
2026-08-27 04:15:00+00:00,159.29105,159.33455,159.28495,159.31435,0,1786047559578,STALE
2026-08-27 04:30:00+00:00,159.31475,159.37445,159.28635,159.36755,0,1786047558678,STALE
2026-08-27 04:45:00+00:00,159.36655,159.38475,159.32165,159.35525,0,1786047557778,STALE
2026-08-27 05:00:00+00:00,159.35565,159.40205,159.31565,159.39475,0,1786047556878,STALE
2026-08-27 05:15:00+00:00,159.39595,159.41655,159.31055,159.32205,0,1786047555978,STALE
2026-08-27 05:30:00+00:00,159.32485,159.32495,159.23705,159.26475,0,1786047555078,STALE
2026-08-27 05:45:00+00:00,159.26505,159.30285,159.22185,159.23005,0,1786047554178,STALE
2026-08-27 06:00:00+00:00,159.22965,159.23745,159.12295,159.16895,0,1786047553278,STALE
2026-08-27 06:15:00+00:00,159.17205,159.20855,159.14225,159.16415,0,1786047552378,STALE
2026-08-27 06:30:00+00:00,159.16315,159.17295,159.09035,159.15785,0,1786047551478,STALE
2026-08-27 06:45:00+00:00,159.15775,159.18875,159.12205,159.15025,0,1786047550578,STALE
2026-08-27 07:00:00+00:00,159.15015,159.16795,159.06505,159.08385,0,1786047549678,STALE
2026-08-27 07:15:00+00:00,159.08415,159.10945,159.03225,159.06815,0,1786047548778,STALE
2026-08-27 07:30:00+00:00,159.06755,159.07015,158.90875,158.92595,0,1786047547878,STALE
2026-08-27 07:45:00+00:00,158.92565,158.99875,158.92565,158.94835,0,1786047546978,STALE
2026-08-27 08:00:00+00:00,158.94245,159.05765,158.92525,159.03645,0,1786047546078,STALE
2026-08-27 08:15:00+00:00,159.03705,159.09005,158.98075,159.07155,0,1786047545178,STALE
2026-08-27 08:30:00+00:00,159.07185,159.21765,159.07005,159.20455,0,1786047544278,STALE
2026-08-27 08:45:00+00:00,159.20465,159.29985,159.18755,159.24635,0,1786047543378,STALE
2026-08-27 09:00:00+00:00,159.24645,159.29035,159.22175,159.24195,0,1786047542478,STALE
2026-08-27 09:15:00+00:00,159.24315,159.34695,159.23055,159.32275,0,1786047541578,STALE
2026-08-27 09:30:00+00:00,159.32445,159.40905,159.29115,159.29415,0,1786047540678,STALE
2026-08-27 09:45:00+00:00,159.29325,159.29345,159.13955,159.17665,0,1786047539778,STALE
2026-08-27 10:00:00+00:00,159.17655,159.31355,159.17065,159.27895,0,1786047538878,STALE
2026-08-27 10:15:00+00:00,159.27885,159.28945,159.24865,159.28325,0,1786047537978,STALE
2026-08-27 10:30:00+00:00,159.28355,159.33495,159.27275,159.29765,0,1786047537078,STALE
2026-08-27 10:45:00+00:00,159.29755,159.40655,159.29315,159.39305,0,1786047536178,STALE
2026-08-27 11:00:00+00:00,159.39355,159.50765,159.37265,159.48965,0,1786047535278,STALE
2026-08-27 11:15:00+00:00,159.48985,159.56265,159.47045,159.52815,0,1786047534378,STALE
2026-08-27 11:30:00+00:00,159.52855,159.56815,159.49575,159.56705,0,1786047533478,STALE
2026-08-27 11:45:00+00:00,159.56675,159.57025,159.47385,159.50625,0,1786047532578,STALE
2026-08-27 12:00:00+00:00,159.50945,159.56275,159.48935,159.55255,0,1786047531678,STALE
2026-08-27 12:15:00+00:00,159.55295,159.60545,159.50665,159.51135,0,1786047530778,STALE
2026-08-27 12:30:00+00:00,159.51115,159.56905,159.48765,159.56125,0,1786047529878,STALE
