timestamp,ID,symbol,action,confidence_score,expiry_minutes,engine_used,reason_th
2026-08-27 09:14:05+00:00,EURUSD0827091405,EURUSD,WAIT,0.0,5,ML (B),"LightGBM ติดขัด: X has 5 features, but HistGradientBoostingClassifier is expecting 17 features as input."
2026-08-27 09:15:09+00:00,EURUSD0827091509,EURUSD,WAIT,0.0,5,ML (B),"LightGBM ติดขัด: X has 5 features, but HistGradientBoostingClassifier is expecting 17 features as input."
2026-08-27 09:17:09+00:00,EURUSD0827091709,EURUSD,PUT,85.0,5,ML (B),LightGBM: สัญญาณ PUT มั่นใจ 85% (Rejection บน + ติดแนวต้าน) ค่ะ
2026-08-27 09:18:05+00:00,EURUSD0827091805,EURUSD,PUT,85.0,5,ML (B),LightGBM: สัญญาณ PUT มั่นใจ 85% (Rejection บน + ติดแนวต้าน) ค่ะ
2026-08-27 09:19:10+00:00,EURUSD0827091910,EURUSD,PUT,85.0,5,ML (B),LightGBM: สัญญาณ PUT มั่นใจ 85% (Rejection บน + ติดแนวต้าน) ค่ะ
2026-08-27 09:20:21+00:00,EURUSD0827092021,EURUSD,PUT,80.0,5,ML (B),LightGBM: สัญญาณ PUT มั่นใจ 80% (Rejection บน + ติดแนวต้าน) ค่ะ
2026-08-27 09:21:20+00:00,EURUSD0827092120,EURUSD,PUT,80.0,5,ML (B),LightGBM: สัญญาณ PUT มั่นใจ 80% (Rejection บน + ติดแนวต้าน) ค่ะ
2026-08-27 20:41:40+00:00,EURUSD0827204140,EURUSD,WAIT,52.0,5,ML (B),LightGBM: สภาวะตลาดยังไม่ชัดเจน (ความมั่นใจ 52% < 80%) ค่ะ
2026-08-27 20:41:40+00:00,EURUSD0827204140,EURUSD,WAIT,70.0,5,ML (A),Chronos: ทรงกราฟไซด์เวย์ไร้ทิศทางชัดเจน (ความมั่นใจ 70% < 80%) ค่ะ
2026-08-27 20:41:40+00:00,EURUSD0827204140,EURUSD,WAIT,70.0,5,ML (AB),Dual-Brain AB ขัดแย้ง: Model A ให้ WAIT (70%) แต่ Model B ให้ WAIT (52%) ➡️ สั่ง WAIT เพื่อความปลอดภัยค่ะ
2026-08-27 20:41:53+00:00,EURUSD0827204153,EURUSD,WAIT,52.0,5,ML (B),LightGBM: สภาวะตลาดยังไม่ชัดเจน (ความมั่นใจ 52% < 80%) ค่ะ
2026-08-27 20:42:03+00:00,EURUSD0827204203,EURUSD,WAIT,70.0,5,ML (A),Chronos: ทรงกราฟไซด์เวย์ไร้ทิศทางชัดเจน (ความมั่นใจ 70% < 80%) ค่ะ
2026-08-27 20:42:03+00:00,EURUSD0827204203,EURUSD,WAIT,52.0,5,ML (A),Chronos: ทรงกราฟไซด์เวย์ไร้ทิศทางชัดเจน (ความมั่นใจ 52% < 80%) ค่ะ
2026-08-27 20:42:20+00:00,EURUSD0827204220,EURUSD,WAIT,70.0,5,ML (A),Chronos: ทรงกราฟไซด์เวย์ไร้ทิศทางชัดเจน (ความมั่นใจ 70% < 80%) ค่ะ
2026-08-27 20:42:20+00:00,EURUSD0827204220,EURUSD,WAIT,52.0,5,ML (A),Chronos: ทรงกราฟไซด์เวย์ไร้ทิศทางชัดเจน (ความมั่นใจ 52% < 80%) ค่ะ
2026-08-27 20:42:20+00:00,EURUSD0827204220,EURUSD,WAIT,52.0,5,ML (B),LightGBM: สภาวะตลาดยังไม่ชัดเจน (ความมั่นใจ 52% < 80%) ค่ะ
2026-08-27 20:42:24+00:00,EURUSD0827204224,EURUSD,WAIT,54.0,5,ML (B),LightGBM: สภาวะตลาดยังไม่ชัดเจน (ความมั่นใจ 54% < 80%) ค่ะ
2026-08-27 20:42:24+00:00,EURUSD0827204224,EURUSD,WAIT,70.0,5,ML (AB),Dual-Brain AB ขัดแย้ง: Model A ให้ WAIT (70%) แต่ Model B ให้ WAIT (52%) ➡️ สั่ง WAIT เพื่อความปลอดภัยค่ะ
2026-08-27 20:42:24+00:00,EURUSD0827204224,EURUSD,WAIT,54.0,5,ML (AB),Dual-Brain AB ขัดแย้ง: Model A ให้ WAIT (52%) แต่ Model B ให้ WAIT (54%) ➡️ สั่ง WAIT เพื่อความปลอดภัยค่ะ
2026-08-27 20:42:51+00:00,EURUSD0827204251,EURUSD,WAIT,54.0,5,ML (B),LightGBM: สภาวะตลาดยังไม่ชัดเจน (ความมั่นใจ 54% < 80%) ค่ะ
2026-08-27 20:42:54+00:00,EURUSD0827204254,EURUSD,WAIT,54.0,5,ML (B),LightGBM: สภาวะตลาดยังไม่ชัดเจน (ความมั่นใจ 54% < 80%) ค่ะ
2026-08-27 20:42:54+00:00,EURUSD0827204254,EURUSD,WAIT,54.0,5,ML (B),LightGBM: สภาวะตลาดยังไม่ชัดเจน (ความมั่นใจ 54% < 80%) ค่ะ
2026-08-27 20:42:54+00:00,EURUSD0827204254,EURUSD,WAIT,52.0,5,ML (B),LightGBM: สภาวะตลาดยังไม่ชัดเจน (ความมั่นใจ 52% < 80%) ค่ะ
2026-08-27 20:42:55+00:00,EURUSD0827204255,EURUSD,WAIT,52.0,5,ML (B),LightGBM: สภาวะตลาดยังไม่ชัดเจน (ความมั่นใจ 52% < 80%) ค่ะ
2026-08-27 20:42:55+00:00,EURUSD0827204255,EURUSD,WAIT,52.0,5,ML (A),Chronos: ทรงกราฟไซด์เวย์ไร้ทิศทางชัดเจน (ความมั่นใจ 52% < 80%) ค่ะ
2026-08-27 20:42:55+00:00,EURUSD0827204255,EURUSD,WAIT,51.0,5,ML (A),Chronos: ทรงกราฟไซด์เวย์ไร้ทิศทางชัดเจน (ความมั่นใจ 51% < 80%) ค่ะ
2026-08-27 20:42:55+00:00,EURUSD0827204255,EURUSD,WAIT,52.0,5,ML (A),Chronos: ทรงกราฟไซด์เวย์ไร้ทิศทางชัดเจน (ความมั่นใจ 52% < 80%) ค่ะ
2026-08-27 20:42:55+00:00,EURUSD0827204255,EURUSD,WAIT,68.0,5,ML (A),Chronos: ทรงกราฟไซด์เวย์ไร้ทิศทางชัดเจน (ความมั่นใจ 68% < 80%) ค่ะ
2026-08-27 20:42:55+00:00,EURUSD0827204255,EURUSD,WAIT,70.0,5,ML (A),Chronos: ทรงกราฟไซด์เวย์ไร้ทิศทางชัดเจน (ความมั่นใจ 70% < 80%) ค่ะ
2026-08-27 20:42:55+00:00,EURUSD0827204255,EURUSD,WAIT,54.0,5,ML (AB),Dual-Brain AB: ทั้งสองโมเดลเห็นพ้องให้ WAIT สภาวะตลาดยังไม่เข้าเกณฑ์ค่ะ
2026-08-27 20:42:55+00:00,EURUSD0827204255,EURUSD,WAIT,54.0,5,ML (AB),Dual-Brain AB: ทั้งสองโมเดลเห็นพ้องให้ WAIT สภาวะตลาดยังไม่เข้าเกณฑ์ค่ะ
2026-08-27 20:42:55+00:00,EURUSD0827204255,EURUSD,WAIT,54.0,5,ML (AB),Dual-Brain AB: ทั้งสองโมเดลเห็นพ้องให้ WAIT สภาวะตลาดยังไม่เข้าเกณฑ์ค่ะ
2026-08-27 20:42:55+00:00,EURUSD0827204255,EURUSD,WAIT,68.0,5,ML (AB),Dual-Brain AB: ทั้งสองโมเดลเห็นพ้องให้ WAIT สภาวะตลาดยังไม่เข้าเกณฑ์ค่ะ
2026-08-27 20:42:55+00:00,EURUSD0827204255,EURUSD,WAIT,70.0,5,ML (AB),Dual-Brain AB: ทั้งสองโมเดลเห็นพ้องให้ WAIT สภาวะตลาดยังไม่เข้าเกณฑ์ค่ะ
2026-08-27 20:43:32+00:00,EURUSD0827204332,EURUSD,WAIT,52.0,5,ML (B),LightGBM: สภาวะตลาดยังไม่ชัดเจน (ความมั่นใจ 52% < 80%) ค่ะ
2026-08-27 20:43:35+00:00,EURUSD0827204335,EURUSD,WAIT,70.0,5,ML (B),Chronos: ทรงกราฟไซด์เวย์ไร้ทิศทางชัดเจน (ความมั่นใจ 70% < 80%) ค่ะ
2026-08-27 20:43:35+00:00,EURUSD0827204335,EURUSD,WAIT,70.0,5,ML (B),Dual-Brain AB: ทั้งสองโมเดลเห็นพ้องให้ WAIT สภาวะตลาดยังไม่เข้าเกณฑ์ค่ะ
2026-08-27 20:54:01+00:00,EURUSD0827205401,EURUSD,WAIT,52.0,5,ML (B),LightGBM: สภาวะตลาดยังไม่ชัดเจน (ความมั่นใจ 52% < 80%) ค่ะ
2026-08-27 20:55:04+00:00,EURUSD0827205504,EURUSD,WAIT,52.0,5,ML (B),LightGBM: สภาวะตลาดยังไม่ชัดเจน (ความมั่นใจ 52% < 80%) ค่ะ
2026-08-27 20:56:04+00:00,EURUSD0827205604,EURUSD,WAIT,50.0,5,ML (B),LightGBM: สภาวะตลาดยังไม่ชัดเจน (ความมั่นใจ 50% < 80%) ค่ะ
2026-08-27 20:57:02+00:00,EURUSD0827205702,EURUSD,WAIT,50.0,5,ML (B),LightGBM: สภาวะตลาดยังไม่ชัดเจน (ความมั่นใจ 50% < 80%) ค่ะ
2026-08-27 20:58:01+00:00,EURUSD0827205801,EURUSD,WAIT,50.0,5,ML (B),LightGBM: สภาวะตลาดยังไม่ชัดเจน (ความมั่นใจ 50% < 80%) ค่ะ
2026-08-27 20:59:01+00:00,EURUSD0827205901,EURUSD,WAIT,50.0,5,ML (B),LightGBM: สภาวะตลาดยังไม่ชัดเจน (ความมั่นใจ 50% < 80%) ค่ะ
2026-08-27 21:00:01+00:00,EURUSD0827210001,EURUSD,WAIT,50.0,5,ML (B),LightGBM: สภาวะตลาดยังไม่ชัดเจน (ความมั่นใจ 50% < 80%) ค่ะ
2026-08-27 21:01:04+00:00,EURUSD0827210104,EURUSD,WAIT,51.0,5,ML (B),LightGBM: สภาวะตลาดยังไม่ชัดเจน (ความมั่นใจ 51% < 80%) ค่ะ
2026-08-27 21:02:01+00:00,EURUSD0827210201,EURUSD,WAIT,51.0,5,ML (B),LightGBM: สภาวะตลาดยังไม่ชัดเจน (ความมั่นใจ 51% < 80%) ค่ะ
2026-08-27 21:03:01+00:00,EURUSD0827210301,EURUSD,WAIT,51.0,5,ML (B),LightGBM: สภาวะตลาดยังไม่ชัดเจน (ความมั่นใจ 51% < 80%) ค่ะ
2026-08-27 21:04:02+00:00,EURUSD0827210402,EURUSD,WAIT,51.0,5,ML (B),LightGBM: สภาวะตลาดยังไม่ชัดเจน (ความมั่นใจ 51% < 80%) ค่ะ
2026-08-27 21:05:01+00:00,EURUSD0827210501,EURUSD,WAIT,51.0,5,ML (B),LightGBM: สภาวะตลาดยังไม่ชัดเจน (ความมั่นใจ 51% < 80%) ค่ะ
2026-08-27 21:06:02+00:00,EURUSD0827210602,EURUSD,WAIT,50.0,5,ML (B),LightGBM: สภาวะตลาดยังไม่ชัดเจน (ความมั่นใจ 50% < 80%) ค่ะ
2026-08-27 21:07:01+00:00,EURUSD0827210701,EURUSD,WAIT,50.0,5,ML (B),LightGBM: สภาวะตลาดยังไม่ชัดเจน (ความมั่นใจ 50% < 80%) ค่ะ
2026-08-27 21:08:02+00:00,EURUSD0827210802,EURUSD,WAIT,50.0,5,ML (B),LightGBM: สภาวะตลาดยังไม่ชัดเจน (ความมั่นใจ 50% < 80%) ค่ะ
2026-08-27 21:09:01+00:00,EURUSD0827210901,EURUSD,WAIT,50.0,5,ML (B),LightGBM: สภาวะตลาดยังไม่ชัดเจน (ความมั่นใจ 50% < 80%) ค่ะ
2026-08-27 21:10:01+00:00,EURUSD0827211001,EURUSD,WAIT,50.0,5,ML (B),LightGBM: สภาวะตลาดยังไม่ชัดเจน (ความมั่นใจ 50% < 80%) ค่ะ
2026-08-27 21:11:02+00:00,EURUSD0827211102,EURUSD,WAIT,52.0,5,ML (B),LightGBM: สภาวะตลาดยังไม่ชัดเจน (ความมั่นใจ 52% < 80%) ค่ะ
2026-08-27 21:12:02+00:00,EURUSD0827211202,EURUSD,WAIT,52.0,5,ML (B),LightGBM: สภาวะตลาดยังไม่ชัดเจน (ความมั่นใจ 52% < 80%) ค่ะ
2026-08-27 21:13:01+00:00,EURUSD0827211301,EURUSD,WAIT,52.0,5,ML (B),LightGBM: สภาวะตลาดยังไม่ชัดเจน (ความมั่นใจ 52% < 80%) ค่ะ
2026-08-27 21:14:02+00:00,EURUSD0827211402,EURUSD,WAIT,52.0,5,ML (B),LightGBM: สภาวะตลาดยังไม่ชัดเจน (ความมั่นใจ 52% < 80%) ค่ะ
2026-08-27 21:15:01+00:00,EURUSD0827211501,EURUSD,WAIT,52.0,5,ML (B),LightGBM: สภาวะตลาดยังไม่ชัดเจน (ความมั่นใจ 52% < 80%) ค่ะ
2026-08-27 21:16:02+00:00,EURUSD0827211602,EURUSD,WAIT,50.0,5,ML (B),LightGBM: สภาวะตลาดยังไม่ชัดเจน (ความมั่นใจ 50% < 80%) ค่ะ
2026-08-27 21:17:01+00:00,EURUSD0827211701,EURUSD,WAIT,50.0,5,ML (B),LightGBM: สภาวะตลาดยังไม่ชัดเจน (ความมั่นใจ 50% < 80%) ค่ะ
2026-08-27 21:18:01+00:00,EURUSD0827211801,EURUSD,WAIT,50.0,5,ML (B),LightGBM: สภาวะตลาดยังไม่ชัดเจน (ความมั่นใจ 50% < 80%) ค่ะ
2026-08-27 21:19:01+00:00,EURUSD0827211901,EURUSD,WAIT,50.0,5,ML (B),LightGBM: สภาวะตลาดยังไม่ชัดเจน (ความมั่นใจ 50% < 80%) ค่ะ
2026-08-27 21:20:01+00:00,EURUSD0827212001,EURUSD,WAIT,50.0,5,ML (B),LightGBM: สภาวะตลาดยังไม่ชัดเจน (ความมั่นใจ 50% < 80%) ค่ะ
2026-08-27 21:21:02+00:00,EURUSD0827212102,EURUSD,WAIT,50.0,5,ML (B),LightGBM: สภาวะตลาดยังไม่ชัดเจน (ความมั่นใจ 50% < 80%) ค่ะ
2026-08-27 21:22:01+00:00,EURUSD0827212201,EURUSD,WAIT,50.0,5,ML (B),LightGBM: สภาวะตลาดยังไม่ชัดเจน (ความมั่นใจ 50% < 80%) ค่ะ
2026-08-27 21:23:01+00:00,EURUSD0827212301,EURUSD,WAIT,50.0,5,ML (B),LightGBM: สภาวะตลาดยังไม่ชัดเจน (ความมั่นใจ 50% < 80%) ค่ะ
2026-08-27 21:24:02+00:00,EURUSD0827212402,EURUSD,WAIT,50.0,5,ML (B),LightGBM: สภาวะตลาดยังไม่ชัดเจน (ความมั่นใจ 50% < 80%) ค่ะ
2026-08-27 21:25:01+00:00,EURUSD0827212501,EURUSD,WAIT,50.0,5,ML (B),LightGBM: สภาวะตลาดยังไม่ชัดเจน (ความมั่นใจ 50% < 80%) ค่ะ
2026-08-27 21:26:02+00:00,EURUSD0827212602,EURUSD,WAIT,52.0,5,ML (B),LightGBM: สภาวะตลาดยังไม่ชัดเจน (ความมั่นใจ 52% < 80%) ค่ะ
2026-08-27 21:27:01+00:00,EURUSD0827212701,EURUSD,WAIT,52.0,5,ML (B),LightGBM: สภาวะตลาดยังไม่ชัดเจน (ความมั่นใจ 52% < 80%) ค่ะ
2026-08-27 21:28:03+00:00,EURUSD0827212803,EURUSD,WAIT,52.0,5,ML (B),LightGBM: สภาวะตลาดยังไม่ชัดเจน (ความมั่นใจ 52% < 80%) ค่ะ
2026-08-27 21:29:01+00:00,EURUSD0827212901,EURUSD,WAIT,52.0,5,ML (B),LightGBM: สภาวะตลาดยังไม่ชัดเจน (ความมั่นใจ 52% < 80%) ค่ะ
2026-08-27 21:30:02+00:00,EURUSD0827213002,EURUSD,WAIT,52.0,5,ML (B),LightGBM: สภาวะตลาดยังไม่ชัดเจน (ความมั่นใจ 52% < 80%) ค่ะ
2026-08-27 21:31:04+00:00,EURUSD0827213104,EURUSD,WAIT,50.0,5,ML (B),LightGBM: สภาวะตลาดยังไม่ชัดเจน (ความมั่นใจ 50% < 80%) ค่ะ
2026-08-27 21:32:01+00:00,EURUSD0827213201,EURUSD,WAIT,50.0,5,ML (B),LightGBM: สภาวะตลาดยังไม่ชัดเจน (ความมั่นใจ 50% < 80%) ค่ะ
2026-08-27 21:33:01+00:00,EURUSD0827213301,EURUSD,WAIT,50.0,5,ML (B),LightGBM: สภาวะตลาดยังไม่ชัดเจน (ความมั่นใจ 50% < 80%) ค่ะ
2026-08-27 21:34:03+00:00,EURUSD0827213403,EURUSD,WAIT,50.0,5,ML (B),LightGBM: สภาวะตลาดยังไม่ชัดเจน (ความมั่นใจ 50% < 80%) ค่ะ
2026-08-27 21:35:01+00:00,EURUSD0827213501,EURUSD,WAIT,50.0,5,ML (B),LightGBM: สภาวะตลาดยังไม่ชัดเจน (ความมั่นใจ 50% < 80%) ค่ะ
2026-08-27 21:36:02+00:00,EURUSD0827213602,EURUSD,WAIT,50.0,5,ML (B),LightGBM: สภาวะตลาดยังไม่ชัดเจน (ความมั่นใจ 50% < 80%) ค่ะ
2026-08-27 21:37:03+00:00,EURUSD0827213703,EURUSD,WAIT,50.0,5,ML (B),LightGBM: สภาวะตลาดยังไม่ชัดเจน (ความมั่นใจ 50% < 80%) ค่ะ
2026-08-27 21:38:01+00:00,EURUSD0827213801,EURUSD,WAIT,50.0,5,ML (B),LightGBM: สภาวะตลาดยังไม่ชัดเจน (ความมั่นใจ 50% < 80%) ค่ะ
2026-08-27 21:39:01+00:00,EURUSD0827213901,EURUSD,WAIT,50.0,5,ML (B),LightGBM: สภาวะตลาดยังไม่ชัดเจน (ความมั่นใจ 50% < 80%) ค่ะ
2026-08-27 21:40:01+00:00,EURUSD0827214001,EURUSD,WAIT,50.0,5,ML (B),LightGBM: สภาวะตลาดยังไม่ชัดเจน (ความมั่นใจ 50% < 80%) ค่ะ
2026-08-27 21:41:02+00:00,EURUSD0827214102,EURUSD,WAIT,51.0,5,ML (B),LightGBM: สภาวะตลาดยังไม่ชัดเจน (ความมั่นใจ 51% < 80%) ค่ะ
2026-08-27 21:42:02+00:00,EURUSD0827214202,EURUSD,WAIT,51.0,5,ML (B),LightGBM: สภาวะตลาดยังไม่ชัดเจน (ความมั่นใจ 51% < 80%) ค่ะ
2026-08-27 21:43:01+00:00,EURUSD0827214301,EURUSD,WAIT,51.0,5,ML (B),LightGBM: สภาวะตลาดยังไม่ชัดเจน (ความมั่นใจ 51% < 80%) ค่ะ
2026-08-27 21:44:01+00:00,EURUSD0827214401,EURUSD,WAIT,51.0,5,ML (B),LightGBM: สภาวะตลาดยังไม่ชัดเจน (ความมั่นใจ 51% < 80%) ค่ะ
2026-08-27 21:45:02+00:00,EURUSD0827214502,EURUSD,WAIT,51.0,5,ML (B),LightGBM: สภาวะตลาดยังไม่ชัดเจน (ความมั่นใจ 51% < 80%) ค่ะ
2026-08-27 21:46:02+00:00,EURUSD0827214602,EURUSD,WAIT,54.0,5,ML (B),LightGBM: สภาวะตลาดยังไม่ชัดเจน (ความมั่นใจ 54% < 80%) ค่ะ
2026-08-27 21:47:01+00:00,EURUSD0827214701,EURUSD,WAIT,54.0,5,ML (B),LightGBM: สภาวะตลาดยังไม่ชัดเจน (ความมั่นใจ 54% < 80%) ค่ะ
2026-08-27 21:48:01+00:00,EURUSD0827214801,EURUSD,WAIT,54.0,5,ML (B),LightGBM: สภาวะตลาดยังไม่ชัดเจน (ความมั่นใจ 54% < 80%) ค่ะ
2026-08-27 21:49:01+00:00,EURUSD0827214901,EURUSD,WAIT,54.0,5,ML (B),LightGBM: สภาวะตลาดยังไม่ชัดเจน (ความมั่นใจ 54% < 80%) ค่ะ
2026-08-27 21:50:01+00:00,EURUSD0827215001,EURUSD,WAIT,54.0,5,ML (B),LightGBM: สภาวะตลาดยังไม่ชัดเจน (ความมั่นใจ 54% < 80%) ค่ะ
2026-08-27 21:51:02+00:00,EURUSD0827215102,EURUSD,WAIT,50.0,5,ML (B),LightGBM: สภาวะตลาดยังไม่ชัดเจน (ความมั่นใจ 50% < 80%) ค่ะ
2026-08-27 21:52:01+00:00,EURUSD0827215201,EURUSD,WAIT,50.0,5,ML (B),LightGBM: สภาวะตลาดยังไม่ชัดเจน (ความมั่นใจ 50% < 80%) ค่ะ
2026-08-27 21:53:03+00:00,EURUSD0827215303,EURUSD,WAIT,50.0,5,ML (B),LightGBM: สภาวะตลาดยังไม่ชัดเจน (ความมั่นใจ 50% < 80%) ค่ะ
2026-08-27 21:54:01+00:00,EURUSD0827215401,EURUSD,WAIT,50.0,5,ML (B),LightGBM: สภาวะตลาดยังไม่ชัดเจน (ความมั่นใจ 50% < 80%) ค่ะ
2026-08-27 21:55:02+00:00,EURUSD0827215502,EURUSD,WAIT,50.0,5,ML (B),LightGBM: สภาวะตลาดยังไม่ชัดเจน (ความมั่นใจ 50% < 80%) ค่ะ
2026-08-27 21:56:03+00:00,EURUSD0827215603,EURUSD,WAIT,50.0,5,ML (B),LightGBM: สภาวะตลาดยังไม่ชัดเจน (ความมั่นใจ 50% < 80%) ค่ะ
2026-08-27 21:57:01+00:00,EURUSD0827215701,EURUSD,WAIT,50.0,5,ML (B),LightGBM: สภาวะตลาดยังไม่ชัดเจน (ความมั่นใจ 50% < 80%) ค่ะ
2026-08-27 21:58:01+00:00,EURUSD0827215801,EURUSD,WAIT,50.0,5,ML (B),LightGBM: สภาวะตลาดยังไม่ชัดเจน (ความมั่นใจ 50% < 80%) ค่ะ
2026-08-27 21:59:03+00:00,EURUSD0827215903,EURUSD,WAIT,50.0,5,ML (B),LightGBM: สภาวะตลาดยังไม่ชัดเจน (ความมั่นใจ 50% < 80%) ค่ะ
2026-08-27 22:00:01+00:00,EURUSD0827220001,EURUSD,WAIT,50.0,5,ML (B),LightGBM: สภาวะตลาดยังไม่ชัดเจน (ความมั่นใจ 50% < 80%) ค่ะ
2026-08-27 22:01:02+00:00,EURUSD0827220102,EURUSD,WAIT,52.0,5,ML (B),LightGBM: สภาวะตลาดยังไม่ชัดเจน (ความมั่นใจ 52% < 80%) ค่ะ
2026-08-27 22:02:03+00:00,EURUSD0827220203,EURUSD,WAIT,52.0,5,ML (B),LightGBM: สภาวะตลาดยังไม่ชัดเจน (ความมั่นใจ 52% < 80%) ค่ะ
2026-08-27 22:03:01+00:00,EURUSD0827220301,EURUSD,WAIT,52.0,5,ML (B),LightGBM: สภาวะตลาดยังไม่ชัดเจน (ความมั่นใจ 52% < 80%) ค่ะ
2026-08-27 22:04:01+00:00,EURUSD0827220401,EURUSD,WAIT,52.0,5,ML (B),LightGBM: สภาวะตลาดยังไม่ชัดเจน (ความมั่นใจ 52% < 80%) ค่ะ
2026-08-27 22:05:02+00:00,EURUSD0827220502,EURUSD,WAIT,52.0,5,ML (B),LightGBM: สภาวะตลาดยังไม่ชัดเจน (ความมั่นใจ 52% < 80%) ค่ะ
2026-08-27 22:06:02+00:00,EURUSD0827220602,EURUSD,WAIT,51.0,5,ML (B),LightGBM: สภาวะตลาดยังไม่ชัดเจน (ความมั่นใจ 51% < 80%) ค่ะ
2026-08-27 22:07:01+00:00,EURUSD0827220701,EURUSD,WAIT,51.0,5,ML (B),LightGBM: สภาวะตลาดยังไม่ชัดเจน (ความมั่นใจ 51% < 80%) ค่ะ
2026-08-27 22:08:03+00:00,EURUSD0827220803,EURUSD,WAIT,51.0,5,ML (B),LightGBM: สภาวะตลาดยังไม่ชัดเจน (ความมั่นใจ 51% < 80%) ค่ะ
2026-08-27 22:09:01+00:00,EURUSD0827220901,EURUSD,WAIT,51.0,5,ML (B),LightGBM: สภาวะตลาดยังไม่ชัดเจน (ความมั่นใจ 51% < 80%) ค่ะ
2026-08-27 22:10:01+00:00,EURUSD0827221001,EURUSD,WAIT,51.0,5,ML (B),LightGBM: สภาวะตลาดยังไม่ชัดเจน (ความมั่นใจ 51% < 80%) ค่ะ
2026-08-27 22:10:04+00:00,EURUSD0827221004,EURUSD,WAIT,51.0,5,ML (B),LightGBM: สภาวะตลาดยังไม่ชัดเจน (ความมั่นใจ 51% < 80%) ค่ะ
2026-08-27 22:11:04+00:00,EURUSD0827221104,EURUSD,WAIT,50.0,5,ML (B),LightGBM: สภาวะตลาดยังไม่ชัดเจน (ความมั่นใจ 50% < 80%) ค่ะ
2026-08-27 22:11:06+00:00,EURUSD0827221106,EURUSD,WAIT,50.0,5,ML (B),LightGBM: สภาวะตลาดยังไม่ชัดเจน (ความมั่นใจ 50% < 80%) ค่ะ
2026-08-27 22:12:01+00:00,EURUSD0827221201,EURUSD,WAIT,50.0,5,ML (B),LightGBM: สภาวะตลาดยังไม่ชัดเจน (ความมั่นใจ 50% < 80%) ค่ะ
2026-08-27 22:12:01+00:00,EURUSD0827221201,EURUSD,WAIT,50.0,5,ML (B),LightGBM: สภาวะตลาดยังไม่ชัดเจน (ความมั่นใจ 50% < 80%) ค่ะ
2026-08-27 22:13:01+00:00,EURUSD0827221301,EURUSD,WAIT,50.0,5,ML (B),LightGBM: สภาวะตลาดยังไม่ชัดเจน (ความมั่นใจ 50% < 80%) ค่ะ
2026-08-27 22:13:02+00:00,EURUSD0827221302,EURUSD,WAIT,50.0,5,ML (B),LightGBM: สภาวะตลาดยังไม่ชัดเจน (ความมั่นใจ 50% < 80%) ค่ะ
2026-08-27 22:14:02+00:00,EURUSD0827221402,EURUSD,WAIT,50.0,5,ML (B),LightGBM: สภาวะตลาดยังไม่ชัดเจน (ความมั่นใจ 50% < 80%) ค่ะ
2026-08-27 22:15:02+00:00,EURUSD0827221502,EURUSD,WAIT,50.0,5,ML (B),LightGBM: สภาวะตลาดยังไม่ชัดเจน (ความมั่นใจ 50% < 80%) ค่ะ
2026-08-27 22:16:02+00:00,EURUSD0827221602,EURUSD,WAIT,51.0,5,ML (B),LightGBM: สภาวะตลาดยังไม่ชัดเจน (ความมั่นใจ 51% < 80%) ค่ะ
2026-08-27 22:16:04+00:00,EURUSD0827221604,EURUSD,WAIT,51.0,5,ML (B),LightGBM: สภาวะตลาดยังไม่ชัดเจน (ความมั่นใจ 51% < 80%) ค่ะ
2026-08-27 22:17:01+00:00,EURUSD0827221701,EURUSD,WAIT,51.0,5,ML (B),LightGBM: สภาวะตลาดยังไม่ชัดเจน (ความมั่นใจ 51% < 80%) ค่ะ
2026-08-27 22:17:03+00:00,EURUSD0827221703,EURUSD,WAIT,51.0,5,ML (B),LightGBM: สภาวะตลาดยังไม่ชัดเจน (ความมั่นใจ 51% < 80%) ค่ะ
2026-08-27 22:18:01+00:00,EURUSD0827221801,EURUSD,WAIT,51.0,5,ML (B),LightGBM: สภาวะตลาดยังไม่ชัดเจน (ความมั่นใจ 51% < 80%) ค่ะ
2026-08-27 22:18:02+00:00,EURUSD0827221802,EURUSD,WAIT,51.0,5,ML (B),LightGBM: สภาวะตลาดยังไม่ชัดเจน (ความมั่นใจ 51% < 80%) ค่ะ
2026-08-27 22:19:02+00:00,EURUSD0827221902,EURUSD,WAIT,51.0,5,ML (B),LightGBM: สภาวะตลาดยังไม่ชัดเจน (ความมั่นใจ 51% < 80%) ค่ะ
2026-08-27 22:20:02+00:00,EURUSD0827222002,EURUSD,WAIT,51.0,5,ML (B),LightGBM: สภาวะตลาดยังไม่ชัดเจน (ความมั่นใจ 51% < 80%) ค่ะ
2026-08-27 22:21:02+00:00,EURUSD0827222102,EURUSD,WAIT,50.0,5,ML (B),LightGBM: สภาวะตลาดยังไม่ชัดเจน (ความมั่นใจ 50% < 80%) ค่ะ
2026-08-27 22:22:01+00:00,EURUSD0827222201,EURUSD,WAIT,50.0,5,ML (B),LightGBM: สภาวะตลาดยังไม่ชัดเจน (ความมั่นใจ 50% < 80%) ค่ะ
2026-08-27 22:23:01+00:00,EURUSD0827222301,EURUSD,WAIT,50.0,5,ML (B),LightGBM: สภาวะตลาดยังไม่ชัดเจน (ความมั่นใจ 50% < 80%) ค่ะ
2026-08-27 22:23:02+00:00,EURUSD0827222302,EURUSD,WAIT,50.0,5,ML (B),LightGBM: สภาวะตลาดยังไม่ชัดเจน (ความมั่นใจ 50% < 80%) ค่ะ
2026-08-27 22:24:01+00:00,EURUSD0827222401,EURUSD,WAIT,50.0,5,ML (B),LightGBM: สภาวะตลาดยังไม่ชัดเจน (ความมั่นใจ 50% < 80%) ค่ะ
2026-08-27 22:24:02+00:00,EURUSD0827222402,EURUSD,WAIT,50.0,5,ML (B),LightGBM: สภาวะตลาดยังไม่ชัดเจน (ความมั่นใจ 50% < 80%) ค่ะ
2026-08-27 22:25:02+00:00,EURUSD0827222502,EURUSD,WAIT,50.0,5,ML (B),LightGBM: สภาวะตลาดยังไม่ชัดเจน (ความมั่นใจ 50% < 80%) ค่ะ
2026-08-27 22:26:02+00:00,EURUSD0827222602,EURUSD,WAIT,50.0,5,ML (B),LightGBM: สภาวะตลาดยังไม่ชัดเจน (ความมั่นใจ 50% < 80%) ค่ะ
2026-08-27 22:27:02+00:00,EURUSD0827222702,EURUSD,WAIT,50.0,5,ML (B),LightGBM: สภาวะตลาดยังไม่ชัดเจน (ความมั่นใจ 50% < 80%) ค่ะ
2026-08-27 22:28:02+00:00,EURUSD0827222802,EURUSD,WAIT,50.0,5,ML (B),LightGBM: สภาวะตลาดยังไม่ชัดเจน (ความมั่นใจ 50% < 80%) ค่ะ
2026-08-27 22:29:02+00:00,EURUSD0827222902,EURUSD,WAIT,50.0,5,ML (B),LightGBM: สภาวะตลาดยังไม่ชัดเจน (ความมั่นใจ 50% < 80%) ค่ะ
2026-08-27 22:30:01+00:00,EURUSD0827223001,EURUSD,WAIT,50.0,5,ML (B),LightGBM: สภาวะตลาดยังไม่ชัดเจน (ความมั่นใจ 50% < 80%) ค่ะ
2026-08-27 22:30:02+00:00,EURUSD0827223002,EURUSD,WAIT,50.0,5,ML (B),LightGBM: สภาวะตลาดยังไม่ชัดเจน (ความมั่นใจ 50% < 80%) ค่ะ
2026-08-27 22:31:02+00:00,EURUSD0827223102,EURUSD,WAIT,52.0,5,ML (B),LightGBM: สภาวะตลาดยังไม่ชัดเจน (ความมั่นใจ 52% < 80%) ค่ะ
2026-08-27 22:31:02+00:00,EURUSD0827223102,EURUSD,WAIT,52.0,5,ML (B),LightGBM: สภาวะตลาดยังไม่ชัดเจน (ความมั่นใจ 52% < 80%) ค่ะ
2026-08-27 22:32:02+00:00,EURUSD0827223202,EURUSD,WAIT,52.0,5,ML (B),LightGBM: สภาวะตลาดยังไม่ชัดเจน (ความมั่นใจ 52% < 80%) ค่ะ
2026-08-27 22:32:02+00:00,EURUSD0827223202,EURUSD,WAIT,52.0,5,ML (B),LightGBM: สภาวะตลาดยังไม่ชัดเจน (ความมั่นใจ 52% < 80%) ค่ะ
2026-08-27 22:33:02+00:00,EURUSD0827223302,EURUSD,WAIT,52.0,5,ML (B),LightGBM: สภาวะตลาดยังไม่ชัดเจน (ความมั่นใจ 52% < 80%) ค่ะ
2026-08-27 22:33:02+00:00,EURUSD0827223302,EURUSD,WAIT,52.0,5,ML (B),LightGBM: สภาวะตลาดยังไม่ชัดเจน (ความมั่นใจ 52% < 80%) ค่ะ
2026-08-27 22:34:01+00:00,EURUSD0827223401,EURUSD,WAIT,52.0,5,ML (B),LightGBM: สภาวะตลาดยังไม่ชัดเจน (ความมั่นใจ 52% < 80%) ค่ะ
2026-08-27 22:34:02+00:00,EURUSD0827223402,EURUSD,WAIT,52.0,5,ML (B),LightGBM: สภาวะตลาดยังไม่ชัดเจน (ความมั่นใจ 52% < 80%) ค่ะ
2026-08-27 22:35:01+00:00,EURUSD0827223501,EURUSD,WAIT,52.0,5,ML (B),LightGBM: สภาวะตลาดยังไม่ชัดเจน (ความมั่นใจ 52% < 80%) ค่ะ
2026-08-27 22:36:02+00:00,EURUSD0827223602,EURUSD,WAIT,52.0,5,ML (B),LightGBM: สภาวะตลาดยังไม่ชัดเจน (ความมั่นใจ 52% < 80%) ค่ะ
2026-08-27 22:36:02+00:00,EURUSD0827223602,EURUSD,WAIT,52.0,5,ML (B),LightGBM: สภาวะตลาดยังไม่ชัดเจน (ความมั่นใจ 52% < 80%) ค่ะ
2026-08-27 22:37:01+00:00,EURUSD0827223701,EURUSD,WAIT,52.0,5,ML (B),LightGBM: สภาวะตลาดยังไม่ชัดเจน (ความมั่นใจ 52% < 80%) ค่ะ
2026-08-27 22:37:03+00:00,EURUSD0827223703,EURUSD,WAIT,52.0,5,ML (B),LightGBM: สภาวะตลาดยังไม่ชัดเจน (ความมั่นใจ 52% < 80%) ค่ะ
2026-08-27 22:38:02+00:00,EURUSD0827223802,EURUSD,WAIT,52.0,5,ML (B),LightGBM: สภาวะตลาดยังไม่ชัดเจน (ความมั่นใจ 52% < 80%) ค่ะ
2026-08-27 22:39:02+00:00,EURUSD0827223902,EURUSD,WAIT,52.0,5,ML (B),LightGBM: สภาวะตลาดยังไม่ชัดเจน (ความมั่นใจ 52% < 80%) ค่ะ
2026-08-27 22:40:01+00:00,EURUSD0827224001,EURUSD,WAIT,52.0,5,ML (B),LightGBM: สภาวะตลาดยังไม่ชัดเจน (ความมั่นใจ 52% < 80%) ค่ะ
2026-08-27 22:40:04+00:00,EURUSD0827224004,EURUSD,WAIT,52.0,5,ML (B),LightGBM: สภาวะตลาดยังไม่ชัดเจน (ความมั่นใจ 52% < 80%) ค่ะ
2026-08-27 22:41:02+00:00,EURUSD0827224102,EURUSD,WAIT,52.0,5,ML (B),LightGBM: สภาวะตลาดยังไม่ชัดเจน (ความมั่นใจ 52% < 80%) ค่ะ
2026-08-27 22:41:02+00:00,EURUSD0827224102,EURUSD,WAIT,52.0,5,ML (B),LightGBM: สภาวะตลาดยังไม่ชัดเจน (ความมั่นใจ 52% < 80%) ค่ะ
2026-08-27 22:42:02+00:00,EURUSD0827224202,EURUSD,WAIT,52.0,5,ML (B),LightGBM: สภาวะตลาดยังไม่ชัดเจน (ความมั่นใจ 52% < 80%) ค่ะ
2026-08-27 22:42:02+00:00,EURUSD0827224202,EURUSD,WAIT,52.0,5,ML (B),LightGBM: สภาวะตลาดยังไม่ชัดเจน (ความมั่นใจ 52% < 80%) ค่ะ
2026-08-27 22:43:01+00:00,EURUSD0827224301,EURUSD,WAIT,52.0,5,ML (B),LightGBM: สภาวะตลาดยังไม่ชัดเจน (ความมั่นใจ 52% < 80%) ค่ะ
2026-08-27 22:43:03+00:00,EURUSD0827224303,EURUSD,WAIT,52.0,5,ML (B),LightGBM: สภาวะตลาดยังไม่ชัดเจน (ความมั่นใจ 52% < 80%) ค่ะ
2026-08-27 22:44:01+00:00,EURUSD0827224401,EURUSD,WAIT,52.0,5,ML (B),LightGBM: สภาวะตลาดยังไม่ชัดเจน (ความมั่นใจ 52% < 80%) ค่ะ
2026-08-27 22:44:03+00:00,EURUSD0827224403,EURUSD,WAIT,52.0,5,ML (B),LightGBM: สภาวะตลาดยังไม่ชัดเจน (ความมั่นใจ 52% < 80%) ค่ะ
2026-08-27 22:45:01+00:00,EURUSD0827224501,EURUSD,WAIT,52.0,5,ML (B),LightGBM: สภาวะตลาดยังไม่ชัดเจน (ความมั่นใจ 52% < 80%) ค่ะ
2026-08-27 22:45:01+00:00,EURUSD0827224501,EURUSD,WAIT,52.0,5,ML (B),LightGBM: สภาวะตลาดยังไม่ชัดเจน (ความมั่นใจ 52% < 80%) ค่ะ
2026-08-27 22:46:02+00:00,EURUSD0827224602,EURUSD,WAIT,54.0,5,ML (B),LightGBM: สภาวะตลาดยังไม่ชัดเจน (ความมั่นใจ 54% < 80%) ค่ะ
2026-08-27 22:46:02+00:00,EURUSD0827224602,EURUSD,WAIT,54.0,5,ML (B),LightGBM: สภาวะตลาดยังไม่ชัดเจน (ความมั่นใจ 54% < 80%) ค่ะ
2026-08-27 22:47:01+00:00,EURUSD0827224701,EURUSD,WAIT,54.0,5,ML (B),LightGBM: สภาวะตลาดยังไม่ชัดเจน (ความมั่นใจ 54% < 80%) ค่ะ
2026-08-27 22:48:02+00:00,EURUSD0827224802,EURUSD,WAIT,54.0,5,ML (B),LightGBM: สภาวะตลาดยังไม่ชัดเจน (ความมั่นใจ 54% < 80%) ค่ะ
2026-08-27 22:49:01+00:00,EURUSD0827224901,EURUSD,WAIT,54.0,5,ML (B),LightGBM: สภาวะตลาดยังไม่ชัดเจน (ความมั่นใจ 54% < 80%) ค่ะ
2026-08-27 22:50:01+00:00,EURUSD0827225001,EURUSD,WAIT,54.0,5,ML (B),LightGBM: สภาวะตลาดยังไม่ชัดเจน (ความมั่นใจ 54% < 80%) ค่ะ
2026-08-27 22:50:02+00:00,EURUSD0827225002,EURUSD,WAIT,54.0,5,ML (B),LightGBM: สภาวะตลาดยังไม่ชัดเจน (ความมั่นใจ 54% < 80%) ค่ะ
2026-08-27 22:51:02+00:00,EURUSD0827225102,EURUSD,WAIT,56.0,5,ML (B),LightGBM: สภาวะตลาดยังไม่ชัดเจน (ความมั่นใจ 56% < 80%) ค่ะ
2026-08-27 22:51:02+00:00,EURUSD0827225102,EURUSD,WAIT,56.0,5,ML (B),LightGBM: สภาวะตลาดยังไม่ชัดเจน (ความมั่นใจ 56% < 80%) ค่ะ
2026-08-27 22:52:01+00:00,EURUSD0827225201,EURUSD,WAIT,56.0,5,ML (B),LightGBM: สภาวะตลาดยังไม่ชัดเจน (ความมั่นใจ 56% < 80%) ค่ะ
2026-08-27 22:53:02+00:00,EURUSD0827225302,EURUSD,WAIT,56.0,5,ML (B),LightGBM: สภาวะตลาดยังไม่ชัดเจน (ความมั่นใจ 56% < 80%) ค่ะ
2026-08-27 22:53:03+00:00,EURUSD0827225303,EURUSD,WAIT,56.0,5,ML (AB),Dual-Brain AB (ด่าน 1): LightGBM สั่ง WAIT ปัดตกทันทีค่ะ
2026-08-27 22:53:05+00:00,EURUSD0827225305,EURUSD,WAIT,56.0,5,ML (AB),Dual-Brain AB (ด่าน 1): LightGBM สั่ง WAIT ปัดตกทันทีค่ะ
2026-08-27 22:54:02+00:00,EURUSD0827225402,EURUSD,WAIT,56.0,5,ML (B),LightGBM: สภาวะตลาดยังไม่ชัดเจน (ความมั่นใจ 56% < 80%) ค่ะ
2026-08-27 22:54:02+00:00,EURUSD0827225402,EURUSD,WAIT,56.0,5,ML (B),LightGBM: สภาวะตลาดยังไม่ชัดเจน (ความมั่นใจ 56% < 80%) ค่ะ
2026-08-27 22:54:03+00:00,EURUSD0827225403,EURUSD,WAIT,56.0,5,ML (AB),Dual-Brain AB (ด่าน 1): LightGBM สั่ง WAIT ปัดตกทันทีค่ะ
2026-08-27 22:54:07+00:00,EURUSD0827225407,EURUSD,WAIT,56.0,5,ML (AB),Dual-Brain AB (ด่าน 1): LightGBM สั่ง WAIT ปัดตกทันทีค่ะ
2026-08-27 22:54:10+00:00,EURUSD0827225410,EURUSD,WAIT,56.0,5,ML (AB),Dual-Brain AB (ด่าน 1): LightGBM สั่ง WAIT ปัดตกทันทีค่ะ
2026-08-27 22:55:02+00:00,EURUSD0827225502,EURUSD,WAIT,56.0,5,ML (AB),Dual-Brain AB (ด่าน 1): LightGBM สั่ง WAIT ปัดตกทันทีค่ะ
2026-08-27 22:55:02+00:00,EURUSD0827225502,EURUSD,WAIT,56.0,5,ML (AB),Dual-Brain AB (ด่าน 1): LightGBM สั่ง WAIT ปัดตกทันทีค่ะ
2026-08-27 22:55:02+00:00,EURUSD0827225502,EURUSD,WAIT,56.0,5,ML (AB),Dual-Brain AB (ด่าน 1): LightGBM สั่ง WAIT ปัดตกทันทีค่ะ
2026-08-27 22:55:02+00:00,EURUSD0827225502,EURUSD,WAIT,56.0,5,ML (B),LightGBM: สภาวะตลาดยังไม่ชัดเจน (ความมั่นใจ 56% < 80%) ค่ะ
2026-08-27 22:55:02+00:00,EURUSD0827225502,EURUSD,WAIT,56.0,5,ML (B),LightGBM: สภาวะตลาดยังไม่ชัดเจน (ความมั่นใจ 56% < 80%) ค่ะ
2026-08-27 22:56:02+00:00,EURUSD0827225602,EURUSD,WAIT,53.0,5,ML (B),LightGBM: สภาวะตลาดยังไม่ชัดเจน (ความมั่นใจ 53% < 80%) ค่ะ
2026-08-27 22:56:04+00:00,EURUSD0827225604,EURUSD,WAIT,53.0,5,ML (AB),Dual-Brain AB (ด่าน 1): LightGBM สั่ง WAIT ปัดตกทันทีค่ะ
2026-08-27 22:56:04+00:00,EURUSD0827225604,EURUSD,WAIT,53.0,5,ML (AB),Dual-Brain AB (ด่าน 1): LightGBM สั่ง WAIT ปัดตกทันทีค่ะ
2026-08-27 22:57:02+00:00,EURUSD0827225702,EURUSD,WAIT,53.0,5,ML (AB),Dual-Brain AB (ด่าน 1): LightGBM สั่ง WAIT ปัดตกทันทีค่ะ
2026-08-27 22:57:02+00:00,EURUSD0827225702,EURUSD,WAIT,53.0,5,ML (B),LightGBM: สภาวะตลาดยังไม่ชัดเจน (ความมั่นใจ 53% < 80%) ค่ะ
2026-08-27 22:57:02+00:00,EURUSD0827225702,EURUSD,WAIT,53.0,5,ML (AB),Dual-Brain AB (ด่าน 1): LightGBM สั่ง WAIT ปัดตกทันทีค่ะ
2026-08-27 22:57:02+00:00,EURUSD0827225702,EURUSD,WAIT,53.0,5,ML (AB),Dual-Brain AB (ด่าน 1): LightGBM สั่ง WAIT ปัดตกทันทีค่ะ
2026-08-27 22:58:02+00:00,EURUSD0827225802,EURUSD,WAIT,53.0,5,ML (AB),Dual-Brain AB (ด่าน 1): LightGBM สั่ง WAIT ปัดตกทันทีค่ะ
2026-08-27 22:59:02+00:00,EURUSD0827225902,EURUSD,WAIT,53.0,5,ML (B),LightGBM: สภาวะตลาดยังไม่ชัดเจน (ความมั่นใจ 53% < 80%) ค่ะ
2026-08-27 22:59:02+00:00,EURUSD0827225902,EURUSD,WAIT,53.0,5,ML (B),LightGBM: สภาวะตลาดยังไม่ชัดเจน (ความมั่นใจ 53% < 80%) ค่ะ
2026-08-27 23:00:02+00:00,EURUSD0827230002,EURUSD,WAIT,53.0,5,ML (B),LightGBM: สภาวะตลาดยังไม่ชัดเจน (ความมั่นใจ 53% < 80%) ค่ะ
2026-08-27 23:00:02+00:00,EURUSD0827230002,EURUSD,WAIT,53.0,5,ML (B),LightGBM: สภาวะตลาดยังไม่ชัดเจน (ความมั่นใจ 53% < 80%) ค่ะ
2026-08-27 23:00:02+00:00,EURUSD0827230002,EURUSD,WAIT,53.0,5,ML (AB),Dual-Brain AB (ด่าน 1): LightGBM สั่ง WAIT ปัดตกทันทีค่ะ
2026-08-27 23:00:02+00:00,EURUSD0827230002,EURUSD,WAIT,53.0,5,ML (AB),Dual-Brain AB (ด่าน 1): LightGBM สั่ง WAIT ปัดตกทันทีค่ะ
2026-08-27 23:00:02+00:00,EURUSD0827230002,EURUSD,WAIT,53.0,5,ML (AB),Dual-Brain AB (ด่าน 1): LightGBM สั่ง WAIT ปัดตกทันทีค่ะ
2026-08-27 23:01:02+00:00,EURUSD0827230102,EURUSD,WAIT,55.0,5,ML (B),LightGBM: สภาวะตลาดยังไม่ชัดเจน (ความมั่นใจ 55% < 80%) ค่ะ
2026-08-27 23:01:02+00:00,EURUSD0827230102,EURUSD,WAIT,55.0,5,ML (B),LightGBM: สภาวะตลาดยังไม่ชัดเจน (ความมั่นใจ 55% < 80%) ค่ะ
2026-08-27 23:01:04+00:00,EURUSD0827230104,EURUSD,WAIT,55.0,5,ML (AB),Dual-Brain AB (ด่าน 1): LightGBM สั่ง WAIT ปัดตกทันทีค่ะ
2026-08-27 23:01:04+00:00,EURUSD0827230104,EURUSD,WAIT,55.0,5,ML (AB),Dual-Brain AB (ด่าน 1): LightGBM สั่ง WAIT ปัดตกทันทีค่ะ
2026-08-27 23:01:04+00:00,EURUSD0827230104,EURUSD,WAIT,55.0,5,ML (AB),Dual-Brain AB (ด่าน 1): LightGBM สั่ง WAIT ปัดตกทันทีค่ะ
2026-08-27 23:02:02+00:00,EURUSD0827230202,EURUSD,WAIT,55.0,5,ML (AB),Dual-Brain AB (ด่าน 1): LightGBM สั่ง WAIT ปัดตกทันทีค่ะ
2026-08-27 23:03:02+00:00,EURUSD0827230302,EURUSD,WAIT,55.0,5,ML (AB),Dual-Brain AB (ด่าน 1): LightGBM สั่ง WAIT ปัดตกทันทีค่ะ
2026-08-27 23:04:02+00:00,EURUSD0827230402,EURUSD,WAIT,55.0,5,ML (B),LightGBM: สภาวะตลาดยังไม่ชัดเจน (ความมั่นใจ 55% < 80%) ค่ะ
2026-08-27 23:04:02+00:00,EURUSD0827230402,EURUSD,WAIT,55.0,5,ML (AB),Dual-Brain AB (ด่าน 1): LightGBM สั่ง WAIT ปัดตกทันทีค่ะ
2026-08-27 23:04:02+00:00,EURUSD0827230402,EURUSD,WAIT,55.0,5,ML (AB),Dual-Brain AB (ด่าน 1): LightGBM สั่ง WAIT ปัดตกทันทีค่ะ
2026-08-27 23:04:02+00:00,EURUSD0827230402,EURUSD,WAIT,55.0,5,ML (AB),Dual-Brain AB (ด่าน 1): LightGBM สั่ง WAIT ปัดตกทันทีค่ะ
2026-08-27 23:04:03+00:00,EURUSD0827230403,EURUSD,WAIT,55.0,5,ML (B),LightGBM: สภาวะตลาดยังไม่ชัดเจน (ความมั่นใจ 55% < 80%) ค่ะ
2026-08-27 23:05:02+00:00,EURUSD0827230502,EURUSD,WAIT,55.0,5,ML (AB),Dual-Brain AB (ด่าน 1): LightGBM สั่ง WAIT ปัดตกทันทีค่ะ
2026-08-27 23:05:02+00:00,EURUSD0827230502,EURUSD,WAIT,55.0,5,ML (AB),Dual-Brain AB (ด่าน 1): LightGBM สั่ง WAIT ปัดตกทันทีค่ะ
2026-08-27 23:06:02+00:00,EURUSD0827230602,EURUSD,WAIT,50.0,5,ML (B),LightGBM: สภาวะตลาดยังไม่ชัดเจน (ความมั่นใจ 50% < 80%) ค่ะ
2026-08-27 23:06:02+00:00,EURUSD0827230602,EURUSD,WAIT,50.0,5,ML (AB),Dual-Brain AB (ด่าน 1): LightGBM สั่ง WAIT ปัดตกทันทีค่ะ
2026-08-27 23:06:02+00:00,EURUSD0827230602,EURUSD,WAIT,50.0,5,ML (B),LightGBM: สภาวะตลาดยังไม่ชัดเจน (ความมั่นใจ 50% < 80%) ค่ะ
2026-08-27 23:06:04+00:00,EURUSD0827230604,EURUSD,WAIT,50.0,5,ML (AB),Dual-Brain AB (ด่าน 1): LightGBM สั่ง WAIT ปัดตกทันทีค่ะ
2026-08-27 23:07:02+00:00,EURUSD0827230702,EURUSD,WAIT,50.0,5,ML (B),LightGBM: สภาวะตลาดยังไม่ชัดเจน (ความมั่นใจ 50% < 80%) ค่ะ
2026-08-27 23:07:02+00:00,EURUSD0827230702,EURUSD,WAIT,50.0,5,ML (AB),Dual-Brain AB (ด่าน 1): LightGBM สั่ง WAIT ปัดตกทันทีค่ะ
2026-08-27 23:07:02+00:00,EURUSD0827230702,EURUSD,WAIT,50.0,5,ML (B),LightGBM: สภาวะตลาดยังไม่ชัดเจน (ความมั่นใจ 50% < 80%) ค่ะ
2026-08-27 23:07:02+00:00,EURUSD0827230702,EURUSD,WAIT,50.0,5,ML (AB),Dual-Brain AB (ด่าน 1): LightGBM สั่ง WAIT ปัดตกทันทีค่ะ
2026-08-27 23:08:02+00:00,EURUSD0827230802,EURUSD,WAIT,50.0,5,ML (B),LightGBM: สภาวะตลาดยังไม่ชัดเจน (ความมั่นใจ 50% < 80%) ค่ะ
2026-08-27 23:08:02+00:00,EURUSD0827230802,EURUSD,WAIT,50.0,5,ML (AB),Dual-Brain AB (ด่าน 1): LightGBM สั่ง WAIT ปัดตกทันทีค่ะ
2026-08-27 23:08:02+00:00,EURUSD0827230802,EURUSD,WAIT,50.0,5,ML (AB),Dual-Brain AB (ด่าน 1): LightGBM สั่ง WAIT ปัดตกทันทีค่ะ
2026-08-27 23:08:02+00:00,EURUSD0827230802,EURUSD,WAIT,50.0,5,ML (AB),Dual-Brain AB (ด่าน 1): LightGBM สั่ง WAIT ปัดตกทันทีค่ะ
2026-08-27 23:08:03+00:00,EURUSD0827230803,EURUSD,WAIT,50.0,5,ML (B),LightGBM: สภาวะตลาดยังไม่ชัดเจน (ความมั่นใจ 50% < 80%) ค่ะ
2026-08-27 23:09:02+00:00,EURUSD0827230902,EURUSD,WAIT,50.0,5,ML (AB),Dual-Brain AB (ด่าน 1): LightGBM สั่ง WAIT ปัดตกทันทีค่ะ
2026-08-27 23:10:02+00:00,EURUSD0827231002,EURUSD,WAIT,50.0,5,ML (B),LightGBM: สภาวะตลาดยังไม่ชัดเจน (ความมั่นใจ 50% < 80%) ค่ะ
2026-08-27 23:10:04+00:00,EURUSD0827231004,EURUSD,WAIT,58.0,5,ML (AB),Dual-Brain AB (ด่าน 1): LightGBM สั่ง WAIT ปัดตกทันทีค่ะ
2026-08-27 23:11:02+00:00,EURUSD0827231102,EURUSD,WAIT,58.0,5,ML (AB),Dual-Brain AB (ด่าน 1): LightGBM สั่ง WAIT ปัดตกทันทีค่ะ
2026-08-27 23:11:02+00:00,EURUSD0827231102,EURUSD,WAIT,58.0,5,ML (AB),Dual-Brain AB (ด่าน 1): LightGBM สั่ง WAIT ปัดตกทันทีค่ะ
2026-08-27 23:11:02+00:00,EURUSD0827231102,EURUSD,WAIT,58.0,5,ML (B),LightGBM: สภาวะตลาดยังไม่ชัดเจน (ความมั่นใจ 58% < 80%) ค่ะ
2026-08-27 23:12:02+00:00,EURUSD0827231202,EURUSD,WAIT,58.0,5,ML (B),LightGBM: สภาวะตลาดยังไม่ชัดเจน (ความมั่นใจ 58% < 80%) ค่ะ
2026-08-27 23:12:02+00:00,EURUSD0827231202,EURUSD,WAIT,58.0,5,ML (AB),Dual-Brain AB (ด่าน 1): LightGBM สั่ง WAIT ปัดตกทันทีค่ะ
2026-08-27 23:12:02+00:00,EURUSD0827231202,EURUSD,WAIT,58.0,5,ML (AB),Dual-Brain AB (ด่าน 1): LightGBM สั่ง WAIT ปัดตกทันทีค่ะ
2026-08-27 23:12:02+00:00,EURUSD0827231202,EURUSD,WAIT,58.0,5,ML (AB),Dual-Brain AB (ด่าน 1): LightGBM สั่ง WAIT ปัดตกทันทีค่ะ
2026-08-27 23:12:03+00:00,EURUSD0827231203,EURUSD,WAIT,58.0,5,ML (B),LightGBM: สภาวะตลาดยังไม่ชัดเจน (ความมั่นใจ 58% < 80%) ค่ะ
2026-08-27 23:13:02+00:00,EURUSD0827231302,EURUSD,WAIT,58.0,5,ML (AB),Dual-Brain AB (ด่าน 1): LightGBM สั่ง WAIT ปัดตกทันทีค่ะ
2026-08-27 23:14:02+00:00,EURUSD0827231402,EURUSD,WAIT,58.0,5,ML (B),LightGBM: สภาวะตลาดยังไม่ชัดเจน (ความมั่นใจ 58% < 80%) ค่ะ
2026-08-27 23:14:02+00:00,EURUSD0827231402,EURUSD,WAIT,58.0,5,ML (AB),Dual-Brain AB (ด่าน 1): LightGBM สั่ง WAIT ปัดตกทันทีค่ะ
2026-08-27 23:14:02+00:00,EURUSD0827231402,EURUSD,WAIT,58.0,5,ML (AB),Dual-Brain AB (ด่าน 1): LightGBM สั่ง WAIT ปัดตกทันทีค่ะ
2026-08-27 23:14:02+00:00,EURUSD0827231402,EURUSD,WAIT,58.0,5,ML (AB),Dual-Brain AB (ด่าน 1): LightGBM สั่ง WAIT ปัดตกทันทีค่ะ
2026-08-27 23:15:02+00:00,EURUSD0827231502,EURUSD,WAIT,58.0,5,ML (AB),Dual-Brain AB (ด่าน 1): LightGBM สั่ง WAIT ปัดตกทันทีค่ะ
2026-08-27 23:15:02+00:00,EURUSD0827231502,EURUSD,WAIT,58.0,5,ML (AB),Dual-Brain AB (ด่าน 1): LightGBM สั่ง WAIT ปัดตกทันทีค่ะ
2026-08-27 23:15:02+00:00,EURUSD0827231502,EURUSD,WAIT,58.0,5,ML (B),LightGBM: สภาวะตลาดยังไม่ชัดเจน (ความมั่นใจ 58% < 80%) ค่ะ
2026-08-27 23:16:02+00:00,EURUSD0827231602,EURUSD,WAIT,53.0,5,ML (AB),Dual-Brain AB (ด่าน 1): LightGBM สั่ง WAIT ปัดตกทันทีค่ะ
2026-08-27 23:16:02+00:00,EURUSD0827231602,EURUSD,WAIT,53.0,5,ML (B),LightGBM: สภาวะตลาดยังไม่ชัดเจน (ความมั่นใจ 53% < 80%) ค่ะ
2026-08-27 23:16:02+00:00,EURUSD0827231602,EURUSD,WAIT,53.0,5,ML (AB),Dual-Brain AB (ด่าน 1): LightGBM สั่ง WAIT ปัดตกทันทีค่ะ
2026-08-27 23:16:02+00:00,EURUSD0827231602,EURUSD,WAIT,53.0,5,ML (B),LightGBM: สภาวะตลาดยังไม่ชัดเจน (ความมั่นใจ 53% < 80%) ค่ะ
2026-08-27 23:17:02+00:00,EURUSD0827231702,EURUSD,WAIT,53.0,5,ML (B),LightGBM: สภาวะตลาดยังไม่ชัดเจน (ความมั่นใจ 53% < 80%) ค่ะ
2026-08-27 23:17:02+00:00,EURUSD0827231702,EURUSD,WAIT,53.0,5,ML (AB),Dual-Brain AB (ด่าน 1): LightGBM สั่ง WAIT ปัดตกทันทีค่ะ
2026-08-27 23:17:02+00:00,EURUSD0827231702,EURUSD,WAIT,53.0,5,ML (AB),Dual-Brain AB (ด่าน 1): LightGBM สั่ง WAIT ปัดตกทันทีค่ะ
2026-08-27 23:17:02+00:00,EURUSD0827231702,EURUSD,WAIT,53.0,5,ML (B),LightGBM: สภาวะตลาดยังไม่ชัดเจน (ความมั่นใจ 53% < 80%) ค่ะ
2026-08-27 23:18:02+00:00,EURUSD0827231802,EURUSD,WAIT,53.0,5,ML (B),LightGBM: สภาวะตลาดยังไม่ชัดเจน (ความมั่นใจ 53% < 80%) ค่ะ
2026-08-27 23:18:02+00:00,EURUSD0827231802,EURUSD,WAIT,53.0,5,ML (AB),Dual-Brain AB (ด่าน 1): LightGBM สั่ง WAIT ปัดตกทันทีค่ะ
2026-08-27 23:18:02+00:00,EURUSD0827231802,EURUSD,WAIT,53.0,5,ML (AB),Dual-Brain AB (ด่าน 1): LightGBM สั่ง WAIT ปัดตกทันทีค่ะ
2026-08-27 23:18:02+00:00,EURUSD0827231802,EURUSD,WAIT,53.0,5,ML (B),LightGBM: สภาวะตลาดยังไม่ชัดเจน (ความมั่นใจ 53% < 80%) ค่ะ
2026-08-27 23:18:02+00:00,EURUSD0827231802,EURUSD,WAIT,53.0,5,ML (AB),Dual-Brain AB (ด่าน 1): LightGBM สั่ง WAIT ปัดตกทันทีค่ะ
2026-08-27 23:19:02+00:00,EURUSD0827231902,EURUSD,WAIT,53.0,5,ML (B),LightGBM: สภาวะตลาดยังไม่ชัดเจน (ความมั่นใจ 53% < 80%) ค่ะ
2026-08-27 23:19:02+00:00,EURUSD0827231902,EURUSD,WAIT,53.0,5,ML (AB),Dual-Brain AB (ด่าน 1): LightGBM สั่ง WAIT ปัดตกทันทีค่ะ
2026-08-27 23:19:02+00:00,EURUSD0827231902,EURUSD,WAIT,53.0,5,ML (AB),Dual-Brain AB (ด่าน 1): LightGBM สั่ง WAIT ปัดตกทันทีค่ะ
2026-08-27 23:19:02+00:00,EURUSD0827231902,EURUSD,WAIT,53.0,5,ML (AB),Dual-Brain AB (ด่าน 1): LightGBM สั่ง WAIT ปัดตกทันทีค่ะ
2026-08-27 23:19:02+00:00,EURUSD0827231902,EURUSD,WAIT,53.0,5,ML (B),LightGBM: สภาวะตลาดยังไม่ชัดเจน (ความมั่นใจ 53% < 80%) ค่ะ
2026-08-27 23:20:02+00:00,EURUSD0827232002,EURUSD,WAIT,53.0,5,ML (B),LightGBM: สภาวะตลาดยังไม่ชัดเจน (ความมั่นใจ 53% < 80%) ค่ะ
2026-08-27 23:20:02+00:00,EURUSD0827232002,EURUSD,WAIT,53.0,5,ML (AB),Dual-Brain AB (ด่าน 1): LightGBM สั่ง WAIT ปัดตกทันทีค่ะ
2026-08-27 23:21:02+00:00,EURUSD0827232102,EURUSD,WAIT,59.0,5,ML (AB),Dual-Brain AB (ด่าน 1): LightGBM สั่ง WAIT ปัดตกทันทีค่ะ
2026-08-27 23:21:02+00:00,EURUSD0827232102,EURUSD,WAIT,59.0,5,ML (AB),Dual-Brain AB (ด่าน 1): LightGBM สั่ง WAIT ปัดตกทันทีค่ะ
2026-08-27 23:21:02+00:00,EURUSD0827232102,EURUSD,WAIT,59.0,5,ML (B),LightGBM: สภาวะตลาดยังไม่ชัดเจน (ความมั่นใจ 59% < 80%) ค่ะ
2026-08-27 23:22:02+00:00,EURUSD0827232202,EURUSD,WAIT,59.0,5,ML (AB),Dual-Brain AB (ด่าน 1): LightGBM สั่ง WAIT ปัดตกทันทีค่ะ
2026-08-27 23:22:02+00:00,EURUSD0827232202,EURUSD,WAIT,59.0,5,ML (AB),Dual-Brain AB (ด่าน 1): LightGBM สั่ง WAIT ปัดตกทันทีค่ะ
2026-08-27 23:22:02+00:00,EURUSD0827232202,EURUSD,WAIT,59.0,5,ML (AB),Dual-Brain AB (ด่าน 1): LightGBM สั่ง WAIT ปัดตกทันทีค่ะ
2026-08-27 23:22:02+00:00,EURUSD0827232202,EURUSD,WAIT,59.0,5,ML (B),LightGBM: สภาวะตลาดยังไม่ชัดเจน (ความมั่นใจ 59% < 80%) ค่ะ
2026-08-27 23:22:02+00:00,EURUSD0827232202,EURUSD,WAIT,59.0,5,ML (B),LightGBM: สภาวะตลาดยังไม่ชัดเจน (ความมั่นใจ 59% < 80%) ค่ะ
2026-08-27 23:23:02+00:00,EURUSD0827232302,EURUSD,WAIT,59.0,5,ML (B),LightGBM: สภาวะตลาดยังไม่ชัดเจน (ความมั่นใจ 59% < 80%) ค่ะ
2026-08-27 23:23:02+00:00,EURUSD0827232302,EURUSD,WAIT,59.0,5,ML (AB),Dual-Brain AB (ด่าน 1): LightGBM สั่ง WAIT ปัดตกทันทีค่ะ
2026-08-27 23:23:02+00:00,EURUSD0827232302,EURUSD,WAIT,59.0,5,ML (AB),Dual-Brain AB (ด่าน 1): LightGBM สั่ง WAIT ปัดตกทันทีค่ะ
2026-08-27 23:23:02+00:00,EURUSD0827232302,EURUSD,WAIT,59.0,5,ML (AB),Dual-Brain AB (ด่าน 1): LightGBM สั่ง WAIT ปัดตกทันทีค่ะ
2026-08-27 23:23:02+00:00,EURUSD0827232302,EURUSD,WAIT,59.0,5,ML (B),LightGBM: สภาวะตลาดยังไม่ชัดเจน (ความมั่นใจ 59% < 80%) ค่ะ
2026-08-27 23:24:02+00:00,EURUSD0827232402,EURUSD,WAIT,59.0,5,ML (B),LightGBM: สภาวะตลาดยังไม่ชัดเจน (ความมั่นใจ 59% < 80%) ค่ะ
2026-08-27 23:24:02+00:00,EURUSD0827232402,EURUSD,WAIT,59.0,5,ML (B),LightGBM: สภาวะตลาดยังไม่ชัดเจน (ความมั่นใจ 59% < 80%) ค่ะ
2026-08-27 23:26:02+00:00,EURUSD0827232602,EURUSD,WAIT,60.0,5,ML (B),LightGBM: สภาวะตลาดยังไม่ชัดเจน (ความมั่นใจ 60% < 80%) ค่ะ
2026-08-27 23:26:02+00:00,EURUSD0827232602,EURUSD,WAIT,60.0,5,ML (B),LightGBM: สภาวะตลาดยังไม่ชัดเจน (ความมั่นใจ 60% < 80%) ค่ะ
2026-08-27 23:26:02+00:00,EURUSD0827232602,EURUSD,WAIT,60.0,5,ML (AB),Dual-Brain AB (ด่าน 2): LightGBM ให้ CALL แต่ Chronos ปฏิเสธ (WAIT) ➡️ ปัดตกเป็น WAIT ค่ะ
2026-08-27 23:26:04+00:00,EURUSD0827232604,EURUSD,WAIT,60.0,5,ML (AB),Dual-Brain AB (ด่าน 2): LightGBM ให้ CALL แต่ Chronos ปฏิเสธ (WAIT) ➡️ ปัดตกเป็น WAIT ค่ะ
2026-08-27 23:27:02+00:00,EURUSD0827232702,EURUSD,WAIT,60.0,5,ML (AB),Dual-Brain AB (ด่าน 2): LightGBM ให้ CALL แต่ Chronos ปฏิเสธ (WAIT) ➡️ ปัดตกเป็น WAIT ค่ะ
2026-08-27 23:27:02+00:00,EURUSD0827232702,EURUSD,WAIT,60.0,5,ML (B),LightGBM: สภาวะตลาดยังไม่ชัดเจน (ความมั่นใจ 60% < 80%) ค่ะ
2026-08-27 23:28:02+00:00,EURUSD0827232802,EURUSD,WAIT,60.0,5,ML (B),LightGBM: สภาวะตลาดยังไม่ชัดเจน (ความมั่นใจ 60% < 80%) ค่ะ
2026-08-27 23:28:02+00:00,EURUSD0827232802,EURUSD,WAIT,60.0,5,ML (AB),Dual-Brain AB (ด่าน 2): LightGBM ให้ CALL แต่ Chronos ปฏิเสธ (WAIT) ➡️ ปัดตกเป็น WAIT ค่ะ
2026-08-27 23:28:02+00:00,EURUSD0827232802,EURUSD,WAIT,60.0,5,ML (AB),Dual-Brain AB (ด่าน 2): LightGBM ให้ CALL แต่ Chronos ปฏิเสธ (WAIT) ➡️ ปัดตกเป็น WAIT ค่ะ
2026-08-27 23:28:02+00:00,EURUSD0827232802,EURUSD,WAIT,60.0,5,ML (AB),Dual-Brain AB (ด่าน 2): LightGBM ให้ CALL แต่ Chronos ปฏิเสธ (WAIT) ➡️ ปัดตกเป็น WAIT ค่ะ
2026-08-27 23:28:02+00:00,EURUSD0827232802,EURUSD,WAIT,60.0,5,ML (B),LightGBM: สภาวะตลาดยังไม่ชัดเจน (ความมั่นใจ 60% < 80%) ค่ะ
2026-08-27 23:29:02+00:00,EURUSD0827232902,EURUSD,WAIT,60.0,5,ML (B),LightGBM: สภาวะตลาดยังไม่ชัดเจน (ความมั่นใจ 60% < 80%) ค่ะ
2026-08-27 23:29:02+00:00,EURUSD0827232902,EURUSD,WAIT,60.0,5,ML (AB),Dual-Brain AB (ด่าน 2): LightGBM ให้ CALL แต่ Chronos ปฏิเสธ (WAIT) ➡️ ปัดตกเป็น WAIT ค่ะ
2026-08-27 23:29:03+00:00,EURUSD0827232903,EURUSD,WAIT,60.0,5,ML (B),LightGBM: สภาวะตลาดยังไม่ชัดเจน (ความมั่นใจ 60% < 80%) ค่ะ
2026-08-27 23:30:02+00:00,EURUSD0827233002,EURUSD,WAIT,60.0,5,ML (B),LightGBM: สภาวะตลาดยังไม่ชัดเจน (ความมั่นใจ 60% < 80%) ค่ะ
2026-08-27 23:30:02+00:00,EURUSD0827233002,EURUSD,WAIT,60.0,5,ML (AB),Dual-Brain AB (ด่าน 2): LightGBM ให้ CALL แต่ Chronos ปฏิเสธ (WAIT) ➡️ ปัดตกเป็น WAIT ค่ะ
2026-08-27 23:30:02+00:00,EURUSD0827233002,EURUSD,WAIT,60.0,5,ML (AB),Dual-Brain AB (ด่าน 2): LightGBM ให้ CALL แต่ Chronos ปฏิเสธ (WAIT) ➡️ ปัดตกเป็น WAIT ค่ะ
2026-08-27 23:30:02+00:00,EURUSD0827233002,EURUSD,WAIT,60.0,5,ML (B),LightGBM: สภาวะตลาดยังไม่ชัดเจน (ความมั่นใจ 60% < 80%) ค่ะ
2026-08-27 23:31:02+00:00,EURUSD0827233102,EURUSD,WAIT,60.0,5,ML (B),LightGBM: สภาวะตลาดยังไม่ชัดเจน (ความมั่นใจ 60% < 80%) ค่ะ
2026-08-27 23:31:02+00:00,EURUSD0827233102,EURUSD,WAIT,60.0,5,ML (AB),Dual-Brain AB (ด่าน 2): LightGBM ให้ CALL แต่ Chronos ปฏิเสธ (WAIT) ➡️ ปัดตกเป็น WAIT ค่ะ
2026-08-27 23:31:02+00:00,EURUSD0827233102,EURUSD,WAIT,60.0,5,ML (AB),Dual-Brain AB (ด่าน 2): LightGBM ให้ CALL แต่ Chronos ปฏิเสธ (WAIT) ➡️ ปัดตกเป็น WAIT ค่ะ
2026-08-27 23:31:02+00:00,EURUSD0827233102,EURUSD,WAIT,60.0,5,ML (AB),Dual-Brain AB (ด่าน 2): LightGBM ให้ CALL แต่ Chronos ปฏิเสธ (WAIT) ➡️ ปัดตกเป็น WAIT ค่ะ
2026-08-27 23:32:02+00:00,EURUSD0827233202,EURUSD,WAIT,60.0,5,ML (AB),Dual-Brain AB (ด่าน 2): LightGBM ให้ CALL แต่ Chronos ปฏิเสธ (WAIT) ➡️ ปัดตกเป็น WAIT ค่ะ
2026-08-27 23:32:02+00:00,EURUSD0827233202,EURUSD,WAIT,60.0,5,ML (B),LightGBM: สภาวะตลาดยังไม่ชัดเจน (ความมั่นใจ 60% < 80%) ค่ะ
2026-08-27 23:32:03+00:00,EURUSD0827233203,EURUSD,WAIT,60.0,5,ML (B),LightGBM: สภาวะตลาดยังไม่ชัดเจน (ความมั่นใจ 60% < 80%) ค่ะ
2026-08-27 23:33:02+00:00,EURUSD0827233302,EURUSD,WAIT,60.0,5,ML (AB),Dual-Brain AB (ด่าน 2): LightGBM ให้ CALL แต่ Chronos ปฏิเสธ (WAIT) ➡️ ปัดตกเป็น WAIT ค่ะ
2026-08-27 23:33:03+00:00,EURUSD0827233303,EURUSD,WAIT,60.0,5,ML (AB),Dual-Brain AB (ด่าน 2): LightGBM ให้ CALL แต่ Chronos ปฏิเสธ (WAIT) ➡️ ปัดตกเป็น WAIT ค่ะ
2026-08-27 23:34:02+00:00,EURUSD0827233402,EURUSD,WAIT,60.0,5,ML (B),LightGBM: สภาวะตลาดยังไม่ชัดเจน (ความมั่นใจ 60% < 80%) ค่ะ
2026-08-27 23:34:02+00:00,EURUSD0827233402,EURUSD,WAIT,60.0,5,ML (B),LightGBM: สภาวะตลาดยังไม่ชัดเจน (ความมั่นใจ 60% < 80%) ค่ะ
2026-08-27 23:34:02+00:00,EURUSD0827233402,EURUSD,WAIT,60.0,5,ML (AB),Dual-Brain AB (ด่าน 2): LightGBM ให้ CALL แต่ Chronos ปฏิเสธ (WAIT) ➡️ ปัดตกเป็น WAIT ค่ะ
2026-08-27 23:35:02+00:00,EURUSD0827233502,EURUSD,WAIT,60.0,5,ML (B),LightGBM: สภาวะตลาดยังไม่ชัดเจน (ความมั่นใจ 60% < 80%) ค่ะ
2026-08-27 23:35:02+00:00,EURUSD0827233502,EURUSD,WAIT,60.0,5,ML (AB),Dual-Brain AB (ด่าน 2): LightGBM ให้ CALL แต่ Chronos ปฏิเสธ (WAIT) ➡️ ปัดตกเป็น WAIT ค่ะ
2026-08-27 23:35:02+00:00,EURUSD0827233502,EURUSD,WAIT,60.0,5,ML (AB),Dual-Brain AB (ด่าน 2): LightGBM ให้ CALL แต่ Chronos ปฏิเสธ (WAIT) ➡️ ปัดตกเป็น WAIT ค่ะ
2026-08-27 23:35:02+00:00,EURUSD0827233502,EURUSD,WAIT,60.0,5,ML (B),LightGBM: สภาวะตลาดยังไม่ชัดเจน (ความมั่นใจ 60% < 80%) ค่ะ
2026-08-27 23:35:02+00:00,EURUSD0827233502,EURUSD,WAIT,60.0,5,ML (AB),Dual-Brain AB (ด่าน 2): LightGBM ให้ CALL แต่ Chronos ปฏิเสธ (WAIT) ➡️ ปัดตกเป็น WAIT ค่ะ
2026-08-27 23:36:03+00:00,EURUSD0827233603,EURUSD,WAIT,61.0,5,ML (B),LightGBM: สภาวะตลาดยังไม่ชัดเจน (ความมั่นใจ 61% < 80%) ค่ะ
2026-08-27 23:37:02+00:00,EURUSD0827233702,EURUSD,WAIT,61.0,5,ML (B),LightGBM: สภาวะตลาดยังไม่ชัดเจน (ความมั่นใจ 61% < 80%) ค่ะ
2026-08-27 23:37:02+00:00,EURUSD0827233702,EURUSD,WAIT,61.0,5,ML (B),LightGBM: สภาวะตลาดยังไม่ชัดเจน (ความมั่นใจ 61% < 80%) ค่ะ
2026-08-27 23:37:02+00:00,EURUSD0827233702,EURUSD,WAIT,61.0,5,ML (AB),Dual-Brain AB (ด่าน 2): LightGBM ให้ CALL แต่ Chronos ปฏิเสธ (WAIT) ➡️ ปัดตกเป็น WAIT ค่ะ
2026-08-27 23:37:02+00:00,EURUSD0827233702,EURUSD,WAIT,61.0,5,ML (AB),Dual-Brain AB (ด่าน 2): LightGBM ให้ CALL แต่ Chronos ปฏิเสธ (WAIT) ➡️ ปัดตกเป็น WAIT ค่ะ
2026-08-27 23:37:02+00:00,EURUSD0827233702,EURUSD,WAIT,61.0,5,ML (AB),Dual-Brain AB (ด่าน 2): LightGBM ให้ CALL แต่ Chronos ปฏิเสธ (WAIT) ➡️ ปัดตกเป็น WAIT ค่ะ
2026-08-27 23:38:02+00:00,EURUSD0827233802,EURUSD,WAIT,61.0,5,ML (AB),Dual-Brain AB (ด่าน 2): LightGBM ให้ CALL แต่ Chronos ปฏิเสธ (WAIT) ➡️ ปัดตกเป็น WAIT ค่ะ
2026-08-27 23:38:02+00:00,EURUSD0827233802,EURUSD,WAIT,61.0,5,ML (AB),Dual-Brain AB (ด่าน 2): LightGBM ให้ CALL แต่ Chronos ปฏิเสธ (WAIT) ➡️ ปัดตกเป็น WAIT ค่ะ
2026-08-27 23:39:02+00:00,EURUSD0827233902,EURUSD,WAIT,61.0,5,ML (B),LightGBM: สภาวะตลาดยังไม่ชัดเจน (ความมั่นใจ 61% < 80%) ค่ะ
2026-08-27 23:39:02+00:00,EURUSD0827233902,EURUSD,WAIT,61.0,5,ML (AB),Dual-Brain AB (ด่าน 2): LightGBM ให้ CALL แต่ Chronos ปฏิเสธ (WAIT) ➡️ ปัดตกเป็น WAIT ค่ะ
2026-08-27 23:39:02+00:00,EURUSD0827233902,EURUSD,WAIT,61.0,5,ML (AB),Dual-Brain AB (ด่าน 2): LightGBM ให้ CALL แต่ Chronos ปฏิเสธ (WAIT) ➡️ ปัดตกเป็น WAIT ค่ะ
2026-08-27 23:39:02+00:00,EURUSD0827233902,EURUSD,WAIT,61.0,5,ML (B),LightGBM: สภาวะตลาดยังไม่ชัดเจน (ความมั่นใจ 61% < 80%) ค่ะ
2026-08-27 23:39:03+00:00,EURUSD0827233903,EURUSD,WAIT,61.0,5,ML (AB),Dual-Brain AB (ด่าน 2): LightGBM ให้ CALL แต่ Chronos ปฏิเสธ (WAIT) ➡️ ปัดตกเป็น WAIT ค่ะ
2026-08-27 23:40:02+00:00,EURUSD0827234002,EURUSD,WAIT,61.0,5,ML (B),LightGBM: สภาวะตลาดยังไม่ชัดเจน (ความมั่นใจ 61% < 80%) ค่ะ
2026-08-27 23:40:02+00:00,EURUSD0827234002,EURUSD,WAIT,61.0,5,ML (AB),Dual-Brain AB (ด่าน 2): LightGBM ให้ CALL แต่ Chronos ปฏิเสธ (WAIT) ➡️ ปัดตกเป็น WAIT ค่ะ
2026-08-27 23:40:02+00:00,EURUSD0827234002,EURUSD,WAIT,61.0,5,ML (AB),Dual-Brain AB (ด่าน 2): LightGBM ให้ CALL แต่ Chronos ปฏิเสธ (WAIT) ➡️ ปัดตกเป็น WAIT ค่ะ
2026-08-27 23:41:02+00:00,EURUSD0827234102,EURUSD,WAIT,51.0,5,ML (B),LightGBM: สภาวะตลาดยังไม่ชัดเจน (ความมั่นใจ 51% < 80%) ค่ะ
2026-08-27 23:41:02+00:00,EURUSD0827234102,EURUSD,WAIT,51.0,5,ML (AB),Dual-Brain AB (ด่าน 1): LightGBM สั่ง WAIT ปัดตกทันทีค่ะ
2026-08-27 23:41:02+00:00,EURUSD0827234102,EURUSD,WAIT,51.0,5,ML (AB),Dual-Brain AB (ด่าน 1): LightGBM สั่ง WAIT ปัดตกทันทีค่ะ
2026-08-27 23:41:02+00:00,EURUSD0827234102,EURUSD,WAIT,51.0,5,ML (B),LightGBM: สภาวะตลาดยังไม่ชัดเจน (ความมั่นใจ 51% < 80%) ค่ะ
2026-08-27 23:42:02+00:00,EURUSD0827234202,EURUSD,WAIT,51.0,5,ML (B),LightGBM: สภาวะตลาดยังไม่ชัดเจน (ความมั่นใจ 51% < 80%) ค่ะ
2026-08-27 23:42:02+00:00,EURUSD0827234202,EURUSD,WAIT,51.0,5,ML (AB),Dual-Brain AB (ด่าน 1): LightGBM สั่ง WAIT ปัดตกทันทีค่ะ
2026-08-27 23:42:02+00:00,EURUSD0827234202,EURUSD,WAIT,51.0,5,ML (AB),Dual-Brain AB (ด่าน 1): LightGBM สั่ง WAIT ปัดตกทันทีค่ะ
2026-08-27 23:43:02+00:00,EURUSD0827234302,EURUSD,WAIT,51.0,5,ML (B),LightGBM: สภาวะตลาดยังไม่ชัดเจน (ความมั่นใจ 51% < 80%) ค่ะ
2026-08-27 23:43:02+00:00,EURUSD0827234302,EURUSD,WAIT,51.0,5,ML (AB),Dual-Brain AB (ด่าน 1): LightGBM สั่ง WAIT ปัดตกทันทีค่ะ
2026-08-27 23:43:02+00:00,EURUSD0827234302,EURUSD,WAIT,51.0,5,ML (B),LightGBM: สภาวะตลาดยังไม่ชัดเจน (ความมั่นใจ 51% < 80%) ค่ะ
2026-08-27 23:43:02+00:00,EURUSD0827234302,EURUSD,WAIT,51.0,5,ML (AB),Dual-Brain AB (ด่าน 1): LightGBM สั่ง WAIT ปัดตกทันทีค่ะ
2026-08-27 23:44:02+00:00,EURUSD0827234402,EURUSD,WAIT,51.0,5,ML (B),LightGBM: สภาวะตลาดยังไม่ชัดเจน (ความมั่นใจ 51% < 80%) ค่ะ
2026-08-27 23:44:02+00:00,EURUSD0827234402,EURUSD,WAIT,51.0,5,ML (AB),Dual-Brain AB (ด่าน 1): LightGBM สั่ง WAIT ปัดตกทันทีค่ะ
2026-08-27 23:45:02+00:00,EURUSD0827234502,EURUSD,WAIT,51.0,5,ML (B),LightGBM: สภาวะตลาดยังไม่ชัดเจน (ความมั่นใจ 51% < 80%) ค่ะ
2026-08-27 23:45:02+00:00,EURUSD0827234502,EURUSD,WAIT,51.0,5,ML (B),LightGBM: สภาวะตลาดยังไม่ชัดเจน (ความมั่นใจ 51% < 80%) ค่ะ
2026-08-27 23:45:02+00:00,EURUSD0827234502,EURUSD,WAIT,51.0,5,ML (AB),Dual-Brain AB (ด่าน 1): LightGBM สั่ง WAIT ปัดตกทันทีค่ะ
2026-08-27 23:46:02+00:00,EURUSD0827234602,EURUSD,WAIT,61.0,5,ML (AB),Dual-Brain AB (ด่าน 2): LightGBM ให้ CALL แต่ Chronos ปฏิเสธ (WAIT) ➡️ ปัดตกเป็น WAIT ค่ะ
2026-08-27 23:46:02+00:00,EURUSD0827234602,EURUSD,WAIT,61.0,5,ML (B),LightGBM: สภาวะตลาดยังไม่ชัดเจน (ความมั่นใจ 61% < 80%) ค่ะ
2026-08-27 23:46:02+00:00,EURUSD0827234602,EURUSD,WAIT,61.0,5,ML (B),LightGBM: สภาวะตลาดยังไม่ชัดเจน (ความมั่นใจ 61% < 80%) ค่ะ
2026-08-27 23:46:04+00:00,EURUSD0827234604,EURUSD,WAIT,61.0,5,ML (AB),Dual-Brain AB (ด่าน 2): LightGBM ให้ CALL แต่ Chronos ปฏิเสธ (WAIT) ➡️ ปัดตกเป็น WAIT ค่ะ
2026-08-27 23:46:04+00:00,EURUSD0827234604,EURUSD,WAIT,61.0,5,ML (AB),Dual-Brain AB (ด่าน 2): LightGBM ให้ CALL แต่ Chronos ปฏิเสธ (WAIT) ➡️ ปัดตกเป็น WAIT ค่ะ
2026-08-27 23:47:02+00:00,EURUSD0827234702,EURUSD,WAIT,61.0,5,ML (AB),Dual-Brain AB (ด่าน 2): LightGBM ให้ CALL แต่ Chronos ปฏิเสธ (WAIT) ➡️ ปัดตกเป็น WAIT ค่ะ
2026-08-27 23:47:02+00:00,EURUSD0827234702,EURUSD,WAIT,61.0,5,ML (B),LightGBM: สภาวะตลาดยังไม่ชัดเจน (ความมั่นใจ 61% < 80%) ค่ะ
2026-08-27 23:47:02+00:00,EURUSD0827234702,EURUSD,WAIT,61.0,5,ML (B),LightGBM: สภาวะตลาดยังไม่ชัดเจน (ความมั่นใจ 61% < 80%) ค่ะ
2026-08-27 23:48:02+00:00,EURUSD0827234802,EURUSD,WAIT,61.0,5,ML (B),LightGBM: สภาวะตลาดยังไม่ชัดเจน (ความมั่นใจ 61% < 80%) ค่ะ
2026-08-27 23:48:02+00:00,EURUSD0827234802,EURUSD,WAIT,61.0,5,ML (AB),Dual-Brain AB (ด่าน 2): LightGBM ให้ CALL แต่ Chronos ปฏิเสธ (WAIT) ➡️ ปัดตกเป็น WAIT ค่ะ
2026-08-27 23:49:02+00:00,EURUSD0827234902,EURUSD,WAIT,61.0,5,ML (B),LightGBM: สภาวะตลาดยังไม่ชัดเจน (ความมั่นใจ 61% < 80%) ค่ะ
2026-08-27 23:50:02+00:00,EURUSD0827235002,EURUSD,WAIT,61.0,5,ML (B),LightGBM: สภาวะตลาดยังไม่ชัดเจน (ความมั่นใจ 61% < 80%) ค่ะ
2026-08-27 23:50:02+00:00,EURUSD0827235002,EURUSD,WAIT,61.0,5,ML (B),LightGBM: สภาวะตลาดยังไม่ชัดเจน (ความมั่นใจ 61% < 80%) ค่ะ
2026-08-27 23:50:02+00:00,EURUSD0827235002,EURUSD,WAIT,61.0,5,ML (AB),Dual-Brain AB (ด่าน 2): LightGBM ให้ CALL แต่ Chronos ปฏิเสธ (WAIT) ➡️ ปัดตกเป็น WAIT ค่ะ
2026-08-27 23:50:02+00:00,EURUSD0827235002,EURUSD,WAIT,61.0,5,ML (AB),Dual-Brain AB (ด่าน 2): LightGBM ให้ CALL แต่ Chronos ปฏิเสธ (WAIT) ➡️ ปัดตกเป็น WAIT ค่ะ
2026-08-27 23:51:02+00:00,EURUSD0827235102,EURUSD,WAIT,52.0,5,ML (B),LightGBM: สภาวะตลาดยังไม่ชัดเจน (ความมั่นใจ 52% < 80%) ค่ะ
2026-08-27 23:51:02+00:00,EURUSD0827235102,EURUSD,WAIT,52.0,5,ML (AB),Dual-Brain AB (ด่าน 1): LightGBM สั่ง WAIT ปัดตกทันทีค่ะ
2026-08-27 23:51:04+00:00,EURUSD0827235104,EURUSD,WAIT,52.0,5,ML (B),LightGBM: สภาวะตลาดยังไม่ชัดเจน (ความมั่นใจ 52% < 80%) ค่ะ
2026-08-27 23:52:02+00:00,EURUSD0827235202,EURUSD,WAIT,52.0,5,ML (B),LightGBM: สภาวะตลาดยังไม่ชัดเจน (ความมั่นใจ 52% < 80%) ค่ะ
2026-08-27 23:52:02+00:00,EURUSD0827235202,EURUSD,WAIT,52.0,5,ML (B),LightGBM: สภาวะตลาดยังไม่ชัดเจน (ความมั่นใจ 52% < 80%) ค่ะ
2026-08-27 23:52:02+00:00,EURUSD0827235202,EURUSD,WAIT,52.0,5,ML (AB),Dual-Brain AB (ด่าน 1): LightGBM สั่ง WAIT ปัดตกทันทีค่ะ
2026-08-27 23:52:02+00:00,EURUSD0827235202,EURUSD,WAIT,52.0,5,ML (AB),Dual-Brain AB (ด่าน 1): LightGBM สั่ง WAIT ปัดตกทันทีค่ะ
2026-08-27 23:53:02+00:00,EURUSD0827235302,EURUSD,WAIT,52.0,5,ML (B),LightGBM: สภาวะตลาดยังไม่ชัดเจน (ความมั่นใจ 52% < 80%) ค่ะ
2026-08-27 23:54:02+00:00,EURUSD0827235402,EURUSD,WAIT,52.0,5,ML (AB),Dual-Brain AB (ด่าน 1): LightGBM สั่ง WAIT ปัดตกทันทีค่ะ
2026-08-27 23:54:02+00:00,EURUSD0827235402,EURUSD,WAIT,52.0,5,ML (AB),Dual-Brain AB (ด่าน 1): LightGBM สั่ง WAIT ปัดตกทันทีค่ะ
2026-08-27 23:54:02+00:00,EURUSD0827235402,EURUSD,WAIT,52.0,5,ML (B),LightGBM: สภาวะตลาดยังไม่ชัดเจน (ความมั่นใจ 52% < 80%) ค่ะ
2026-08-27 23:54:02+00:00,EURUSD0827235402,EURUSD,WAIT,52.0,5,ML (AB),Dual-Brain AB (ด่าน 1): LightGBM สั่ง WAIT ปัดตกทันทีค่ะ
2026-08-27 23:54:02+00:00,EURUSD0827235402,EURUSD,WAIT,52.0,5,ML (B),LightGBM: สภาวะตลาดยังไม่ชัดเจน (ความมั่นใจ 52% < 80%) ค่ะ
2026-08-27 23:55:02+00:00,EURUSD0827235502,EURUSD,WAIT,52.0,5,ML (AB),Dual-Brain AB (ด่าน 1): LightGBM สั่ง WAIT ปัดตกทันทีค่ะ
2026-08-27 23:55:02+00:00,EURUSD0827235502,EURUSD,WAIT,52.0,5,ML (AB),Dual-Brain AB (ด่าน 1): LightGBM สั่ง WAIT ปัดตกทันทีค่ะ
2026-08-27 23:56:02+00:00,EURUSD0827235602,EURUSD,WAIT,51.0,5,ML (B),LightGBM: สภาวะตลาดยังไม่ชัดเจน (ความมั่นใจ 51% < 80%) ค่ะ
2026-08-27 23:56:02+00:00,EURUSD0827235602,EURUSD,WAIT,51.0,5,ML (B),LightGBM: สภาวะตลาดยังไม่ชัดเจน (ความมั่นใจ 51% < 80%) ค่ะ
2026-08-27 23:56:02+00:00,EURUSD0827235602,EURUSD,WAIT,51.0,5,ML (AB),Dual-Brain AB (ด่าน 1): LightGBM สั่ง WAIT ปัดตกทันทีค่ะ
2026-08-27 23:56:02+00:00,EURUSD0827235602,EURUSD,WAIT,51.0,5,ML (AB),Dual-Brain AB (ด่าน 1): LightGBM สั่ง WAIT ปัดตกทันทีค่ะ
2026-08-27 23:57:02+00:00,EURUSD0827235702,EURUSD,WAIT,51.0,5,ML (AB),Dual-Brain AB (ด่าน 1): LightGBM สั่ง WAIT ปัดตกทันทีค่ะ
2026-08-27 23:57:02+00:00,EURUSD0827235702,EURUSD,WAIT,51.0,5,ML (AB),Dual-Brain AB (ด่าน 1): LightGBM สั่ง WAIT ปัดตกทันทีค่ะ
2026-08-27 23:58:02+00:00,EURUSD0827235802,EURUSD,WAIT,51.0,5,ML (AB),Dual-Brain AB (ด่าน 1): LightGBM สั่ง WAIT ปัดตกทันทีค่ะ
2026-08-27 23:58:02+00:00,EURUSD0827235802,EURUSD,WAIT,51.0,5,ML (B),LightGBM: สภาวะตลาดยังไม่ชัดเจน (ความมั่นใจ 51% < 80%) ค่ะ
2026-08-27 23:58:02+00:00,EURUSD0827235802,EURUSD,WAIT,51.0,5,ML (AB),Dual-Brain AB (ด่าน 1): LightGBM สั่ง WAIT ปัดตกทันทีค่ะ
2026-08-27 23:59:02+00:00,EURUSD0827235902,EURUSD,WAIT,51.0,5,ML (AB),Dual-Brain AB (ด่าน 1): LightGBM สั่ง WAIT ปัดตกทันทีค่ะ
2026-08-28 00:00:02+00:00,EURUSD0828000002,EURUSD,WAIT,51.0,5,ML (B),LightGBM: สภาวะตลาดยังไม่ชัดเจน (ความมั่นใจ 51% < 80%) ค่ะ
2026-08-28 00:00:02+00:00,EURUSD0828000002,EURUSD,WAIT,51.0,5,ML (B),LightGBM: สภาวะตลาดยังไม่ชัดเจน (ความมั่นใจ 51% < 80%) ค่ะ
2026-08-28 00:00:02+00:00,EURUSD0828000002,EURUSD,WAIT,51.0,5,ML (AB),Dual-Brain AB (ด่าน 1): LightGBM สั่ง WAIT ปัดตกทันทีค่ะ
2026-08-28 00:00:02+00:00,EURUSD0828000002,EURUSD,WAIT,51.0,5,ML (AB),Dual-Brain AB (ด่าน 1): LightGBM สั่ง WAIT ปัดตกทันทีค่ะ
2026-08-28 00:01:02+00:00,EURUSD0828000102,EURUSD,WAIT,54.0,5,ML (B),LightGBM: สภาวะตลาดยังไม่ชัดเจน (ความมั่นใจ 54% < 80%) ค่ะ
2026-08-28 00:01:02+00:00,EURUSD0828000102,EURUSD,WAIT,54.0,5,ML (AB),Dual-Brain AB (ด่าน 1): LightGBM สั่ง WAIT ปัดตกทันทีค่ะ
2026-08-28 00:01:02+00:00,EURUSD0828000102,EURUSD,WAIT,54.0,5,ML (AB),Dual-Brain AB (ด่าน 1): LightGBM สั่ง WAIT ปัดตกทันทีค่ะ
2026-08-28 00:02:02+00:00,EURUSD0828000202,EURUSD,WAIT,54.0,5,ML (B),LightGBM: สภาวะตลาดยังไม่ชัดเจน (ความมั่นใจ 54% < 80%) ค่ะ
2026-08-28 00:02:02+00:00,EURUSD0828000202,EURUSD,WAIT,54.0,5,ML (AB),Dual-Brain AB (ด่าน 1): LightGBM สั่ง WAIT ปัดตกทันทีค่ะ
2026-08-28 00:02:02+00:00,EURUSD0828000202,EURUSD,WAIT,54.0,5,ML (B),LightGBM: สภาวะตลาดยังไม่ชัดเจน (ความมั่นใจ 54% < 80%) ค่ะ
2026-08-28 00:03:02+00:00,EURUSD0828000302,EURUSD,WAIT,54.0,5,ML (B),LightGBM: สภาวะตลาดยังไม่ชัดเจน (ความมั่นใจ 54% < 80%) ค่ะ
2026-08-28 00:03:02+00:00,EURUSD0828000302,EURUSD,WAIT,54.0,5,ML (B),LightGBM: สภาวะตลาดยังไม่ชัดเจน (ความมั่นใจ 54% < 80%) ค่ะ
2026-08-28 00:03:02+00:00,EURUSD0828000302,EURUSD,WAIT,54.0,5,ML (AB),Dual-Brain AB (ด่าน 1): LightGBM สั่ง WAIT ปัดตกทันทีค่ะ
2026-08-28 00:03:02+00:00,EURUSD0828000302,EURUSD,WAIT,54.0,5,ML (AB),Dual-Brain AB (ด่าน 1): LightGBM สั่ง WAIT ปัดตกทันทีค่ะ
2026-08-28 00:03:02+00:00,EURUSD0828000302,EURUSD,WAIT,54.0,5,ML (AB),Dual-Brain AB (ด่าน 1): LightGBM สั่ง WAIT ปัดตกทันทีค่ะ
2026-08-28 00:04:02+00:00,EURUSD0828000402,EURUSD,WAIT,54.0,5,ML (AB),Dual-Brain AB (ด่าน 1): LightGBM สั่ง WAIT ปัดตกทันทีค่ะ
2026-08-28 00:04:02+00:00,EURUSD0828000402,EURUSD,WAIT,54.0,5,ML (AB),Dual-Brain AB (ด่าน 1): LightGBM สั่ง WAIT ปัดตกทันทีค่ะ
2026-08-28 00:05:02+00:00,EURUSD0828000502,EURUSD,WAIT,54.0,5,ML (AB),Dual-Brain AB (ด่าน 1): LightGBM สั่ง WAIT ปัดตกทันทีค่ะ
2026-08-28 00:05:02+00:00,EURUSD0828000502,EURUSD,WAIT,54.0,5,ML (B),LightGBM: สภาวะตลาดยังไม่ชัดเจน (ความมั่นใจ 54% < 80%) ค่ะ
2026-08-28 00:05:04+00:00,EURUSD0828000504,EURUSD,WAIT,55.0,5,ML (AB),Dual-Brain AB (ด่าน 1): LightGBM สั่ง WAIT ปัดตกทันทีค่ะ
2026-08-28 00:06:02+00:00,EURUSD0828000602,EURUSD,WAIT,55.0,5,ML (AB),Dual-Brain AB (ด่าน 1): LightGBM สั่ง WAIT ปัดตกทันทีค่ะ
2026-08-28 00:06:02+00:00,EURUSD0828000602,EURUSD,WAIT,55.0,5,ML (B),LightGBM: สภาวะตลาดยังไม่ชัดเจน (ความมั่นใจ 55% < 80%) ค่ะ
2026-08-28 00:06:02+00:00,EURUSD0828000602,EURUSD,WAIT,55.0,5,ML (AB),Dual-Brain AB (ด่าน 1): LightGBM สั่ง WAIT ปัดตกทันทีค่ะ
2026-08-28 00:06:02+00:00,EURUSD0828000602,EURUSD,WAIT,55.0,5,ML (B),LightGBM: สภาวะตลาดยังไม่ชัดเจน (ความมั่นใจ 55% < 80%) ค่ะ
2026-08-28 00:07:02+00:00,EURUSD0828000702,EURUSD,WAIT,55.0,5,ML (B),LightGBM: สภาวะตลาดยังไม่ชัดเจน (ความมั่นใจ 55% < 80%) ค่ะ
2026-08-28 00:07:02+00:00,EURUSD0828000702,EURUSD,WAIT,55.0,5,ML (B),LightGBM: สภาวะตลาดยังไม่ชัดเจน (ความมั่นใจ 55% < 80%) ค่ะ
2026-08-28 00:07:02+00:00,EURUSD0828000702,EURUSD,WAIT,55.0,5,ML (AB),Dual-Brain AB (ด่าน 1): LightGBM สั่ง WAIT ปัดตกทันทีค่ะ
2026-08-28 00:08:02+00:00,EURUSD0828000802,EURUSD,WAIT,55.0,5,ML (AB),Dual-Brain AB (ด่าน 1): LightGBM สั่ง WAIT ปัดตกทันทีค่ะ
2026-08-28 00:09:02+00:00,EURUSD0828000902,EURUSD,WAIT,55.0,5,ML (AB),Dual-Brain AB (ด่าน 1): LightGBM สั่ง WAIT ปัดตกทันทีค่ะ
2026-08-28 00:09:02+00:00,EURUSD0828000902,EURUSD,WAIT,55.0,5,ML (AB),Dual-Brain AB (ด่าน 1): LightGBM สั่ง WAIT ปัดตกทันทีค่ะ
2026-08-28 00:10:02+00:00,EURUSD0828001002,EURUSD,WAIT,55.0,5,ML (AB),Dual-Brain AB (ด่าน 1): LightGBM สั่ง WAIT ปัดตกทันทีค่ะ
2026-08-28 00:11:02+00:00,EURUSD0828001102,EURUSD,WAIT,55.0,5,ML (AB),Dual-Brain AB (ด่าน 1): LightGBM สั่ง WAIT ปัดตกทันทีค่ะ
2026-08-28 00:11:02+00:00,EURUSD0828001102,EURUSD,WAIT,55.0,5,ML (AB),Dual-Brain AB (ด่าน 1): LightGBM สั่ง WAIT ปัดตกทันทีค่ะ
2026-08-28 00:11:02+00:00,EURUSD0828001102,EURUSD,WAIT,55.0,5,ML (B),LightGBM: สภาวะตลาดยังไม่ชัดเจน (ความมั่นใจ 55% < 80%) ค่ะ
2026-08-28 00:11:02+00:00,EURUSD0828001102,EURUSD,WAIT,55.0,5,ML (B),LightGBM: สภาวะตลาดยังไม่ชัดเจน (ความมั่นใจ 55% < 80%) ค่ะ
2026-08-28 00:11:02+00:00,EURUSD0828001102,EURUSD,WAIT,55.0,5,ML (AB),Dual-Brain AB (ด่าน 1): LightGBM สั่ง WAIT ปัดตกทันทีค่ะ
2026-08-28 00:12:02+00:00,EURUSD0828001202,EURUSD,WAIT,55.0,5,ML (B),LightGBM: สภาวะตลาดยังไม่ชัดเจน (ความมั่นใจ 55% < 80%) ค่ะ
2026-08-28 00:12:02+00:00,EURUSD0828001202,EURUSD,WAIT,55.0,5,ML (AB),Dual-Brain AB (ด่าน 1): LightGBM สั่ง WAIT ปัดตกทันทีค่ะ
2026-08-28 00:12:02+00:00,EURUSD0828001202,EURUSD,WAIT,55.0,5,ML (B),LightGBM: สภาวะตลาดยังไม่ชัดเจน (ความมั่นใจ 55% < 80%) ค่ะ
2026-08-28 00:12:02+00:00,EURUSD0828001202,EURUSD,WAIT,55.0,5,ML (AB),Dual-Brain AB (ด่าน 1): LightGBM สั่ง WAIT ปัดตกทันทีค่ะ
2026-08-28 00:12:02+00:00,EURUSD0828001202,EURUSD,WAIT,55.0,5,ML (AB),Dual-Brain AB (ด่าน 1): LightGBM สั่ง WAIT ปัดตกทันทีค่ะ
2026-08-28 00:13:02+00:00,EURUSD0828001302,EURUSD,WAIT,55.0,5,ML (B),LightGBM: สภาวะตลาดยังไม่ชัดเจน (ความมั่นใจ 55% < 80%) ค่ะ
2026-08-28 00:13:02+00:00,EURUSD0828001302,EURUSD,WAIT,55.0,5,ML (AB),Dual-Brain AB (ด่าน 1): LightGBM สั่ง WAIT ปัดตกทันทีค่ะ
2026-08-28 00:13:02+00:00,EURUSD0828001302,EURUSD,WAIT,55.0,5,ML (AB),Dual-Brain AB (ด่าน 1): LightGBM สั่ง WAIT ปัดตกทันทีค่ะ
2026-08-28 00:13:02+00:00,EURUSD0828001302,EURUSD,WAIT,55.0,5,ML (AB),Dual-Brain AB (ด่าน 1): LightGBM สั่ง WAIT ปัดตกทันทีค่ะ
2026-08-28 00:14:02+00:00,EURUSD0828001402,EURUSD,WAIT,55.0,5,ML (B),LightGBM: สภาวะตลาดยังไม่ชัดเจน (ความมั่นใจ 55% < 80%) ค่ะ
2026-08-28 00:14:02+00:00,EURUSD0828001402,EURUSD,WAIT,55.0,5,ML (AB),Dual-Brain AB (ด่าน 1): LightGBM สั่ง WAIT ปัดตกทันทีค่ะ
2026-08-28 00:14:02+00:00,EURUSD0828001402,EURUSD,WAIT,55.0,5,ML (AB),Dual-Brain AB (ด่าน 1): LightGBM สั่ง WAIT ปัดตกทันทีค่ะ
2026-08-28 00:14:02+00:00,EURUSD0828001402,EURUSD,WAIT,55.0,5,ML (AB),Dual-Brain AB (ด่าน 1): LightGBM สั่ง WAIT ปัดตกทันทีค่ะ
2026-08-28 00:15:02+00:00,EURUSD0828001502,EURUSD,WAIT,55.0,5,ML (AB),Dual-Brain AB (ด่าน 1): LightGBM สั่ง WAIT ปัดตกทันทีค่ะ
2026-08-28 00:15:02+00:00,EURUSD0828001502,EURUSD,WAIT,55.0,5,ML (AB),Dual-Brain AB (ด่าน 1): LightGBM สั่ง WAIT ปัดตกทันทีค่ะ
2026-08-28 00:15:02+00:00,EURUSD0828001502,EURUSD,WAIT,55.0,5,ML (AB),Dual-Brain AB (ด่าน 1): LightGBM สั่ง WAIT ปัดตกทันทีค่ะ
2026-08-28 00:15:02+00:00,EURUSD0828001502,EURUSD,WAIT,55.0,5,ML (B),LightGBM: สภาวะตลาดยังไม่ชัดเจน (ความมั่นใจ 55% < 80%) ค่ะ
2026-08-28 00:15:02+00:00,EURUSD0828001502,EURUSD,WAIT,55.0,5,ML (B),LightGBM: สภาวะตลาดยังไม่ชัดเจน (ความมั่นใจ 55% < 80%) ค่ะ
2026-08-28 00:16:02+00:00,EURUSD0828001602,EURUSD,WAIT,54.0,5,ML (B),LightGBM: สภาวะตลาดยังไม่ชัดเจน (ความมั่นใจ 54% < 80%) ค่ะ
2026-08-28 00:16:02+00:00,EURUSD0828001602,EURUSD,WAIT,54.0,5,ML (AB),Dual-Brain AB (ด่าน 1): LightGBM สั่ง WAIT ปัดตกทันทีค่ะ
2026-08-28 00:16:02+00:00,EURUSD0828001602,EURUSD,WAIT,54.0,5,ML (B),LightGBM: สภาวะตลาดยังไม่ชัดเจน (ความมั่นใจ 54% < 80%) ค่ะ
2026-08-28 00:16:02+00:00,EURUSD0828001602,EURUSD,WAIT,54.0,5,ML (AB),Dual-Brain AB (ด่าน 1): LightGBM สั่ง WAIT ปัดตกทันทีค่ะ
2026-08-28 00:16:04+00:00,EURUSD0828001604,EURUSD,WAIT,54.0,5,ML (AB),Dual-Brain AB (ด่าน 1): LightGBM สั่ง WAIT ปัดตกทันทีค่ะ
2026-08-28 00:17:02+00:00,EURUSD0828001702,EURUSD,WAIT,54.0,5,ML (AB),Dual-Brain AB (ด่าน 1): LightGBM สั่ง WAIT ปัดตกทันทีค่ะ
2026-08-28 00:17:02+00:00,EURUSD0828001702,EURUSD,WAIT,54.0,5,ML (B),LightGBM: สภาวะตลาดยังไม่ชัดเจน (ความมั่นใจ 54% < 80%) ค่ะ
2026-08-28 00:17:02+00:00,EURUSD0828001702,EURUSD,WAIT,54.0,5,ML (AB),Dual-Brain AB (ด่าน 1): LightGBM สั่ง WAIT ปัดตกทันทีค่ะ
2026-08-28 00:17:02+00:00,EURUSD0828001702,EURUSD,WAIT,54.0,5,ML (AB),Dual-Brain AB (ด่าน 1): LightGBM สั่ง WAIT ปัดตกทันทีค่ะ
2026-08-28 00:18:02+00:00,EURUSD0828001802,EURUSD,WAIT,54.0,5,ML (B),LightGBM: สภาวะตลาดยังไม่ชัดเจน (ความมั่นใจ 54% < 80%) ค่ะ
2026-08-28 00:18:02+00:00,EURUSD0828001802,EURUSD,WAIT,54.0,5,ML (AB),Dual-Brain AB (ด่าน 1): LightGBM สั่ง WAIT ปัดตกทันทีค่ะ
2026-08-28 00:19:02+00:00,EURUSD0828001902,EURUSD,WAIT,54.0,5,ML (AB),Dual-Brain AB (ด่าน 1): LightGBM สั่ง WAIT ปัดตกทันทีค่ะ
2026-08-28 00:20:02+00:00,EURUSD0828002002,EURUSD,WAIT,54.0,5,ML (AB),Dual-Brain AB (ด่าน 1): LightGBM สั่ง WAIT ปัดตกทันทีค่ะ
2026-08-28 00:20:02+00:00,EURUSD0828002002,EURUSD,WAIT,54.0,5,ML (B),LightGBM: สภาวะตลาดยังไม่ชัดเจน (ความมั่นใจ 54% < 80%) ค่ะ
2026-08-28 00:20:02+00:00,EURUSD0828002002,EURUSD,WAIT,54.0,5,ML (B),LightGBM: สภาวะตลาดยังไม่ชัดเจน (ความมั่นใจ 54% < 80%) ค่ะ
2026-08-28 00:20:04+00:00,EURUSD0828002004,EURUSD,WAIT,53.0,5,ML (AB),Dual-Brain AB (ด่าน 1): LightGBM สั่ง WAIT ปัดตกทันทีค่ะ
2026-08-28 00:21:02+00:00,EURUSD0828002102,EURUSD,WAIT,53.0,5,ML (B),LightGBM: สภาวะตลาดยังไม่ชัดเจน (ความมั่นใจ 53% < 80%) ค่ะ
2026-08-28 00:21:02+00:00,EURUSD0828002102,EURUSD,WAIT,53.0,5,ML (B),LightGBM: สภาวะตลาดยังไม่ชัดเจน (ความมั่นใจ 53% < 80%) ค่ะ
2026-08-28 00:21:02+00:00,EURUSD0828002102,EURUSD,WAIT,53.0,5,ML (AB),Dual-Brain AB (ด่าน 1): LightGBM สั่ง WAIT ปัดตกทันทีค่ะ
2026-08-28 00:22:02+00:00,EURUSD0828002202,EURUSD,WAIT,53.0,5,ML (B),LightGBM: สภาวะตลาดยังไม่ชัดเจน (ความมั่นใจ 53% < 80%) ค่ะ
2026-08-28 00:22:02+00:00,EURUSD0828002202,EURUSD,WAIT,53.0,5,ML (AB),Dual-Brain AB (ด่าน 1): LightGBM สั่ง WAIT ปัดตกทันทีค่ะ
2026-08-28 00:22:02+00:00,EURUSD0828002202,EURUSD,WAIT,53.0,5,ML (AB),Dual-Brain AB (ด่าน 1): LightGBM สั่ง WAIT ปัดตกทันทีค่ะ
2026-08-28 00:23:02+00:00,EURUSD0828002302,EURUSD,WAIT,53.0,5,ML (AB),Dual-Brain AB (ด่าน 1): LightGBM สั่ง WAIT ปัดตกทันทีค่ะ
2026-08-28 00:24:02+00:00,EURUSD0828002402,EURUSD,WAIT,53.0,5,ML (B),LightGBM: สภาวะตลาดยังไม่ชัดเจน (ความมั่นใจ 53% < 80%) ค่ะ
2026-08-28 00:24:02+00:00,EURUSD0828002402,EURUSD,WAIT,53.0,5,ML (B),LightGBM: สภาวะตลาดยังไม่ชัดเจน (ความมั่นใจ 53% < 80%) ค่ะ
2026-08-28 00:24:02+00:00,EURUSD0828002402,EURUSD,WAIT,53.0,5,ML (AB),Dual-Brain AB (ด่าน 1): LightGBM สั่ง WAIT ปัดตกทันทีค่ะ
2026-08-28 00:24:02+00:00,EURUSD0828002402,EURUSD,WAIT,53.0,5,ML (AB),Dual-Brain AB (ด่าน 1): LightGBM สั่ง WAIT ปัดตกทันทีค่ะ
2026-08-28 00:25:02+00:00,EURUSD0828002502,EURUSD,WAIT,53.0,5,ML (AB),Dual-Brain AB (ด่าน 1): LightGBM สั่ง WAIT ปัดตกทันทีค่ะ
2026-08-28 00:25:02+00:00,EURUSD0828002502,EURUSD,WAIT,53.0,5,ML (AB),Dual-Brain AB (ด่าน 1): LightGBM สั่ง WAIT ปัดตกทันทีค่ะ
2026-08-28 00:25:02+00:00,EURUSD0828002502,EURUSD,WAIT,53.0,5,ML (AB),Dual-Brain AB (ด่าน 1): LightGBM สั่ง WAIT ปัดตกทันทีค่ะ
2026-08-28 00:25:02+00:00,EURUSD0828002502,EURUSD,WAIT,53.0,5,ML (B),LightGBM: สภาวะตลาดยังไม่ชัดเจน (ความมั่นใจ 53% < 80%) ค่ะ
2026-08-28 00:26:02+00:00,EURUSD0828002602,EURUSD,WAIT,56.0,5,ML (AB),Dual-Brain AB (ด่าน 1): LightGBM สั่ง WAIT ปัดตกทันทีค่ะ
2026-08-28 00:27:02+00:00,EURUSD0828002702,EURUSD,WAIT,56.0,5,ML (B),LightGBM: สภาวะตลาดยังไม่ชัดเจน (ความมั่นใจ 56% < 80%) ค่ะ
2026-08-28 00:27:02+00:00,EURUSD0828002702,EURUSD,WAIT,56.0,5,ML (AB),Dual-Brain AB (ด่าน 1): LightGBM สั่ง WAIT ปัดตกทันทีค่ะ
2026-08-28 00:27:02+00:00,EURUSD0828002702,EURUSD,WAIT,56.0,5,ML (AB),Dual-Brain AB (ด่าน 1): LightGBM สั่ง WAIT ปัดตกทันทีค่ะ
2026-08-28 00:27:02+00:00,EURUSD0828002702,EURUSD,WAIT,56.0,5,ML (B),LightGBM: สภาวะตลาดยังไม่ชัดเจน (ความมั่นใจ 56% < 80%) ค่ะ
2026-08-28 00:28:02+00:00,EURUSD0828002802,EURUSD,WAIT,56.0,5,ML (AB),Dual-Brain AB (ด่าน 1): LightGBM สั่ง WAIT ปัดตกทันทีค่ะ
2026-08-28 00:29:02+00:00,EURUSD0828002902,EURUSD,WAIT,56.0,5,ML (B),LightGBM: สภาวะตลาดยังไม่ชัดเจน (ความมั่นใจ 56% < 80%) ค่ะ
2026-08-28 00:29:02+00:00,EURUSD0828002902,EURUSD,WAIT,56.0,5,ML (AB),Dual-Brain AB (ด่าน 1): LightGBM สั่ง WAIT ปัดตกทันทีค่ะ
2026-08-28 00:30:02+00:00,EURUSD0828003002,EURUSD,WAIT,56.0,5,ML (AB),Dual-Brain AB (ด่าน 1): LightGBM สั่ง WAIT ปัดตกทันทีค่ะ
2026-08-28 00:31:02+00:00,EURUSD0828003102,EURUSD,WAIT,54.0,5,ML (B),LightGBM: สภาวะตลาดยังไม่ชัดเจน (ความมั่นใจ 54% < 80%) ค่ะ
2026-08-28 00:31:02+00:00,EURUSD0828003102,EURUSD,WAIT,54.0,5,ML (B),LightGBM: สภาวะตลาดยังไม่ชัดเจน (ความมั่นใจ 54% < 80%) ค่ะ
2026-08-28 00:31:02+00:00,EURUSD0828003102,EURUSD,WAIT,54.0,5,ML (AB),Dual-Brain AB (ด่าน 1): LightGBM สั่ง WAIT ปัดตกทันทีค่ะ
2026-08-28 00:31:02+00:00,EURUSD0828003102,EURUSD,WAIT,54.0,5,ML (AB),Dual-Brain AB (ด่าน 1): LightGBM สั่ง WAIT ปัดตกทันทีค่ะ
2026-08-28 00:32:02+00:00,EURUSD0828003202,EURUSD,WAIT,54.0,5,ML (AB),Dual-Brain AB (ด่าน 1): LightGBM สั่ง WAIT ปัดตกทันทีค่ะ
2026-08-28 00:32:02+00:00,EURUSD0828003202,EURUSD,WAIT,54.0,5,ML (AB),Dual-Brain AB (ด่าน 1): LightGBM สั่ง WAIT ปัดตกทันทีค่ะ
2026-08-28 00:33:02+00:00,EURUSD0828003302,EURUSD,WAIT,54.0,5,ML (AB),Dual-Brain AB (ด่าน 1): LightGBM สั่ง WAIT ปัดตกทันทีค่ะ
2026-08-28 00:33:02+00:00,EURUSD0828003302,EURUSD,WAIT,54.0,5,ML (AB),Dual-Brain AB (ด่าน 1): LightGBM สั่ง WAIT ปัดตกทันทีค่ะ
2026-08-28 00:33:02+00:00,EURUSD0828003302,EURUSD,WAIT,54.0,5,ML (AB),Dual-Brain AB (ด่าน 1): LightGBM สั่ง WAIT ปัดตกทันทีค่ะ
2026-08-28 00:33:02+00:00,EURUSD0828003302,EURUSD,WAIT,54.0,5,ML (B),LightGBM: สภาวะตลาดยังไม่ชัดเจน (ความมั่นใจ 54% < 80%) ค่ะ
2026-08-28 00:33:02+00:00,EURUSD0828003302,EURUSD,WAIT,54.0,5,ML (B),LightGBM: สภาวะตลาดยังไม่ชัดเจน (ความมั่นใจ 54% < 80%) ค่ะ
2026-08-28 00:34:02+00:00,EURUSD0828003402,EURUSD,WAIT,54.0,5,ML (AB),Dual-Brain AB (ด่าน 1): LightGBM สั่ง WAIT ปัดตกทันทีค่ะ
2026-08-28 00:34:02+00:00,EURUSD0828003402,EURUSD,WAIT,54.0,5,ML (AB),Dual-Brain AB (ด่าน 1): LightGBM สั่ง WAIT ปัดตกทันทีค่ะ
2026-08-28 00:34:02+00:00,EURUSD0828003402,EURUSD,WAIT,54.0,5,ML (AB),Dual-Brain AB (ด่าน 1): LightGBM สั่ง WAIT ปัดตกทันทีค่ะ
2026-08-28 00:34:02+00:00,EURUSD0828003402,EURUSD,WAIT,54.0,5,ML (B),LightGBM: สภาวะตลาดยังไม่ชัดเจน (ความมั่นใจ 54% < 80%) ค่ะ
2026-08-28 00:34:02+00:00,EURUSD0828003402,EURUSD,WAIT,54.0,5,ML (B),LightGBM: สภาวะตลาดยังไม่ชัดเจน (ความมั่นใจ 54% < 80%) ค่ะ
2026-08-28 00:35:02+00:00,EURUSD0828003502,EURUSD,WAIT,54.0,5,ML (B),LightGBM: สภาวะตลาดยังไม่ชัดเจน (ความมั่นใจ 54% < 80%) ค่ะ
2026-08-28 00:35:02+00:00,EURUSD0828003502,EURUSD,WAIT,54.0,5,ML (AB),Dual-Brain AB (ด่าน 1): LightGBM สั่ง WAIT ปัดตกทันทีค่ะ
2026-08-28 00:35:02+00:00,EURUSD0828003502,EURUSD,WAIT,54.0,5,ML (AB),Dual-Brain AB (ด่าน 1): LightGBM สั่ง WAIT ปัดตกทันทีค่ะ
2026-08-28 00:35:02+00:00,EURUSD0828003502,EURUSD,WAIT,54.0,5,ML (AB),Dual-Brain AB (ด่าน 1): LightGBM สั่ง WAIT ปัดตกทันทีค่ะ
2026-08-28 00:36:02+00:00,EURUSD0828003602,EURUSD,WAIT,55.0,5,ML (B),LightGBM: สภาวะตลาดยังไม่ชัดเจน (ความมั่นใจ 55% < 80%) ค่ะ
2026-08-28 00:36:02+00:00,EURUSD0828003602,EURUSD,WAIT,55.0,5,ML (AB),Dual-Brain AB (ด่าน 1): LightGBM สั่ง WAIT ปัดตกทันทีค่ะ
2026-08-28 00:36:02+00:00,EURUSD0828003602,EURUSD,WAIT,55.0,5,ML (AB),Dual-Brain AB (ด่าน 1): LightGBM สั่ง WAIT ปัดตกทันทีค่ะ
2026-08-28 00:36:02+00:00,EURUSD0828003602,EURUSD,WAIT,55.0,5,ML (B),LightGBM: สภาวะตลาดยังไม่ชัดเจน (ความมั่นใจ 55% < 80%) ค่ะ
2026-08-28 00:36:02+00:00,EURUSD0828003602,EURUSD,WAIT,55.0,5,ML (AB),Dual-Brain AB (ด่าน 1): LightGBM สั่ง WAIT ปัดตกทันทีค่ะ
2026-08-28 00:37:02+00:00,EURUSD0828003702,EURUSD,WAIT,55.0,5,ML (AB),Dual-Brain AB (ด่าน 1): LightGBM สั่ง WAIT ปัดตกทันทีค่ะ
2026-08-28 00:37:02+00:00,EURUSD0828003702,EURUSD,WAIT,55.0,5,ML (AB),Dual-Brain AB (ด่าน 1): LightGBM สั่ง WAIT ปัดตกทันทีค่ะ
2026-08-28 00:37:02+00:00,EURUSD0828003702,EURUSD,WAIT,55.0,5,ML (B),LightGBM: สภาวะตลาดยังไม่ชัดเจน (ความมั่นใจ 55% < 80%) ค่ะ
2026-08-28 00:37:04+00:00,EURUSD0828003704,EURUSD,WAIT,55.0,5,ML (AB),Dual-Brain AB (ด่าน 1): LightGBM สั่ง WAIT ปัดตกทันทีค่ะ
2026-08-28 00:38:02+00:00,EURUSD0828003802,EURUSD,WAIT,55.0,5,ML (B),LightGBM: สภาวะตลาดยังไม่ชัดเจน (ความมั่นใจ 55% < 80%) ค่ะ
2026-08-28 00:38:02+00:00,EURUSD0828003802,EURUSD,WAIT,55.0,5,ML (AB),Dual-Brain AB (ด่าน 1): LightGBM สั่ง WAIT ปัดตกทันทีค่ะ
2026-08-28 00:38:02+00:00,EURUSD0828003802,EURUSD,WAIT,55.0,5,ML (AB),Dual-Brain AB (ด่าน 1): LightGBM สั่ง WAIT ปัดตกทันทีค่ะ
2026-08-28 00:39:02+00:00,EURUSD0828003902,EURUSD,WAIT,55.0,5,ML (B),LightGBM: สภาวะตลาดยังไม่ชัดเจน (ความมั่นใจ 55% < 80%) ค่ะ
2026-08-28 00:39:02+00:00,EURUSD0828003902,EURUSD,WAIT,55.0,5,ML (AB),Dual-Brain AB (ด่าน 1): LightGBM สั่ง WAIT ปัดตกทันทีค่ะ
2026-08-28 00:39:02+00:00,EURUSD0828003902,EURUSD,WAIT,55.0,5,ML (AB),Dual-Brain AB (ด่าน 1): LightGBM สั่ง WAIT ปัดตกทันทีค่ะ
2026-08-28 00:39:02+00:00,EURUSD0828003902,EURUSD,WAIT,55.0,5,ML (AB),Dual-Brain AB (ด่าน 1): LightGBM สั่ง WAIT ปัดตกทันทีค่ะ
2026-08-28 00:39:02+00:00,EURUSD0828003902,EURUSD,WAIT,55.0,5,ML (AB),Dual-Brain AB (ด่าน 1): LightGBM สั่ง WAIT ปัดตกทันทีค่ะ
2026-08-28 00:40:02+00:00,EURUSD0828004002,EURUSD,WAIT,55.0,5,ML (B),LightGBM: สภาวะตลาดยังไม่ชัดเจน (ความมั่นใจ 55% < 80%) ค่ะ
2026-08-28 00:40:02+00:00,EURUSD0828004002,EURUSD,WAIT,55.0,5,ML (AB),Dual-Brain AB (ด่าน 1): LightGBM สั่ง WAIT ปัดตกทันทีค่ะ
2026-08-28 00:40:02+00:00,EURUSD0828004002,EURUSD,WAIT,55.0,5,ML (AB),Dual-Brain AB (ด่าน 1): LightGBM สั่ง WAIT ปัดตกทันทีค่ะ
2026-08-28 00:40:02+00:00,EURUSD0828004002,EURUSD,WAIT,55.0,5,ML (B),LightGBM: สภาวะตลาดยังไม่ชัดเจน (ความมั่นใจ 55% < 80%) ค่ะ
2026-08-28 00:40:02+00:00,EURUSD0828004002,EURUSD,WAIT,55.0,5,ML (AB),Dual-Brain AB (ด่าน 1): LightGBM สั่ง WAIT ปัดตกทันทีค่ะ
2026-08-28 00:41:02+00:00,EURUSD0828004102,EURUSD,WAIT,56.0,5,ML (B),LightGBM: สภาวะตลาดยังไม่ชัดเจน (ความมั่นใจ 56% < 80%) ค่ะ
2026-08-28 00:41:02+00:00,EURUSD0828004102,EURUSD,WAIT,56.0,5,ML (AB),Dual-Brain AB (ด่าน 1): LightGBM สั่ง WAIT ปัดตกทันทีค่ะ
2026-08-28 00:41:02+00:00,EURUSD0828004102,EURUSD,WAIT,56.0,5,ML (B),LightGBM: สภาวะตลาดยังไม่ชัดเจน (ความมั่นใจ 56% < 80%) ค่ะ
2026-08-28 00:41:02+00:00,EURUSD0828004102,EURUSD,WAIT,56.0,5,ML (AB),Dual-Brain AB (ด่าน 1): LightGBM สั่ง WAIT ปัดตกทันทีค่ะ
2026-08-28 00:41:02+00:00,EURUSD0828004102,EURUSD,WAIT,56.0,5,ML (AB),Dual-Brain AB (ด่าน 1): LightGBM สั่ง WAIT ปัดตกทันทีค่ะ
2026-08-28 00:41:04+00:00,EURUSD0828004104,EURUSD,WAIT,56.0,5,ML (AB),Dual-Brain AB (ด่าน 1): LightGBM สั่ง WAIT ปัดตกทันทีค่ะ
2026-08-28 00:41:04+00:00,EURUSD0828004104,EURUSD,WAIT,56.0,5,ML (AB),Dual-Brain AB (ด่าน 1): LightGBM สั่ง WAIT ปัดตกทันทีค่ะ
2026-08-28 00:42:02+00:00,EURUSD0828004202,EURUSD,WAIT,56.0,5,ML (AB),Dual-Brain AB (ด่าน 1): LightGBM สั่ง WAIT ปัดตกทันทีค่ะ
2026-08-28 00:42:02+00:00,EURUSD0828004202,EURUSD,WAIT,56.0,5,ML (B),LightGBM: สภาวะตลาดยังไม่ชัดเจน (ความมั่นใจ 56% < 80%) ค่ะ
2026-08-28 00:42:02+00:00,EURUSD0828004202,EURUSD,WAIT,56.0,5,ML (AB),Dual-Brain AB (ด่าน 1): LightGBM สั่ง WAIT ปัดตกทันทีค่ะ
2026-08-28 00:42:02+00:00,EURUSD0828004202,EURUSD,WAIT,56.0,5,ML (AB),Dual-Brain AB (ด่าน 1): LightGBM สั่ง WAIT ปัดตกทันทีค่ะ
2026-08-28 00:42:02+00:00,EURUSD0828004202,EURUSD,WAIT,56.0,5,ML (AB),Dual-Brain AB (ด่าน 1): LightGBM สั่ง WAIT ปัดตกทันทีค่ะ
2026-08-28 00:42:02+00:00,EURUSD0828004202,EURUSD,WAIT,56.0,5,ML (AB),Dual-Brain AB (ด่าน 1): LightGBM สั่ง WAIT ปัดตกทันทีค่ะ
2026-08-28 00:42:02+00:00,EURUSD0828004202,EURUSD,WAIT,56.0,5,ML (B),LightGBM: สภาวะตลาดยังไม่ชัดเจน (ความมั่นใจ 56% < 80%) ค่ะ
2026-08-28 00:43:02+00:00,EURUSD0828004302,EURUSD,WAIT,56.0,5,ML (AB),Dual-Brain AB (ด่าน 1): LightGBM สั่ง WAIT ปัดตกทันทีค่ะ
2026-08-28 00:43:02+00:00,EURUSD0828004302,EURUSD,WAIT,56.0,5,ML (AB),Dual-Brain AB (ด่าน 1): LightGBM สั่ง WAIT ปัดตกทันทีค่ะ
2026-08-28 00:43:02+00:00,EURUSD0828004302,EURUSD,WAIT,56.0,5,ML (B),LightGBM: สภาวะตลาดยังไม่ชัดเจน (ความมั่นใจ 56% < 80%) ค่ะ
2026-08-28 00:43:02+00:00,EURUSD0828004302,EURUSD,WAIT,56.0,5,ML (AB),Dual-Brain AB (ด่าน 1): LightGBM สั่ง WAIT ปัดตกทันทีค่ะ
2026-08-28 00:43:02+00:00,EURUSD0828004302,EURUSD,WAIT,56.0,5,ML (AB),Dual-Brain AB (ด่าน 1): LightGBM สั่ง WAIT ปัดตกทันทีค่ะ
2026-08-28 00:43:02+00:00,EURUSD0828004302,EURUSD,WAIT,56.0,5,ML (AB),Dual-Brain AB (ด่าน 1): LightGBM สั่ง WAIT ปัดตกทันทีค่ะ
2026-08-28 00:43:02+00:00,EURUSD0828004302,EURUSD,WAIT,56.0,5,ML (B),LightGBM: สภาวะตลาดยังไม่ชัดเจน (ความมั่นใจ 56% < 80%) ค่ะ
2026-08-28 00:43:02+00:00,EURUSD0828004302,EURUSD,WAIT,56.0,5,ML (DUAL_BRAIN),Dual-Brain [LightGBM + Chronos] (ด่าน 1): LightGBM สั่ง WAIT ปัดตกทันทีค่ะ
2026-08-28 00:44:02+00:00,EURUSD0828004402,EURUSD,WAIT,56.0,5,ML (AB),Dual-Brain AB (ด่าน 1): LightGBM สั่ง WAIT ปัดตกทันทีค่ะ
2026-08-28 00:44:02+00:00,EURUSD0828004402,EURUSD,WAIT,56.0,5,ML (B),LightGBM: สภาวะตลาดยังไม่ชัดเจน (ความมั่นใจ 56% < 80%) ค่ะ
2026-08-28 00:44:02+00:00,EURUSD0828004402,EURUSD,WAIT,56.0,5,ML (B),LightGBM: สภาวะตลาดยังไม่ชัดเจน (ความมั่นใจ 56% < 80%) ค่ะ
2026-08-28 00:44:02+00:00,EURUSD0828004402,EURUSD,WAIT,56.0,5,ML (AB),Dual-Brain AB (ด่าน 1): LightGBM สั่ง WAIT ปัดตกทันทีค่ะ
2026-08-28 00:44:02+00:00,EURUSD0828004402,EURUSD,WAIT,56.0,5,ML (AB),Dual-Brain AB (ด่าน 1): LightGBM สั่ง WAIT ปัดตกทันทีค่ะ
2026-08-28 00:44:02+00:00,EURUSD0828004402,EURUSD,WAIT,56.0,5,ML (AB),Dual-Brain AB (ด่าน 1): LightGBM สั่ง WAIT ปัดตกทันทีค่ะ
2026-08-28 00:44:04+00:00,EURUSD0828004404,EURUSD,WAIT,56.0,5,ML (DUAL_BRAIN),Dual-Brain [LightGBM + Chronos] (ด่าน 1): LightGBM สั่ง WAIT ปัดตกทันทีค่ะ
2026-08-28 00:44:02+00:00,EURUSD0828004402,EURUSD,WAIT,56.0,5,ML (DUAL_BRAIN),Dual-Brain [LightGBM + Chronos] (ด่าน 1): LightGBM สั่ง WAIT ปัดตกทันทีค่ะ
2026-08-28 00:45:02+00:00,EURUSD0828004502,EURUSD,WAIT,56.0,5,ML (B),LightGBM: สภาวะตลาดยังไม่ชัดเจน (ความมั่นใจ 56% < 80%) ค่ะ
2026-08-28 00:45:02+00:00,EURUSD0828004502,EURUSD,WAIT,56.0,5,ML (B),LightGBM: สภาวะตลาดยังไม่ชัดเจน (ความมั่นใจ 56% < 80%) ค่ะ
2026-08-28 00:45:02+00:00,EURUSD0828004502,EURUSD,WAIT,56.0,5,ML (AB),Dual-Brain AB (ด่าน 1): LightGBM สั่ง WAIT ปัดตกทันทีค่ะ
2026-08-28 00:45:02+00:00,EURUSD0828004502,EURUSD,WAIT,56.0,5,ML (AB),Dual-Brain AB (ด่าน 1): LightGBM สั่ง WAIT ปัดตกทันทีค่ะ
2026-08-28 00:45:04+00:00,EURUSD0828004504,EURUSD,WAIT,56.0,5,ML (DUAL_BRAIN),Dual-Brain [LightGBM + Chronos] (ด่าน 1): LightGBM สั่ง WAIT ปัดตกทันทีค่ะ
2026-08-28 00:46:02+00:00,EURUSD0828004602,EURUSD,WAIT,56.0,5,ML (AB),Dual-Brain AB (ด่าน 1): LightGBM สั่ง WAIT ปัดตกทันทีค่ะ
2026-08-28 00:46:04+00:00,EURUSD0828004604,EURUSD,WAIT,56.0,5,ML (AB),Dual-Brain AB (ด่าน 1): LightGBM สั่ง WAIT ปัดตกทันทีค่ะ
2026-08-28 00:46:04+00:00,EURUSD0828004604,EURUSD,WAIT,56.0,5,ML (AB),Dual-Brain AB (ด่าน 1): LightGBM สั่ง WAIT ปัดตกทันทีค่ะ
2026-08-28 00:46:08+00:00,EURUSD0828004608,EURUSD,WAIT,56.0,5,ML (DUAL_BRAIN),Dual-Brain [LightGBM + Chronos] (ด่าน 1): LightGBM สั่ง WAIT ปัดตกทันทีค่ะ
2026-08-28 00:46:08+00:00,EURUSD0828004608,EURUSD,WAIT,56.0,5,ML (DUAL_BRAIN),Dual-Brain [LightGBM + Chronos] (ด่าน 1): LightGBM สั่ง WAIT ปัดตกทันทีค่ะ
2026-08-28 00:47:02+00:00,EURUSD0828004702,EURUSD,WAIT,56.0,5,ML (B),LightGBM: สภาวะตลาดยังไม่ชัดเจน (ความมั่นใจ 56% < 80%) ค่ะ
2026-08-28 00:47:02+00:00,EURUSD0828004702,EURUSD,WAIT,56.0,5,ML (AB),Dual-Brain AB (ด่าน 1): LightGBM สั่ง WAIT ปัดตกทันทีค่ะ
2026-08-28 00:47:02+00:00,EURUSD0828004702,EURUSD,WAIT,56.0,5,ML (AB),Dual-Brain AB (ด่าน 1): LightGBM สั่ง WAIT ปัดตกทันทีค่ะ
2026-08-28 00:47:02+00:00,EURUSD0828004702,EURUSD,WAIT,56.0,5,ML (B),LightGBM: สภาวะตลาดยังไม่ชัดเจน (ความมั่นใจ 56% < 80%) ค่ะ
2026-08-28 00:47:02+00:00,EURUSD0828004702,EURUSD,WAIT,56.0,5,ML (AB),Dual-Brain AB (ด่าน 1): LightGBM สั่ง WAIT ปัดตกทันทีค่ะ
2026-08-28 00:47:02+00:00,EURUSD0828004702,EURUSD,WAIT,56.0,5,ML (DUAL_BRAIN),Dual-Brain [LightGBM + Chronos] (ด่าน 1): LightGBM สั่ง WAIT ปัดตกทันทีค่ะ
2026-08-28 00:47:02+00:00,EURUSD0828004702,EURUSD,WAIT,56.0,5,ML (AB),Dual-Brain AB (ด่าน 1): LightGBM สั่ง WAIT ปัดตกทันทีค่ะ
2026-08-28 00:47:02+00:00,EURUSD0828004702,EURUSD,WAIT,56.0,5,ML (AB),Dual-Brain AB (ด่าน 1): LightGBM สั่ง WAIT ปัดตกทันทีค่ะ
2026-08-28 00:48:02+00:00,EURUSD0828004802,EURUSD,WAIT,56.0,5,ML (B),LightGBM: สภาวะตลาดยังไม่ชัดเจน (ความมั่นใจ 56% < 80%) ค่ะ
2026-08-28 00:48:02+00:00,EURUSD0828004802,EURUSD,WAIT,56.0,5,ML (AB),Dual-Brain AB (ด่าน 1): LightGBM สั่ง WAIT ปัดตกทันทีค่ะ
2026-08-28 00:48:02+00:00,EURUSD0828004802,EURUSD,WAIT,56.0,5,ML (B),LightGBM: สภาวะตลาดยังไม่ชัดเจน (ความมั่นใจ 56% < 80%) ค่ะ
2026-08-28 00:48:02+00:00,EURUSD0828004802,EURUSD,WAIT,56.0,5,ML (AB),Dual-Brain AB (ด่าน 1): LightGBM สั่ง WAIT ปัดตกทันทีค่ะ
ทันทีค่ะ
2026-08-28 00:48:02+00:00,EURUSD0828004802,EURUSD,WAIT,56.0,5,ML (DUAL_BRAIN),Dual-Brain [LightGBM + Chronos] (ด่าน 1): LightGBM สั่ง WAIT ปัดตกทันทีค่ะ
2026-08-28 00:48:02+00:00,EURUSD0828004802,EURUSD,WAIT,56.0,5,ML (AB),Dual-Brain AB (ด่าน 1): LightGBM สั่ง WAIT ปัดตกทันทีค่ะ
2026-08-28 00:48:02+00:00,EURUSD0828004802,EURUSD,WAIT,56.0,5,ML (AB),Dual-Brain AB (ด่าน 1): LightGBM สั่ง WAIT ปัดตกทันทีค่ะ
2026-08-28 00:49:02+00:00,EURUSD0828004902,EURUSD,WAIT,56.0,5,ML (B),LightGBM: สภาวะตลาดยังไม่ชัดเจน (ความมั่นใจ 56% < 80%) ค่ะ
2026-08-28 00:49:02+00:00,EURUSD0828004902,EURUSD,WAIT,56.0,5,ML (B),LightGBM: สภาวะตลาดยังไม่ชัดเจน (ความมั่นใจ 56% < 80%) ค่ะ
2026-08-28 00:49:02+00:00,EURUSD0828004902,EURUSD,WAIT,56.0,5,ML (AB),Dual-Brain AB (ด่าน 1): LightGBM สั่ง WAIT ปัดตกทันทีค่ะ
2026-08-28 00:49:02+00:00,EURUSD0828004902,EURUSD,WAIT,56.0,5,ML (AB),Dual-Brain AB (ด่าน 1): LightGBM สั่ง WAIT ปัดตกทันทีค่ะ
2026-08-28 00:49:02+00:00,EURUSD0828004902,EURUSD,WAIT,56.0,5,ML (DUAL_BRAIN),Dual-Brain [LightGBM + Chronos] (ด่าน 1): LightGBM สั่ง WAIT ปัดตกทันทีค่ะ
2026-08-28 00:49:02+00:00,EURUSD0828004902,EURUSD,WAIT,56.0,5,ML (AB),Dual-Brain AB (ด่าน 1): LightGBM สั่ง WAIT ปัดตกทันทีค่ะ
2026-08-28 00:49:02+00:00,EURUSD0828004902,EURUSD,WAIT,56.0,5,ML (DUAL_BRAIN),Dual-Brain [LightGBM + Chronos] (ด่าน 1): LightGBM สั่ง WAIT ปัดตกทันทีค่ะ
2026-08-28 00:49:02+00:00,EURUSD0828004902,EURUSD,WAIT,56.0,5,ML (AB),Dual-Brain AB (ด่าน 1): LightGBM สั่ง WAIT ปัดตกทันทีค่ะ
2026-08-28 00:50:02+00:00,EURUSD0828005002,EURUSD,WAIT,56.0,5,ML (B),LightGBM: สภาวะตลาดยังไม่ชัดเจน (ความมั่นใจ 56% < 80%) ค่ะ
2026-08-28 00:50:02+00:00,EURUSD0828005002,EURUSD,WAIT,56.0,5,ML (AB),Dual-Brain AB (ด่าน 1): LightGBM สั่ง WAIT ปัดตกทันทีค่ะ
2026-08-28 00:50:02+00:00,EURUSD0828005002,EURUSD,WAIT,56.0,5,ML (DUAL_BRAIN),Dual-Brain [LightGBM + Chronos] (ด่าน 1): LightGBM สั่ง WAIT ปัดตกทันทีค่ะ
2026-08-28 00:50:02+00:00,EURUSD0828005002,EURUSD,WAIT,56.0,5,ML (B),LightGBM: สภาวะตลาดยังไม่ชัดเจน (ความมั่นใจ 56% < 80%) ค่ะ
2026-08-28 00:50:02+00:00,EURUSD0828005002,EURUSD,WAIT,56.0,5,ML (AB),Dual-Brain AB (ด่าน 1): LightGBM สั่ง WAIT ปัดตกทันทีค่ะ
2026-08-28 00:50:02+00:00,EURUSD0828005002,EURUSD,WAIT,56.0,5,ML (AB),Dual-Brain AB (ด่าน 1): LightGBM สั่ง WAIT ปัดตกทันทีค่ะ
2026-08-28 00:50:02+00:00,EURUSD0828005002,EURUSD,WAIT,56.0,5,ML (DUAL_BRAIN),Dual-Brain [LightGBM + Chronos] (ด่าน 1): LightGBM สั่ง WAIT ปัดตกทันทีค่ะ
2026-08-28 00:50:02+00:00,EURUSD0828005002,EURUSD,WAIT,56.0,5,ML (AB),Dual-Brain AB (ด่าน 1): LightGBM สั่ง WAIT ปัดตกทันทีค่ะ
2026-08-28 00:51:02+00:00,EURUSD0828005102,EURUSD,WAIT,56.0,5,ML (AB),Dual-Brain AB (ด่าน 1): LightGBM สั่ง WAIT ปัดตกทันทีค่ะ
2026-08-28 00:51:02+00:00,EURUSD0828005102,EURUSD,WAIT,56.0,5,ML (B),LightGBM: สภาวะตลาดยังไม่ชัดเจน (ความมั่นใจ 56% < 80%) ค่ะ
2026-08-28 00:51:02+00:00,EURUSD0828005102,EURUSD,WAIT,56.0,5,ML (B),LightGBM: สภาวะตลาดยังไม่ชัดเจน (ความมั่นใจ 56% < 80%) ค่ะ
2026-08-28 00:51:02+00:00,EURUSD0828005102,EURUSD,WAIT,56.0,5,ML (AB),Dual-Brain AB (ด่าน 1): LightGBM สั่ง WAIT ปัดตกทันทีค่ะ
2026-08-28 00:51:02+00:00,EURUSD0828005102,EURUSD,WAIT,56.0,5,ML (DUAL_BRAIN),Dual-Brain [LightGBM + Chronos] (ด่าน 1): LightGBM สั่ง WAIT ปัดตกทันทีค่ะ
2026-08-28 00:51:02+00:00,EURUSD0828005102,EURUSD,WAIT,56.0,5,ML (AB),Dual-Brain AB (ด่าน 1): LightGBM สั่ง WAIT ปัดตกทันทีค่ะ
2026-08-28 00:51:02+00:00,EURUSD0828005102,EURUSD,WAIT,56.0,5,ML (AB),Dual-Brain AB (ด่าน 1): LightGBM สั่ง WAIT ปัดตกทันทีค่ะ
2026-08-28 00:51:02+00:00,EURUSD0828005102,EURUSD,WAIT,56.0,5,ML (DUAL_BRAIN),Dual-Brain [LightGBM + Chronos] (ด่าน 1): LightGBM สั่ง WAIT ปัดตกทันทีค่ะ
2026-08-28 00:52:02+00:00,EURUSD0828005202,EURUSD,WAIT,56.0,5,ML (B),LightGBM: สภาวะตลาดยังไม่ชัดเจน (ความมั่นใจ 56% < 80%) ค่ะ
2026-08-28 00:52:02+00:00,EURUSD0828005202,EURUSD,WAIT,56.0,5,ML (B),LightGBM: สภาวะตลาดยังไม่ชัดเจน (ความมั่นใจ 56% < 80%) ค่ะ
2026-08-28 00:52:02+00:00,EURUSD0828005202,EURUSD,WAIT,56.0,5,ML (AB),Dual-Brain AB (ด่าน 1): LightGBM สั่ง WAIT ปัดตกทันทีค่ะ
2026-08-28 00:52:02+00:00,EURUSD0828005202,EURUSD,WAIT,56.0,5,ML (AB),Dual-Brain AB (ด่าน 1): LightGBM สั่ง WAIT ปัดตกทันทีค่ะ
2026-08-28 00:52:02+00:00,EURUSD0828005202,EURUSD,WAIT,56.0,5,ML (DUAL_BRAIN),Dual-Brain [LightGBM + Chronos] (ด่าน 1): LightGBM สั่ง WAIT ปัดตกทันทีค่ะ
2026-08-28 00:52:02+00:00,EURUSD0828005202,EURUSD,WAIT,56.0,5,ML (DUAL_BRAIN),Dual-Brain [LightGBM + Chronos] (ด่าน 1): LightGBM สั่ง WAIT ปัดตกทันทีค่ะ
2026-08-28 00:52:02+00:00,EURUSD0828005202,EURUSD,WAIT,56.0,5,ML (AB),Dual-Brain AB (ด่าน 1): LightGBM สั่ง WAIT ปัดตกทันทีค่ะ
2026-08-28 00:52:02+00:00,EURUSD0828005202,EURUSD,WAIT,56.0,5,ML (AB),Dual-Brain AB (ด่าน 1): LightGBM สั่ง WAIT ปัดตกทันทีค่ะ
2026-08-28 00:52:02+00:00,EURUSD0828005202,EURUSD,WAIT,56.0,5,ML (AB),Dual-Brain AB (ด่าน 1): LightGBM สั่ง WAIT ปัดตกทันทีค่ะ
2026-08-28 00:53:02+00:00,EURUSD0828005302,EURUSD,WAIT,56.0,5,ML (B),LightGBM: สภาวะตลาดยังไม่ชัดเจน (ความมั่นใจ 56% < 80%) ค่ะ
2026-08-28 00:53:02+00:00,EURUSD0828005302,EURUSD,WAIT,56.0,5,ML (AB),Dual-Brain AB (ด่าน 1): LightGBM สั่ง WAIT ปัดตกทันทีค่ะ
2026-08-28 00:53:02+00:00,EURUSD0828005302,EURUSD,WAIT,56.0,5,ML (AB),Dual-Brain AB (ด่าน 1): LightGBM สั่ง WAIT ปัดตกทันทีค่ะ
2026-08-28 00:53:02+00:00,EURUSD0828005302,EURUSD,WAIT,56.0,5,ML (AB),Dual-Brain AB (ด่าน 1): LightGBM สั่ง WAIT ปัดตกทันทีค่ะ
2026-08-28 00:53:02+00:00,EURUSD0828005302,EURUSD,WAIT,56.0,5,ML (DUAL_BRAIN),Dual-Brain [LightGBM + Chronos] (ด่าน 1): LightGBM สั่ง WAIT ปัดตกทันทีค่ะ
2026-08-28 00:53:02+00:00,EURUSD0828005302,EURUSD,WAIT,56.0,5,ML (AB),Dual-Brain AB (ด่าน 1): LightGBM สั่ง WAIT ปัดตกทันทีค่ะ
2026-08-28 00:53:02+00:00,EURUSD0828005302,EURUSD,WAIT,56.0,5,ML (AB),Dual-Brain AB (ด่าน 1): LightGBM สั่ง WAIT ปัดตกทันทีค่ะ
2026-08-28 00:53:02+00:00,EURUSD0828005302,EURUSD,WAIT,56.0,5,ML (DUAL_BRAIN),Dual-Brain [LightGBM + Chronos] (ด่าน 1): LightGBM สั่ง WAIT ปัดตกทันทีค่ะ
2026-08-28 00:54:02+00:00,EURUSD0828005402,EURUSD,WAIT,56.0,5,ML (B),LightGBM: สภาวะตลาดยังไม่ชัดเจน (ความมั่นใจ 56% < 80%) ค่ะ
2026-08-28 00:54:02+00:00,EURUSD0828005402,EURUSD,WAIT,56.0,5,ML (B),LightGBM: สภาวะตลาดยังไม่ชัดเจน (ความมั่นใจ 56% < 80%) ค่ะ
2026-08-28 00:54:02+00:00,EURUSD0828005402,EURUSD,WAIT,56.0,5,ML (DUAL_BRAIN),Dual-Brain [LightGBM + Chronos] (ด่าน 1): LightGBM สั่ง WAIT ปัดตกทันทีค่ะ
2026-08-28 00:54:02+00:00,EURUSD0828005402,EURUSD,WAIT,56.0,5,ML (DUAL_BRAIN),Dual-Brain [LightGBM + Chronos] (ด่าน 1): LightGBM สั่ง WAIT ปัดตกทันทีค่ะ
2026-08-28 00:54:02+00:00,EURUSD0828005402,EURUSD,WAIT,56.0,5,ML (AB),Dual-Brain AB (ด่าน 1): LightGBM สั่ง WAIT ปัดตกทันทีค่ะ
2026-08-28 00:54:02+00:00,EURUSD0828005402,EURUSD,WAIT,56.0,5,ML (AB),Dual-Brain AB (ด่าน 1): LightGBM สั่ง WAIT ปัดตกทันทีค่ะ
2026-08-28 00:54:02+00:00,EURUSD0828005402,EURUSD,WAIT,56.0,5,ML (AB),Dual-Brain AB (ด่าน 1): LightGBM สั่ง WAIT ปัดตกทันทีค่ะ
2026-08-28 00:55:02+00:00,EURUSD0828005502,EURUSD,WAIT,56.0,5,ML (AB),Dual-Brain AB (ด่าน 1): LightGBM สั่ง WAIT ปัดตกทันทีค่ะ
2026-08-28 00:55:02+00:00,EURUSD0828005502,EURUSD,WAIT,56.0,5,ML (AB),Dual-Brain AB (ด่าน 1): LightGBM สั่ง WAIT ปัดตกทันทีค่ะ
2026-08-28 00:55:02+00:00,EURUSD0828005502,EURUSD,WAIT,56.0,5,ML (AB),Dual-Brain AB (ด่าน 1): LightGBM สั่ง WAIT ปัดตกทันทีค่ะ
2026-08-28 00:55:02+00:00,EURUSD0828005502,EURUSD,WAIT,56.0,5,ML (B),LightGBM: สภาวะตลาดยังไม่ชัดเจน (ความมั่นใจ 56% < 80%) ค่ะ
2026-08-28 00:55:02+00:00,EURUSD0828005502,EURUSD,WAIT,56.0,5,ML (B),LightGBM: สภาวะตลาดยังไม่ชัดเจน (ความมั่นใจ 56% < 80%) ค่ะ
2026-08-28 00:55:02+00:00,EURUSD0828005502,EURUSD,WAIT,56.0,5,ML (AB),Dual-Brain AB (ด่าน 1): LightGBM สั่ง WAIT ปัดตกทันทีค่ะ
2026-08-28 00:55:02+00:00,EURUSD0828005502,EURUSD,WAIT,56.0,5,ML (DUAL_BRAIN),Dual-Brain [LightGBM + Chronos] (ด่าน 1): LightGBM สั่ง WAIT ปัดตกทันทีค่ะ
2026-08-28 00:55:02+00:00,EURUSD0828005502,EURUSD,WAIT,56.0,5,ML (AB),Dual-Brain AB (ด่าน 1): LightGBM สั่ง WAIT ปัดตกทันทีค่ะ
2026-08-28 00:55:02+00:00,EURUSD0828005502,EURUSD,WAIT,56.0,5,ML (DUAL_BRAIN),Dual-Brain [LightGBM + Chronos] (ด่าน 1): LightGBM สั่ง WAIT ปัดตกทันทีค่ะ
2026-08-28 00:56:02+00:00,EURUSD0828005602,EURUSD,WAIT,56.0,5,ML (B),LightGBM: สภาวะตลาดยังไม่ชัดเจน (ความมั่นใจ 56% < 80%) ค่ะ
2026-08-28 00:56:02+00:00,EURUSD0828005602,EURUSD,WAIT,56.0,5,ML (AB),Dual-Brain AB (ด่าน 1): LightGBM สั่ง WAIT ปัดตกทันทีค่ะ
2026-08-28 00:56:02+00:00,EURUSD0828005602,EURUSD,WAIT,56.0,5,ML (DUAL_BRAIN),Dual-Brain [LightGBM + Chronos] (ด่าน 1): LightGBM สั่ง WAIT ปัดตกทันทีค่ะ
2026-08-28 00:56:02+00:00,EURUSD0828005602,EURUSD,WAIT,56.0,5,ML (DUAL_BRAIN),Dual-Brain [LightGBM + Chronos] (ด่าน 1): LightGBM สั่ง WAIT ปัดตกทันทีค่ะ
2026-08-28 00:56:02+00:00,EURUSD0828005602,EURUSD,WAIT,56.0,5,ML (B),LightGBM: สภาวะตลาดยังไม่ชัดเจน (ความมั่นใจ 56% < 80%) ค่ะ
2026-08-28 00:56:02+00:00,EURUSD0828005602,EURUSD,WAIT,56.0,5,ML (AB),Dual-Brain AB (ด่าน 1): LightGBM สั่ง WAIT ปัดตกทันทีค่ะ
2026-08-28 00:56:02+00:00,EURUSD0828005602,EURUSD,WAIT,56.0,5,ML (AB),Dual-Brain AB (ด่าน 1): LightGBM สั่ง WAIT ปัดตกทันทีค่ะ
2026-08-28 00:56:02+00:00,EURUSD0828005602,EURUSD,WAIT,56.0,5,ML (AB),Dual-Brain AB (ด่าน 1): LightGBM สั่ง WAIT ปัดตกทันทีค่ะ
2026-08-28 00:56:02+00:00,EURUSD0828005602,EURUSD,WAIT,56.0,5,ML (AB),Dual-Brain AB (ด่าน 1): LightGBM สั่ง WAIT ปัดตกทันทีค่ะ
2026-08-28 00:57:02+00:00,EURUSD0828005702,EURUSD,WAIT,56.0,5,ML (B),LightGBM: สภาวะตลาดยังไม่ชัดเจน (ความมั่นใจ 56% < 80%) ค่ะ
2026-08-28 00:57:02+00:00,EURUSD0828005702,EURUSD,WAIT,56.0,5,ML (AB),Dual-Brain AB (ด่าน 1): LightGBM สั่ง WAIT ปัดตกทันทีค่ะ
2026-08-28 00:57:02+00:00,EURUSD0828005702,EURUSD,WAIT,56.0,5,ML (AB),Dual-Brain AB (ด่าน 1): LightGBM สั่ง WAIT ปัดตกทันทีค่ะ
2026-08-28 00:57:02+00:00,EURUSD0828005702,EURUSD,WAIT,56.0,5,ML (DUAL_BRAIN),Dual-Brain [LightGBM + Chronos] (ด่าน 1): LightGBM สั่ง WAIT ปัดตกทันทีค่ะ
2026-08-28 00:57:02+00:00,EURUSD0828005702,EURUSD,WAIT,56.0,5,ML (AB),Dual-Brain AB (ด่าน 1): LightGBM สั่ง WAIT ปัดตกทันทีค่ะ
2026-08-28 00:57:02+00:00,EURUSD0828005702,EURUSD,WAIT,56.0,5,ML (AB),Dual-Brain AB (ด่าน 1): LightGBM สั่ง WAIT ปัดตกทันทีค่ะ
2026-08-28 00:57:02+00:00,EURUSD0828005702,EURUSD,WAIT,56.0,5,ML (DUAL_BRAIN),Dual-Brain [LightGBM + Chronos] (ด่าน 1): LightGBM สั่ง WAIT ปัดตกทันทีค่ะ
2026-08-28 00:57:02+00:00,EURUSD0828005702,EURUSD,WAIT,56.0,5,ML (AB),Dual-Brain AB (ด่าน 1): LightGBM สั่ง WAIT ปัดตกทันทีค่ะ
2026-08-28 00:57:03+00:00,EURUSD0828005703,EURUSD,WAIT,56.0,5,ML (B),LightGBM: สภาวะตลาดยังไม่ชัดเจน (ความมั่นใจ 56% < 80%) ค่ะ
2026-08-28 00:58:02+00:00,EURUSD0828005802,EURUSD,WAIT,56.0,5,ML (B),LightGBM: สภาวะตลาดยังไม่ชัดเจน (ความมั่นใจ 56% < 80%) ค่ะ
2026-08-28 00:58:02+00:00,EURUSD0828005802,EURUSD,WAIT,56.0,5,ML (DUAL_BRAIN),Dual-Brain [LightGBM + Chronos] (ด่าน 1): LightGBM สั่ง WAIT ปัดตกทันทีค่ะ
2026-08-28 00:58:02+00:00,EURUSD0828005802,EURUSD,WAIT,56.0,5,ML (AB),Dual-Brain AB (ด่าน 1): LightGBM สั่ง WAIT ปัดตกทันทีค่ะ
2026-08-28 00:58:02+00:00,EURUSD0828005802,EURUSD,WAIT,56.0,5,ML (AB),Dual-Brain AB (ด่าน 1): LightGBM สั่ง WAIT ปัดตกทันทีค่ะ
2026-08-28 00:58:02+00:00,EURUSD0828005802,EURUSD,WAIT,56.0,5,ML (DUAL_BRAIN),Dual-Brain [LightGBM + Chronos] (ด่าน 1): LightGBM สั่ง WAIT ปัดตกทันทีค่ะ
2026-08-28 00:58:02+00:00,EURUSD0828005802,EURUSD,WAIT,56.0,5,ML (AB),Dual-Brain AB (ด่าน 1): LightGBM สั่ง WAIT ปัดตกทันทีค่ะ
2026-08-28 00:58:02+00:00,EURUSD0828005802,EURUSD,WAIT,56.0,5,ML (B),LightGBM: สภาวะตลาดยังไม่ชัดเจน (ความมั่นใจ 56% < 80%) ค่ะ
2026-08-28 00:59:02+00:00,EURUSD0828005902,EURUSD,WAIT,56.0,5,ML (DUAL_BRAIN),Dual-Brain [LightGBM + Chronos] (ด่าน 1): LightGBM สั่ง WAIT ปัดตกทันทีค่ะ
2026-08-28 00:59:02+00:00,EURUSD0828005902,EURUSD,WAIT,56.0,5,ML (B),LightGBM: สภาวะตลาดยังไม่ชัดเจน (ความมั่นใจ 56% < 80%) ค่ะ
2026-08-28 00:59:02+00:00,EURUSD0828005902,EURUSD,WAIT,56.0,5,ML (AB),Dual-Brain AB (ด่าน 1): LightGBM สั่ง WAIT ปัดตกทันทีค่ะ
2026-08-28 00:59:02+00:00,EURUSD0828005902,EURUSD,WAIT,56.0,5,ML (AB),Dual-Brain AB (ด่าน 1): LightGBM สั่ง WAIT ปัดตกทันทีค่ะ
2026-08-28 00:59:02+00:00,EURUSD0828005902,EURUSD,WAIT,56.0,5,ML (AB),Dual-Brain AB (ด่าน 1): LightGBM สั่ง WAIT ปัดตกทันทีค่ะ
2026-08-28 00:59:02+00:00,EURUSD0828005902,EURUSD,WAIT,56.0,5,ML (B),LightGBM: สภาวะตลาดยังไม่ชัดเจน (ความมั่นใจ 56% < 80%) ค่ะ
2026-08-28 01:00:02+00:00,EURUSD0828010002,EURUSD,WAIT,56.0,5,ML (B),LightGBM: สภาวะตลาดยังไม่ชัดเจน (ความมั่นใจ 56% < 80%) ค่ะ
2026-08-28 01:00:02+00:00,EURUSD0828010002,EURUSD,WAIT,56.0,5,ML (DUAL_BRAIN),Dual-Brain [LightGBM + Chronos] (ด่าน 1): LightGBM สั่ง WAIT ปัดตกทันทีค่ะ
2026-08-28 01:00:02+00:00,EURUSD0828010002,EURUSD,WAIT,56.0,5,ML (B),LightGBM: สภาวะตลาดยังไม่ชัดเจน (ความมั่นใจ 56% < 80%) ค่ะ
2026-08-28 01:00:02+00:00,EURUSD0828010002,EURUSD,WAIT,56.0,5,ML (AB),Dual-Brain AB (ด่าน 1): LightGBM สั่ง WAIT ปัดตกทันทีค่ะ
2026-08-28 01:00:02+00:00,EURUSD0828010002,EURUSD,WAIT,56.0,5,ML (DUAL_BRAIN),Dual-Brain [LightGBM + Chronos] (ด่าน 1): LightGBM สั่ง WAIT ปัดตกทันทีค่ะ
2026-08-28 01:00:02+00:00,EURUSD0828010002,EURUSD,WAIT,56.0,5,ML (AB),Dual-Brain AB (ด่าน 1): LightGBM สั่ง WAIT ปัดตกทันทีค่ะ
2026-08-28 01:00:02+00:00,EURUSD0828010002,EURUSD,WAIT,56.0,5,ML (AB),Dual-Brain AB (ด่าน 1): LightGBM สั่ง WAIT ปัดตกทันทีค่ะ
2026-08-28 01:00:02+00:00,EURUSD0828010002,EURUSD,WAIT,56.0,5,ML (AB),Dual-Brain AB (ด่าน 1): LightGBM สั่ง WAIT ปัดตกทันทีค่ะ
2026-08-28 01:00:02+00:00,EURUSD0828010002,EURUSD,WAIT,56.0,5,ML (AB),Dual-Brain AB (ด่าน 1): LightGBM สั่ง WAIT ปัดตกทันทีค่ะ
2026-08-28 01:01:02+00:00,EURUSD0828010102,EURUSD,WAIT,55.0,5,ML (AB),Dual-Brain AB (ด่าน 1): LightGBM สั่ง WAIT ปัดตกทันทีค่ะ
2026-08-28 01:01:02+00:00,EURUSD0828010102,EURUSD,WAIT,55.0,5,ML (AB),Dual-Brain AB (ด่าน 1): LightGBM สั่ง WAIT ปัดตกทันทีค่ะ
2026-08-28 01:01:02+00:00,EURUSD0828010102,EURUSD,WAIT,55.0,5,ML (AB),Dual-Brain AB (ด่าน 1): LightGBM สั่ง WAIT ปัดตกทันทีค่ะ
ทันทีค่ะ
2026-08-28 01:01:02+00:00,EURUSD0828010102,EURUSD,WAIT,55.0,5,ML (AB),Dual-Brain AB (ด่าน 1): LightGBM สั่ง WAIT ปัดตกทันทีค่ะ
2026-08-28 01:01:02+00:00,EURUSD0828010102,EURUSD,WAIT,55.0,5,ML (DUAL_BRAIN),Dual-Brain [LightGBM + Chronos] (ด่าน 1): LightGBM สั่ง WAIT ปัดตกทันทีค่ะ
2026-08-28 01:01:02+00:00,EURUSD0828010102,EURUSD,WAIT,55.0,5,ML (B),LightGBM: สภาวะตลาดยังไม่ชัดเจน (ความมั่นใจ 55% < 80%) ค่ะ
2026-08-28 01:01:02+00:00,EURUSD0828010102,EURUSD,WAIT,55.0,5,ML (B),LightGBM: สภาวะตลาดยังไม่ชัดเจน (ความมั่นใจ 55% < 80%) ค่ะ
2026-08-28 01:02:02+00:00,EURUSD0828010202,EURUSD,WAIT,55.0,5,ML (AB),Dual-Brain AB (ด่าน 1): LightGBM สั่ง WAIT ปัดตกทันทีค่ะ
2026-08-28 01:02:02+00:00,EURUSD0828010202,EURUSD,WAIT,55.0,5,ML (B),LightGBM: สภาวะตลาดยังไม่ชัดเจน (ความมั่นใจ 55% < 80%) ค่ะ
2026-08-28 01:02:02+00:00,EURUSD0828010202,EURUSD,WAIT,55.0,5,ML (B),LightGBM: สภาวะตลาดยังไม่ชัดเจน (ความมั่นใจ 55% < 80%) ค่ะ
2026-08-28 01:02:02+00:00,EURUSD0828010202,EURUSD,WAIT,55.0,5,ML (DUAL_BRAIN),Dual-Brain [LightGBM + Chronos] (ด่าน 1): LightGBM สั่ง WAIT ปัดตกทันทีค่ะ
2026-08-28 01:02:02+00:00,EURUSD0828010202,EURUSD,WAIT,55.0,5,ML (AB),Dual-Brain AB (ด่าน 1): LightGBM สั่ง WAIT ปัดตกทันทีค่ะ
2026-08-28 01:02:02+00:00,EURUSD0828010202,EURUSD,WAIT,55.0,5,ML (AB),Dual-Brain AB (ด่าน 1): LightGBM สั่ง WAIT ปัดตกทันทีค่ะ
2026-08-28 01:02:02+00:00,EURUSD0828010202,EURUSD,WAIT,55.0,5,ML (AB),Dual-Brain AB (ด่าน 1): LightGBM สั่ง WAIT ปัดตกทันทีค่ะ
2026-08-28 01:03:02+00:00,EURUSD0828010302,EURUSD,WAIT,55.0,5,ML (B),LightGBM: สภาวะตลาดยังไม่ชัดเจน (ความมั่นใจ 55% < 80%) ค่ะ
2026-08-28 01:03:02+00:00,EURUSD0828010302,EURUSD,WAIT,55.0,5,ML (DUAL_BRAIN),Dual-Brain [LightGBM + Chronos] (ด่าน 1): LightGBM สั่ง WAIT ปัดตกทันทีค่ะ
2026-08-28 01:03:02+00:00,EURUSD0828010302,EURUSD,WAIT,55.0,5,ML (AB),Dual-Brain AB (ด่าน 1): LightGBM สั่ง WAIT ปัดตกทันทีค่ะ
2026-08-28 01:03:02+00:00,EURUSD0828010302,EURUSD,WAIT,55.0,5,ML (AB),Dual-Brain AB (ด่าน 1): LightGBM สั่ง WAIT ปัดตกทันทีค่ะ
2026-08-28 01:03:02+00:00,EURUSD0828010302,EURUSD,WAIT,55.0,5,ML (AB),Dual-Brain AB (ด่าน 1): LightGBM สั่ง WAIT ปัดตกทันทีค่ะ
2026-08-28 01:03:02+00:00,EURUSD0828010302,EURUSD,WAIT,55.0,5,ML (AB),Dual-Brain AB (ด่าน 1): LightGBM สั่ง WAIT ปัดตกทันทีค่ะ
2026-08-28 01:03:02+00:00,EURUSD0828010302,EURUSD,WAIT,55.0,5,ML (B),LightGBM: สภาวะตลาดยังไม่ชัดเจน (ความมั่นใจ 55% < 80%) ค่ะ
2026-08-28 01:03:02+00:00,EURUSD0828010302,EURUSD,WAIT,55.0,5,ML (DUAL_BRAIN),Dual-Brain [LightGBM + Chronos] (ด่าน 1): LightGBM สั่ง WAIT ปัดตกทันทีค่ะ
2026-08-28 01:03:02+00:00,EURUSD0828010302,EURUSD,WAIT,55.0,5,ML (AB),Dual-Brain AB (ด่าน 1): LightGBM สั่ง WAIT ปัดตกทันทีค่ะ
2026-08-28 01:04:02+00:00,EURUSD0828010402,EURUSD,WAIT,55.0,5,ML (AB),Dual-Brain AB (ด่าน 1): LightGBM สั่ง WAIT ปัดตกทันทีค่ะ
2026-08-28 01:04:02+00:00,EURUSD0828010402,EURUSD,WAIT,55.0,5,ML (DUAL_BRAIN),Dual-Brain [LightGBM + Chronos] (ด่าน 1): LightGBM สั่ง WAIT ปัดตกทันทีค่ะ
2026-08-28 01:04:02+00:00,EURUSD0828010402,EURUSD,WAIT,55.0,5,ML (AB),Dual-Brain AB (ด่าน 1): LightGBM สั่ง WAIT ปัดตกทันทีค่ะ
2026-08-28 01:04:02+00:00,EURUSD0828010402,EURUSD,WAIT,55.0,5,ML (AB),Dual-Brain AB (ด่าน 1): LightGBM สั่ง WAIT ปัดตกทันทีค่ะ
2026-08-28 01:04:02+00:00,EURUSD0828010402,EURUSD,WAIT,55.0,5,ML (B),LightGBM: สภาวะตลาดยังไม่ชัดเจน (ความมั่นใจ 55% < 80%) ค่ะ
2026-08-28 01:04:02+00:00,EURUSD0828010402,EURUSD,WAIT,55.0,5,ML (DUAL_BRAIN),Dual-Brain [LightGBM + Chronos] (ด่าน 1): LightGBM สั่ง WAIT ปัดตกทันทีค่ะ
2026-08-28 01:04:02+00:00,EURUSD0828010402,EURUSD,WAIT,55.0,5,ML (AB),Dual-Brain AB (ด่าน 1): LightGBM สั่ง WAIT ปัดตกทันทีค่ะ
2026-08-28 01:05:02+00:00,EURUSD0828010502,EURUSD,WAIT,55.0,5,ML (B),LightGBM: สภาวะตลาดยังไม่ชัดเจน (ความมั่นใจ 55% < 80%) ค่ะ
2026-08-28 01:05:02+00:00,EURUSD0828010502,EURUSD,WAIT,55.0,5,ML (DUAL_BRAIN),Dual-Brain [LightGBM + Chronos] (ด่าน 1): LightGBM สั่ง WAIT ปัดตกทันทีค่ะ
2026-08-28 01:05:02+00:00,EURUSD0828010502,EURUSD,WAIT,55.0,5,ML (DUAL_BRAIN),Dual-Brain [LightGBM + Chronos] (ด่าน 1): LightGBM สั่ง WAIT ปัดตกทันทีค่ะ
2026-08-28 01:05:02+00:00,EURUSD0828010502,EURUSD,WAIT,55.0,5,ML (AB),Dual-Brain AB (ด่าน 1): LightGBM สั่ง WAIT ปัดตกทันทีค่ะ
2026-08-28 01:05:02+00:00,EURUSD0828010502,EURUSD,WAIT,55.0,5,ML (AB),Dual-Brain AB (ด่าน 1): LightGBM สั่ง WAIT ปัดตกทันทีค่ะ
2026-08-28 01:05:02+00:00,EURUSD0828010502,EURUSD,WAIT,55.0,5,ML (AB),Dual-Brain AB (ด่าน 1): LightGBM สั่ง WAIT ปัดตกทันทีค่ะ
2026-08-28 01:06:02+00:00,EURUSD0828010602,EURUSD,WAIT,51.0,5,ML (B),LightGBM: สภาวะตลาดยังไม่ชัดเจน (ความมั่นใจ 51% < 80%) ค่ะ
2026-08-28 01:06:02+00:00,EURUSD0828010602,EURUSD,WAIT,51.0,5,ML (AB),Dual-Brain AB (ด่าน 1): LightGBM สั่ง WAIT ปัดตกทันทีค่ะ
2026-08-28 01:06:02+00:00,EURUSD0828010602,EURUSD,WAIT,51.0,5,ML (AB),Dual-Brain AB (ด่าน 1): LightGBM สั่ง WAIT ปัดตกทันทีค่ะ
2026-08-28 01:06:02+00:00,EURUSD0828010602,EURUSD,WAIT,51.0,5,ML (AB),Dual-Brain AB (ด่าน 1): LightGBM สั่ง WAIT ปัดตกทันทีค่ะ
2026-08-28 01:06:02+00:00,EURUSD0828010602,EURUSD,WAIT,51.0,5,ML (DUAL_BRAIN),Dual-Brain [LightGBM + Chronos] (ด่าน 1): LightGBM สั่ง WAIT ปัดตกทันทีค่ะ
2026-08-28 01:06:02+00:00,EURUSD0828010602,EURUSD,WAIT,51.0,5,ML (DUAL_BRAIN),Dual-Brain [LightGBM + Chronos] (ด่าน 1): LightGBM สั่ง WAIT ปัดตกทันทีค่ะ
2026-08-28 01:06:02+00:00,EURUSD0828010602,EURUSD,WAIT,51.0,5,ML (AB),Dual-Brain AB (ด่าน 1): LightGBM สั่ง WAIT ปัดตกทันทีค่ะ
2026-08-28 01:06:02+00:00,EURUSD0828010602,EURUSD,WAIT,51.0,5,ML (AB),Dual-Brain AB (ด่าน 1): LightGBM สั่ง WAIT ปัดตกทันทีค่ะ
2026-08-28 01:07:02+00:00,EURUSD0828010702,EURUSD,WAIT,51.0,5,ML (B),LightGBM: สภาวะตลาดยังไม่ชัดเจน (ความมั่นใจ 51% < 80%) ค่ะ
2026-08-28 01:07:02+00:00,EURUSD0828010702,EURUSD,WAIT,51.0,5,ML (AB),Dual-Brain AB (ด่าน 1): LightGBM สั่ง WAIT ปัดตกทันทีค่ะ
2026-08-28 01:07:02+00:00,EURUSD0828010702,EURUSD,WAIT,51.0,5,ML (AB),Dual-Brain AB (ด่าน 1): LightGBM สั่ง WAIT ปัดตกทันทีค่ะ
2026-08-28 01:07:02+00:00,EURUSD0828010702,EURUSD,WAIT,51.0,5,ML (DUAL_BRAIN),Dual-Brain [LightGBM + Chronos] (ด่าน 1): LightGBM สั่ง WAIT ปัดตกทันทีค่ะ
2026-08-28 01:07:02+00:00,EURUSD0828010702,EURUSD,WAIT,51.0,5,ML (AB),Dual-Brain AB (ด่าน 1): LightGBM สั่ง WAIT ปัดตกทันทีค่ะ
2026-08-28 01:07:02+00:00,EURUSD0828010702,EURUSD,WAIT,51.0,5,ML (DUAL_BRAIN),Dual-Brain [LightGBM + Chronos] (ด่าน 1): LightGBM สั่ง WAIT ปัดตกทันทีค่ะ
2026-08-28 01:07:02+00:00,EURUSD0828010702,EURUSD,WAIT,51.0,5,ML (AB),Dual-Brain AB (ด่าน 1): LightGBM สั่ง WAIT ปัดตกทันทีค่ะ
2026-08-28 01:07:02+00:00,EURUSD0828010702,EURUSD,WAIT,51.0,5,ML (AB),Dual-Brain AB (ด่าน 1): LightGBM สั่ง WAIT ปัดตกทันทีค่ะ
2026-08-28 01:08:02+00:00,EURUSD0828010802,EURUSD,WAIT,51.0,5,ML (AB),Dual-Brain AB (ด่าน 1): LightGBM สั่ง WAIT ปัดตกทันทีค่ะ
2026-08-28 01:08:02+00:00,EURUSD0828010802,EURUSD,WAIT,51.0,5,ML (B),LightGBM: สภาวะตลาดยังไม่ชัดเจน (ความมั่นใจ 51% < 80%) ค่ะ
2026-08-28 01:08:02+00:00,EURUSD0828010802,EURUSD,WAIT,51.0,5,ML (AB),Dual-Brain AB (ด่าน 1): LightGBM สั่ง WAIT ปัดตกทันทีค่ะ
2026-08-28 01:08:02+00:00,EURUSD0828010802,EURUSD,WAIT,51.0,5,ML (AB),Dual-Brain AB (ด่าน 1): LightGBM สั่ง WAIT ปัดตกทันทีค่ะ
2026-08-28 01:08:02+00:00,EURUSD0828010802,EURUSD,WAIT,51.0,5,ML (AB),Dual-Brain AB (ด่าน 1): LightGBM สั่ง WAIT ปัดตกทันทีค่ะ
2026-08-28 01:08:02+00:00,EURUSD0828010802,EURUSD,WAIT,51.0,5,ML (B),LightGBM: สภาวะตลาดยังไม่ชัดเจน (ความมั่นใจ 51% < 80%) ค่ะ
2026-08-28 01:09:02+00:00,EURUSD0828010902,EURUSD,WAIT,51.0,5,ML (DUAL_BRAIN),Dual-Brain [LightGBM + Chronos] (ด่าน 1): LightGBM สั่ง WAIT ปัดตกทันทีค่ะ
2026-08-28 01:09:02+00:00,EURUSD0828010902,EURUSD,WAIT,51.0,5,ML (B),LightGBM: สภาวะตลาดยังไม่ชัดเจน (ความมั่นใจ 51% < 80%) ค่ะ
2026-08-28 01:09:02+00:00,EURUSD0828010902,EURUSD,WAIT,51.0,5,ML (B),LightGBM: สภาวะตลาดยังไม่ชัดเจน (ความมั่นใจ 51% < 80%) ค่ะ
2026-08-28 01:09:02+00:00,EURUSD0828010902,EURUSD,WAIT,51.0,5,ML (AB),Dual-Brain AB (ด่าน 1): LightGBM สั่ง WAIT ปัดตกทันทีค่ะ
2026-08-28 01:09:02+00:00,EURUSD0828010902,EURUSD,WAIT,51.0,5,ML (AB),Dual-Brain AB (ด่าน 1): LightGBM สั่ง WAIT ปัดตกทันทีค่ะ
2026-08-28 01:09:02+00:00,EURUSD0828010902,EURUSD,WAIT,51.0,5,ML (DUAL_BRAIN),Dual-Brain [LightGBM + Chronos] (ด่าน 1): LightGBM สั่ง WAIT ปัดตกทันทีค่ะ
2026-08-28 01:09:02+00:00,EURUSD0828010902,EURUSD,WAIT,51.0,5,ML (AB),Dual-Brain AB (ด่าน 1): LightGBM สั่ง WAIT ปัดตกทันทีค่ะ
2026-08-28 01:09:02+00:00,EURUSD0828010902,EURUSD,WAIT,51.0,5,ML (AB),Dual-Brain AB (ด่าน 1): LightGBM สั่ง WAIT ปัดตกทันทีค่ะ
2026-08-28 01:09:02+00:00,EURUSD0828010902,EURUSD,WAIT,51.0,5,ML (AB),Dual-Brain AB (ด่าน 1): LightGBM สั่ง WAIT ปัดตกทันทีค่ะ
2026-08-28 01:10:02+00:00,EURUSD0828011002,EURUSD,WAIT,51.0,5,ML (B),LightGBM: สภาวะตลาดยังไม่ชัดเจน (ความมั่นใจ 51% < 80%) ค่ะ
2026-08-28 01:10:02+00:00,EURUSD0828011002,EURUSD,WAIT,51.0,5,ML (DUAL_BRAIN),Dual-Brain [LightGBM + Chronos] (ด่าน 1): LightGBM สั่ง WAIT ปัดตกทันทีค่ะ
2026-08-28 01:10:02+00:00,EURUSD0828011002,EURUSD,WAIT,51.0,5,ML (AB),Dual-Brain AB (ด่าน 1): LightGBM สั่ง WAIT ปัดตกทันทีค่ะ
2026-08-28 01:10:02+00:00,EURUSD0828011002,EURUSD,WAIT,51.0,5,ML (AB),Dual-Brain AB (ด่าน 1): LightGBM สั่ง WAIT ปัดตกทันทีค่ะ
2026-08-28 01:10:02+00:00,EURUSD0828011002,EURUSD,WAIT,51.0,5,ML (B),LightGBM: สภาวะตลาดยังไม่ชัดเจน (ความมั่นใจ 51% < 80%) ค่ะ
2026-08-28 01:10:02+00:00,EURUSD0828011002,EURUSD,WAIT,51.0,5,ML (AB),Dual-Brain AB (ด่าน 1): LightGBM สั่ง WAIT ปัดตกทันทีค่ะ
2026-08-28 01:10:02+00:00,EURUSD0828011002,EURUSD,WAIT,51.0,5,ML (AB),Dual-Brain AB (ด่าน 1): LightGBM สั่ง WAIT ปัดตกทันทีค่ะ
2026-08-28 01:11:02+00:00,EURUSD0828011102,EURUSD,WAIT,51.0,5,ML (B),LightGBM: สภาวะตลาดยังไม่ชัดเจน (ความมั่นใจ 51% < 80%) ค่ะ
2026-08-28 01:11:02+00:00,EURUSD0828011102,EURUSD,WAIT,51.0,5,ML (AB),Dual-Brain AB (ด่าน 1): LightGBM สั่ง WAIT ปัดตกทันทีค่ะ
2026-08-28 01:11:02+00:00,EURUSD0828011102,EURUSD,WAIT,51.0,5,ML (DUAL_BRAIN),Dual-Brain [LightGBM + Chronos] (ด่าน 1): LightGBM สั่ง WAIT ปัดตกทันทีค่ะ
2026-08-28 01:11:02+00:00,EURUSD0828011102,EURUSD,WAIT,51.0,5,ML (AB),Dual-Brain AB (ด่าน 1): LightGBM สั่ง WAIT ปัดตกทันทีค่ะ
2026-08-28 01:11:02+00:00,EURUSD0828011102,EURUSD,WAIT,51.0,5,ML (AB),Dual-Brain AB (ด่าน 1): LightGBM สั่ง WAIT ปัดตกทันทีค่ะ
2026-08-28 01:11:03+00:00,EURUSD0828011103,EURUSD,WAIT,51.0,5,ML (DUAL_BRAIN),Dual-Brain [LightGBM + Chronos] (ด่าน 1): LightGBM สั่ง WAIT ปัดตกทันทีค่ะ
2026-08-28 01:11:03+00:00,EURUSD0828011103,EURUSD,WAIT,51.0,5,ML (AB),Dual-Brain AB (ด่าน 1): LightGBM สั่ง WAIT ปัดตกทันทีค่ะ
2026-08-28 01:12:02+00:00,EURUSD0828011202,EURUSD,WAIT,51.0,5,ML (B),LightGBM: สภาวะตลาดยังไม่ชัดเจน (ความมั่นใจ 51% < 80%) ค่ะ
2026-08-28 01:12:02+00:00,EURUSD0828011202,EURUSD,WAIT,51.0,5,ML (B),LightGBM: สภาวะตลาดยังไม่ชัดเจน (ความมั่นใจ 51% < 80%) ค่ะ
2026-08-28 01:12:02+00:00,EURUSD0828011202,EURUSD,WAIT,51.0,5,ML (AB),Dual-Brain AB (ด่าน 1): LightGBM สั่ง WAIT ปัดตกทันทีค่ะ
2026-08-28 01:12:02+00:00,EURUSD0828011202,EURUSD,WAIT,51.0,5,ML (AB),Dual-Brain AB (ด่าน 1): LightGBM สั่ง WAIT ปัดตกทันทีค่ะ
2026-08-28 01:12:02+00:00,EURUSD0828011202,EURUSD,WAIT,51.0,5,ML (AB),Dual-Brain AB (ด่าน 1): LightGBM สั่ง WAIT ปัดตกทันทีค่ะ
2026-08-28 01:12:02+00:00,EURUSD0828011202,EURUSD,WAIT,51.0,5,ML (DUAL_BRAIN),Dual-Brain [LightGBM + Chronos] (ด่าน 1): LightGBM สั่ง WAIT ปัดตกทันทีค่ะ
2026-08-28 01:12:02+00:00,EURUSD0828011202,EURUSD,WAIT,51.0,5,ML (AB),Dual-Brain AB (ด่าน 1): LightGBM สั่ง WAIT ปัดตกทันทีค่ะ
2026-08-28 01:12:02+00:00,EURUSD0828011202,EURUSD,WAIT,51.0,5,ML (DUAL_BRAIN),Dual-Brain [LightGBM + Chronos] (ด่าน 1): LightGBM สั่ง WAIT ปัดตกทันทีค่ะ
2026-08-28 01:13:02+00:00,EURUSD0828011302,EURUSD,WAIT,52.0,5,ML (AB),Dual-Brain AB (ด่าน 1): LightGBM สั่ง WAIT ปัดตกทันทีค่ะ
2026-08-28 01:13:02+00:00,EURUSD0828011302,EURUSD,WAIT,52.0,5,ML (B),LightGBM: สภาวะตลาดยังไม่ชัดเจน (ความมั่นใจ 52% < 80%) ค่ะ
2026-08-28 01:13:02+00:00,EURUSD0828011302,EURUSD,WAIT,52.0,5,ML (AB),Dual-Brain AB (ด่าน 1): LightGBM สั่ง WAIT ปัดตกทันทีค่ะ
2026-08-28 01:13:02+00:00,EURUSD0828011302,EURUSD,WAIT,52.0,5,ML (AB),Dual-Brain AB (ด่าน 1): LightGBM สั่ง WAIT ปัดตกทันทีค่ะ
2026-08-28 01:13:02+00:00,EURUSD0828011302,EURUSD,WAIT,52.0,5,ML (AB),Dual-Brain AB (ด่าน 1): LightGBM สั่ง WAIT ปัดตกทันทีค่ะ
2026-08-28 01:13:02+00:00,EURUSD0828011302,EURUSD,WAIT,52.0,5,ML (AB),Dual-Brain AB (ด่าน 1): LightGBM สั่ง WAIT ปัดตกทันทีค่ะ
2026-08-28 01:13:02+00:00,EURUSD0828011302,EURUSD,WAIT,52.0,5,ML (DUAL_BRAIN),Dual-Brain [LightGBM + Chronos] (ด่าน 1): LightGBM สั่ง WAIT ปัดตกทันทีค่ะ
2026-08-28 01:13:03+00:00,EURUSD0828011303,EURUSD,WAIT,52.0,5,ML (B),LightGBM: สภาวะตลาดยังไม่ชัดเจน (ความมั่นใจ 52% < 80%) ค่ะ
2026-08-28 01:14:02+00:00,EURUSD0828011402,EURUSD,WAIT,52.0,5,ML (B),LightGBM: สภาวะตลาดยังไม่ชัดเจน (ความมั่นใจ 52% < 80%) ค่ะ
2026-08-28 01:14:02+00:00,EURUSD0828011402,EURUSD,WAIT,52.0,5,ML (B),LightGBM: สภาวะตลาดยังไม่ชัดเจน (ความมั่นใจ 52% < 80%) ค่ะ
2026-08-28 01:14:02+00:00,EURUSD0828011402,EURUSD,WAIT,52.0,5,ML (DUAL_BRAIN),Dual-Brain [LightGBM + Chronos] (ด่าน 1): LightGBM สั่ง WAIT ปัดตกทันทีค่ะ
2026-08-28 01:14:02+00:00,EURUSD0828011402,EURUSD,WAIT,52.0,5,ML (AB),Dual-Brain AB (ด่าน 1): LightGBM สั่ง WAIT ปัดตกทันทีค่ะ
2026-08-28 01:14:02+00:00,EURUSD0828011402,EURUSD,WAIT,52.0,5,ML (AB),Dual-Brain AB (ด่าน 1): LightGBM สั่ง WAIT ปัดตกทันทีค่ะ
2026-08-28 01:14:02+00:00,EURUSD0828011402,EURUSD,WAIT,52.0,5,ML (AB),Dual-Brain AB (ด่าน 1): LightGBM สั่ง WAIT ปัดตกทันทีค่ะ
2026-08-28 01:14:02+00:00,EURUSD0828011402,EURUSD,WAIT,52.0,5,ML (AB),Dual-Brain AB (ด่าน 1): LightGBM สั่ง WAIT ปัดตกทันทีค่ะ
2026-08-28 01:14:02+00:00,EURUSD0828011402,EURUSD,WAIT,52.0,5,ML (AB),Dual-Brain AB (ด่าน 1): LightGBM สั่ง WAIT ปัดตกทันทีค่ะ
2026-08-28 01:14:02+00:00,EURUSD0828011402,EURUSD,WAIT,52.0,5,ML (DUAL_BRAIN),Dual-Brain [LightGBM + Chronos] (ด่าน 1): LightGBM สั่ง WAIT ปัดตกทันทีค่ะ
2026-08-28 01:15:02+00:00,EURUSD0828011502,EURUSD,WAIT,52.0,5,ML (B),LightGBM: สภาวะตลาดยังไม่ชัดเจน (ความมั่นใจ 52% < 80%) ค่ะ
2026-08-28 01:15:02+00:00,EURUSD0828011502,EURUSD,WAIT,52.0,5,ML (AB),Dual-Brain AB (ด่าน 1): LightGBM สั่ง WAIT ปัดตกทันทีค่ะ
2026-08-28 01:15:02+00:00,EURUSD0828011502,EURUSD,WAIT,52.0,5,ML (B),LightGBM: สภาวะตลาดยังไม่ชัดเจน (ความมั่นใจ 52% < 80%) ค่ะ
2026-08-28 01:15:02+00:00,EURUSD0828011502,EURUSD,WAIT,52.0,5,ML (DUAL_BRAIN),Dual-Brain [LightGBM + Chronos] (ด่าน 1): LightGBM สั่ง WAIT ปัดตกทันทีค่ะ
2026-08-28 01:15:02+00:00,EURUSD0828011502,EURUSD,WAIT,52.0,5,ML (AB),Dual-Brain AB (ด่าน 1): LightGBM สั่ง WAIT ปัดตกทันทีค่ะ
2026-08-28 01:15:02+00:00,EURUSD0828011502,EURUSD,WAIT,52.0,5,ML (AB),Dual-Brain AB (ด่าน 1): LightGBM สั่ง WAIT ปัดตกทันทีค่ะ
2026-08-28 01:15:02+00:00,EURUSD0828011502,EURUSD,WAIT,52.0,5,ML (AB),Dual-Brain AB (ด่าน 1): LightGBM สั่ง WAIT ปัดตกทันทีค่ะ
2026-08-28 01:15:02+00:00,EURUSD0828011502,EURUSD,WAIT,52.0,5,ML (AB),Dual-Brain AB (ด่าน 1): LightGBM สั่ง WAIT ปัดตกทันทีค่ะ
2026-08-28 01:16:02+00:00,EURUSD0828011602,EURUSD,WAIT,54.0,5,ML (B),LightGBM: สภาวะตลาดยังไม่ชัดเจน (ความมั่นใจ 54% < 80%) ค่ะ
2026-08-28 01:16:02+00:00,EURUSD0828011602,EURUSD,WAIT,54.0,5,ML (AB),Dual-Brain AB (ด่าน 1): LightGBM สั่ง WAIT ปัดตกทันทีค่ะ
2026-08-28 01:16:02+00:00,EURUSD0828011602,EURUSD,WAIT,54.0,5,ML (AB),Dual-Brain AB (ด่าน 1): LightGBM สั่ง WAIT ปัดตกทันทีค่ะ
2026-08-28 01:16:02+00:00,EURUSD0828011602,EURUSD,WAIT,54.0,5,ML (AB),Dual-Brain AB (ด่าน 1): LightGBM สั่ง WAIT ปัดตกทันทีค่ะ
2026-08-28 01:16:02+00:00,EURUSD0828011602,EURUSD,WAIT,54.0,5,ML (AB),Dual-Brain AB (ด่าน 1): LightGBM สั่ง WAIT ปัดตกทันทีค่ะ
2026-08-28 01:16:02+00:00,EURUSD0828011602,EURUSD,WAIT,54.0,5,ML (AB),Dual-Brain AB (ด่าน 1): LightGBM สั่ง WAIT ปัดตกทันทีค่ะ
2026-08-28 01:16:02+00:00,EURUSD0828011602,EURUSD,WAIT,54.0,5,ML (DUAL_BRAIN),Dual-Brain [LightGBM + Chronos] (ด่าน 1): LightGBM สั่ง WAIT ปัดตกทันทีค่ะ
2026-08-28 01:16:09+00:00,EURUSD0828011609,EURUSD,WAIT,54.0,5,ML (DUAL_BRAIN),Dual-Brain [LightGBM + Chronos] (ด่าน 1): LightGBM สั่ง WAIT ปัดตกทันทีค่ะ
2026-08-28 01:16:05+00:00,EURUSD0828011605,EURUSD,WAIT,54.0,5,ML (DUAL_BRAIN),Dual-Brain [LightGBM + Chronos] (ด่าน 1): LightGBM สั่ง WAIT ปัดตกทันทีค่ะ
2026-08-28 01:17:02+00:00,EURUSD0828011702,EURUSD,WAIT,54.0,5,ML (AB),Dual-Brain AB (ด่าน 1): LightGBM สั่ง WAIT ปัดตกทันทีค่ะ
2026-08-28 01:17:02+00:00,EURUSD0828011702,EURUSD,WAIT,54.0,5,ML (DUAL_BRAIN),Dual-Brain [LightGBM + Chronos] (ด่าน 1): LightGBM สั่ง WAIT ปัดตกทันทีค่ะ
2026-08-28 01:17:02+00:00,EURUSD0828011702,EURUSD,WAIT,54.0,5,ML (DUAL_BRAIN),Dual-Brain [LightGBM + Chronos] (ด่าน 1): LightGBM สั่ง WAIT ปัดตกทันทีค่ะ
2026-08-28 01:17:02+00:00,EURUSD0828011702,EURUSD,WAIT,54.0,5,ML (AB),Dual-Brain AB (ด่าน 1): LightGBM สั่ง WAIT ปัดตกทันทีค่ะ
2026-08-28 01:17:02+00:00,EURUSD0828011702,EURUSD,WAIT,54.0,5,ML (B),LightGBM: สภาวะตลาดยังไม่ชัดเจน (ความมั่นใจ 54% < 80%) ค่ะ
2026-08-28 01:17:02+00:00,EURUSD0828011702,EURUSD,WAIT,54.0,5,ML (DUAL_BRAIN),Dual-Brain [LightGBM + Chronos] (ด่าน 1): LightGBM สั่ง WAIT ปัดตกทันทีค่ะ
2026-08-28 01:17:02+00:00,EURUSD0828011702,EURUSD,WAIT,54.0,5,ML (AB),Dual-Brain AB (ด่าน 1): LightGBM สั่ง WAIT ปัดตกทันทีค่ะ
2026-08-28 01:17:02+00:00,EURUSD0828011702,EURUSD,WAIT,54.0,5,ML (DUAL_BRAIN),Dual-Brain [LightGBM + Chronos] (ด่าน 1): LightGBM สั่ง WAIT ปัดตกทันทีค่ะ
2026-08-28 01:17:02+00:00,EURUSD0828011702,EURUSD,WAIT,54.0,5,ML (AB),Dual-Brain AB (ด่าน 1): LightGBM สั่ง WAIT ปัดตกทันทีค่ะ
2026-08-28 01:17:02+00:00,EURUSD0828011702,EURUSD,WAIT,54.0,5,ML (AB),Dual-Brain AB (ด่าน 1): LightGBM สั่ง WAIT ปัดตกทันทีค่ะ
2026-08-28 01:18:05+00:00,EURUSD0828011805,EURUSD,WAIT,54.0,5,ML (DUAL_BRAIN),Dual-Brain [LightGBM + Chronos] (ด่าน 1): LightGBM สั่ง WAIT ปัดตกทันทีค่ะ
2026-08-28 01:19:05+00:00,EURUSD0828011905,EURUSD,WAIT,54.0,5,ML (DUAL_BRAIN),Dual-Brain [LightGBM + Chronos] (ด่าน 1): LightGBM สั่ง WAIT ปัดตกทันทีค่ะ
2026-08-28 01:20:01+00:00,EURUSD0828012001,EURUSD,WAIT,54.0,5,ML (DUAL_BRAIN),Dual-Brain [LightGBM + Chronos] (ด่าน 1): LightGBM สั่ง WAIT ปัดตกทันทีค่ะ
2026-08-28 01:20:01+00:00,EURUSD0828012001,EURUSD,WAIT,54.0,5,ML (DUAL_BRAIN),Dual-Brain [LightGBM + Chronos] (ด่าน 1): LightGBM สั่ง WAIT ปัดตกทันทีค่ะ
2026-08-28T08:20:01.123456,EURUSD0828082001,EURUSD,CALL,92,2,AI (gemini-3.5-flash-lite),สัญญาณ Breakout แนวต้าน พร้อมวอลุ่มหนุนชัดเจน
2026-08-28T08:52:01.819599,EURUSD0828085201,EURUSD,WAIT,58.0,5,ML (DUAL_BRAIN),Dual-Brain [LightGBM + Chronos] (ด่าน 1): LightGBM สั่ง WAIT ปัดตกทันทีค่ะ
2026-08-28T08:53:04.336209,EURUSD0828085304,EURUSD,WAIT,58.0,5,ML (DUAL_BRAIN),Dual-Brain [LightGBM + Chronos] (ด่าน 1): LightGBM สั่ง WAIT ปัดตกทันทีค่ะ
2026-08-28T08:54:01.898860,EURUSD0828085401,EURUSD,WAIT,58.0,5,ML (DUAL_BRAIN),Dual-Brain [LightGBM + Chronos] (ด่าน 1): LightGBM สั่ง WAIT ปัดตกทันทีค่ะ
2026-08-28T08:55:01.825503,EURUSD0828085501,EURUSD,WAIT,58.0,5,ML (DUAL_BRAIN),Dual-Brain [LightGBM + Chronos] (ด่าน 1): LightGBM สั่ง WAIT ปัดตกทันทีค่ะ
2026-08-28T08:56:04.390216,EURUSD0828085604,EURUSD,WAIT,53.0,5,ML (DUAL_BRAIN),Dual-Brain [LightGBM + Chronos] (ด่าน 1): LightGBM สั่ง WAIT ปัดตกทันทีค่ะ
2026-08-28T08:57:01.877756,EURUSD0828085701,EURUSD,WAIT,53.0,5,ML (DUAL_BRAIN),Dual-Brain [LightGBM + Chronos] (ด่าน 1): LightGBM สั่ง WAIT ปัดตกทันทีค่ะ
2026-08-28T08:58:01.873288,EURUSD0828085801,EURUSD,WAIT,53.0,5,ML (DUAL_BRAIN),Dual-Brain [LightGBM + Chronos] (ด่าน 1): LightGBM สั่ง WAIT ปัดตกทันทีค่ะ
2026-08-28T08:59:01.902968,EURUSD0828085901,EURUSD,WAIT,53.0,5,ML (DUAL_BRAIN),Dual-Brain [LightGBM + Chronos] (ด่าน 1): LightGBM สั่ง WAIT ปัดตกทันทีค่ะ
2026-08-28T09:00:01.860280,EURUSD0828090001,EURUSD,WAIT,53.0,5,ML (DUAL_BRAIN),Dual-Brain [LightGBM + Chronos] (ด่าน 1): LightGBM สั่ง WAIT ปัดตกทันทีค่ะ
2026-08-28T09:01:04.446054,EURUSD0828090104,EURUSD,WAIT,53.0,5,ML (DUAL_BRAIN),Dual-Brain [LightGBM + Chronos] (ด่าน 1): LightGBM สั่ง WAIT ปัดตกทันทีค่ะ
2026-08-28T09:02:01.978698,EURUSD0828090201,EURUSD,WAIT,53.0,5,ML (DUAL_BRAIN),Dual-Brain [LightGBM + Chronos] (ด่าน 1): LightGBM สั่ง WAIT ปัดตกทันทีค่ะ
2026-08-28T09:03:01.863049,EURUSD0828090301,EURUSD,WAIT,53.0,5,ML (DUAL_BRAIN),Dual-Brain [LightGBM + Chronos] (ด่าน 1): LightGBM สั่ง WAIT ปัดตกทันทีค่ะ
2026-08-28T09:04:01.972118,EURUSD0828090401,EURUSD,WAIT,53.0,5,ML (DUAL_BRAIN),Dual-Brain [LightGBM + Chronos] (ด่าน 1): LightGBM สั่ง WAIT ปัดตกทันทีค่ะ
2026-08-28T09:04:01.938424,EURUSD0828090401,EURUSD,CALL,78,2,AI (gemini-3.5-flash-lite),ราคาเข้าใกล้แนวรับสำคัญและ RSI อยู่ในเขต Oversold พร้อมโอกาสเกิด Mean Reversion ในกรอบ Sideway
2026-08-28T09:04:01.938424,EURUSD0828090401,EURUSD,WAIT,53.0,5,ML (DUAL_BRAIN),Dual-Brain [LightGBM + Chronos] (ด่าน 1): LightGBM สั่ง WAIT ปัดตกทันทีค่ะ
2026-08-28T09:05:01.822164,EURUSD0828090501,EURUSD,WAIT,53.0,5,ML (DUAL_BRAIN),Dual-Brain [LightGBM + Chronos] (ด่าน 1): LightGBM สั่ง WAIT ปัดตกทันทีค่ะ
2026-08-28T09:05:04.340415,EURUSD0828090504,EURUSD,WAIT,53.0,5,ML (DUAL_BRAIN),Dual-Brain [LightGBM + Chronos] (ด่าน 1): LightGBM สั่ง WAIT ปัดตกทันทีค่ะ
2026-08-28T09:05:06.292245,EURUSD0828090506,EURUSD,CALL,75,2,AI (gemini-3.5-flash-lite),ราคาเข้าใกล้แนวรับสำคัญ M5 และ RSI ในเขต Oversold พร้อมเกิด Stochastic ตัดขึ้น สนับสนุนกลยุทธ์ Mean Reversion ในกรอบ Sideway
2026-08-28T09:06:01.972246,EURUSD0828090601,EURUSD,WAIT,56.0,5,ML (DUAL_BRAIN),Dual-Brain [LightGBM + Chronos] (ด่าน 1): LightGBM สั่ง WAIT ปัดตกทันทีค่ะ
2026-08-28T09:06:04.419914,EURUSD0828090604,EURUSD,WAIT,56.0,5,ML (DUAL_BRAIN),Dual-Brain [LightGBM + Chronos] (ด่าน 1): LightGBM สั่ง WAIT ปัดตกทันทีค่ะ
2026-08-28T09:06:09.406856,EURUSD0828090609,EURUSD,CALL,78,2,AI (gemini-3.5-flash-lite),RSI ใน M1 และ M5 อยู่ในเขต Oversold อย่างมากประกอบกับ Stochastic ทำ Bullish Crossover ใกล้แนวรับสำคัญ
2026-08-28T09:07:01.850885,EURUSD0828090701,EURUSD,WAIT,56.0,5,ML (DUAL_BRAIN),Dual-Brain [LightGBM + Chronos] (ด่าน 1): LightGBM สั่ง WAIT ปัดตกทันทีค่ะ
2026-08-28T09:07:01.850885,EURUSD0828090701,EURUSD,WAIT,56.0,5,ML (DUAL_BRAIN),Dual-Brain [LightGBM + Chronos] (ด่าน 1): LightGBM สั่ง WAIT ปัดตกทันทีค่ะ
2026-08-28T09:07:09.938295,EURUSD0828090709,EURUSD,CALL,78,2,AI (gemini-3.5-flash-lite),Stochastic ใน M1 และ M5 อยู่ในเขต Oversold พร้อมสัญญาณการกลับตัวบริเวณแนวรับและ Bollinger Band ล่างในตลาด Sideway
2026-08-28T09:08:01.945327,EURUSD0828090801,EURUSD,WAIT,56.0,5,ML (DUAL_BRAIN),Dual-Brain [LightGBM + Chronos] (ด่าน 1): LightGBM สั่ง WAIT ปัดตกทันทีค่ะ
2026-08-28T09:08:11.749294,EURUSD0828090811,EURUSD,CALL,75,2,AI (gemini-3.5-flash-lite),ราคากำลังทดสอบแนวรับล่างของกรอบ Sideway และ Stochastic ใน M5 อยู่ในเขต Oversold มีโอกาสเกิดการรีบาวด์ระยะสั้น
2026-08-28T09:09:01.834469,EURUSD0828090901,EURUSD,WAIT,56.0,5,ML (DUAL_BRAIN),Dual-Brain [LightGBM + Chronos] (ด่าน 1): LightGBM สั่ง WAIT ปัดตกทันทีค่ะ
2026-08-28T09:09:01.894683,EURUSD0828090901,EURUSD,WAIT,56.0,5,ML (DUAL_BRAIN),Dual-Brain [LightGBM + Chronos] (ด่าน 1): LightGBM สั่ง WAIT ปัดตกทันทีค่ะ
2026-08-28T09:09:15.022466,EURUSD0828090915,EURUSD,CALL,72,2,AI (gemini-3.5-flash-lite),ราคาเข้าใกล้แนวรับ Bollinger Band ด้านล่างและเส้น Support ในภาวะ Sideway มีโอกาสรีบาวด์กลับตัวระยะสั้น
2026-08-28T09:10:01.852683,EURUSD0828091001,EURUSD,WAIT,56.0,5,ML (DUAL_BRAIN),Dual-Brain [LightGBM + Chronos] (ด่าน 1): LightGBM สั่ง WAIT ปัดตกทันทีค่ะ
2026-08-28T09:10:01.852683,EURUSD0828091001,EURUSD,WAIT,56.0,5,ML (DUAL_BRAIN),Dual-Brain [LightGBM + Chronos] (ด่าน 1): LightGBM สั่ง WAIT ปัดตกทันทีค่ะ
2026-08-28T09:10:20.774636,EURUSD0828091020,EURUSD,WAIT,45,1,AI (gemini-3.5-flash-lite),ตลาดอยู่ในภาวะ Sideway Range และมีพฤติกรรมการเคลื่อนไหวแบบไร้ทิศทางชัดเจน ความเสี่ยงสูงควรอดทนรอสัญญาณที่ดีกว่า
2026-08-28T09:11:01.955387,EURUSD0828091101,EURUSD,WAIT,53.0,5,ML (DUAL_BRAIN),Dual-Brain [LightGBM + Chronos] (ด่าน 1): LightGBM สั่ง WAIT ปัดตกทันทีค่ะ
2026-08-28T09:11:01.955387,EURUSD0828091101,EURUSD,WAIT,53.0,5,ML (DUAL_BRAIN),Dual-Brain [LightGBM + Chronos] (ด่าน 1): LightGBM สั่ง WAIT ปัดตกทันทีค่ะ
2026-08-28T09:11:17.958439,EURUSD0828091117,EURUSD,CALL,75,2,AI (gemini-3.5-flash-lite),ราคาเข้าใกล้แนวรับ Bollinger Band และ Stochastic อยู่ในเขต Oversold มีโอกาสเกิดการรีบาวด์ระยะสั้น
2026-08-28T09:12:01.830421,EURUSD0828091201,EURUSD,WAIT,53.0,5,ML (DUAL_BRAIN),Dual-Brain [LightGBM + Chronos] (ด่าน 1): LightGBM สั่ง WAIT ปัดตกทันทีค่ะ
2026-08-28T09:12:01.862432,EURUSD0828091201,EURUSD,WAIT,53.0,5,ML (DUAL_BRAIN),Dual-Brain [LightGBM + Chronos] (ด่าน 1): LightGBM สั่ง WAIT ปัดตกทันทีค่ะ
2026-08-28T09:12:22.910502,EURUSD0828091222,EURUSD,CALL,72,2,AI (gemini-3.5-flash-lite),ราคาเข้าใกล้แนวรับ Bollinger Lower และ Stochastic อยู่ในเขต Oversold มีโอกาสเกิดการรีบาวด์ระยะสั้นตามกรอบ Sideway Range
2026-08-28T09:13:01.898324,EURUSD0828091301,EURUSD,WAIT,53.0,5,ML (DUAL_BRAIN),Dual-Brain [LightGBM + Chronos] (ด่าน 1): LightGBM สั่ง WAIT ปัดตกทันทีค่ะ
2026-08-28T09:14:01.820641,EURUSD0828091401,EURUSD,WAIT,53.0,5,ML (DUAL_BRAIN),Dual-Brain [LightGBM + Chronos] (ด่าน 1): LightGBM สั่ง WAIT ปัดตกทันทีค่ะ
2026-08-28T09:14:01.882271,EURUSD0828091401,EURUSD,WAIT,53.0,5,ML (DUAL_BRAIN),Dual-Brain [LightGBM + Chronos] (ด่าน 1): LightGBM สั่ง WAIT ปัดตกทันทีค่ะ
2026-08-28T09:13:23.117783,EURUSD0828091323,EURUSD,CALL,75,2,AI (gemini-3.5-flash-lite),ราคาเข้าใกล้แนวรับ Bollinger Band และ M5 Stoch อยู่ในเขต Oversold มีโอกาสเกิดการรีบาวด์ระยะสั้น
2026-08-28T09:15:01.852667,EURUSD0828091501,EURUSD,WAIT,53.0,5,ML (DUAL_BRAIN),Dual-Brain [LightGBM + Chronos] (ด่าน 1): LightGBM สั่ง WAIT ปัดตกทันทีค่ะ
2026-08-28T09:14:53.270330,EURUSD0828091453,EURUSD,CALL,75,2,AI (gemini-3.5-flash-lite),ราคาลงมาทดสอบกรอบล่างของ Bollinger Bands และ Stoch อยู่ในเขต Oversold มีโอกาสเกิดการรีบาวด์ระยะสั้นตามลักษณะตลาดแบบ Sideway Range
2026-08-28T09:16:02.091454,EURUSD0828091602,EURUSD,WAIT,51.0,5,ML (DUAL_BRAIN),Dual-Brain [LightGBM + Chronos] (ด่าน 1): LightGBM สั่ง WAIT ปัดตกทันทีค่ะ
2026-08-28T09:16:04.592564,EURUSD0828091604,EURUSD,WAIT,51.0,5,ML (DUAL_BRAIN),Dual-Brain [LightGBM + Chronos] (ด่าน 1): LightGBM สั่ง WAIT ปัดตกทันทีค่ะ
2026-08-28T09:20:09.241966,EURUSD0828092009,EURUSD,WAIT,55.0,5,ML (DUAL_BRAIN),Dual-Brain [LightGBM + Chronos] (ด่าน 1): LightGBM สั่ง WAIT ปัดตกทันทีค่ะ
2026-08-28T09:44:05.220567,EURUSD0828094405,EURUSD,WAIT,50.0,5,ML (DUAL_BRAIN),Dual-Brain [LightGBM + Chronos] (ด่าน 1): LightGBM สั่ง WAIT ปัดตกทันทีค่ะ
2026-08-30T04:44:01.910087,EURUSD0830044401,EURUSD,WAIT,45,1,AI (gemini-3.5-flash-lite),ข้อมูลมีความขัดแย้งระหว่าง Timeframe และรูปแบบราคาแสดงสัญญาณหลอก (Stop Hunt) ควรออรอดูสถานการณ์
2026-08-30T04:45:10.146158,EURUSD0830044510,EURUSD,WAIT,40,1,AI (gemini-3.5-flash-lite),ตลาดอยู่ในภาวะสะสมตัวและมีความขัดแย้งของกรอบเวลา (MTF Alignment ต่ำเพียง 33%) พร้อมสัญญาณเตือน Stop Hunt ควรหลีกเลี่ยง
2026-08-30T04:46:27.851609,EURUSD0830044627,EURUSD,WAIT,40,1,AI (gemini-3.5-flash-lite),ตลาดอยู่ในภาวะสะสมตัวและมีความขัดแย้งของกรอบเวลาและสัญญาณความผันผวนสูง จึงควรหลีกเลี่ยงการเทรด
2026-09-04T17:30:04.138186,EURUSD0904173004,EURUSD,WAIT,55.0,5,ML (DUAL_BRAIN),Dual-Brain [LightGBM + Chronos] (ด่าน 1): LightGBM สั่ง WAIT ปัดตกทันทีค่ะ
2026-09-04T17:31:18.894136,EURUSD0904173118,EURUSD,WAIT,50.0,5,ML (DUAL_BRAIN),Dual-Brain [LightGBM + Chronos] (ด่าน 1): LightGBM สั่ง WAIT ปัดตกทันทีค่ะ
2026-09-04T17:32:03.265519,EURUSD0904173203,EURUSD,WAIT,50.0,5,ML (DUAL_BRAIN),Dual-Brain [LightGBM + Chronos] (ด่าน 1): LightGBM สั่ง WAIT ปัดตกทันทีค่ะ
2026-09-04T17:33:03.343688,EURUSD0904173303,EURUSD,WAIT,50.0,5,ML (DUAL_BRAIN),Dual-Brain [LightGBM + Chronos] (ด่าน 1): LightGBM สั่ง WAIT ปัดตกทันทีค่ะ
2026-09-04T21:53:09.131554,EURUSD0904215309,EURUSD,WAIT,51.0,5,ML (DUAL_BRAIN),Dual-Brain [LightGBM + Chronos] (ด่าน 1): LightGBM สั่ง WAIT ปัดตกทันทีค่ะ
